<?xml version="1.0" encoding="us-ascii"?>
<Catalog>
    <CAchievementTermUnitDeath id="Combat_Mechanic_HighYieldPurifier">
        <Unit value="PurifierRichMineralField"/>
    </CAchievementTermUnitDeath>
    <CAchievementTermUnitDeath id="Combat_Mechanic_HighYield900Purifier">
        <Unit value="PurifierRichMineralField750"/>
    </CAchievementTermUnitDeath>
    <CAchievementTermCombine id="Combat_Mechanic_HighYield_Combine">
        <ChildTable value="Combat_Mechanic_HighYield900Purifier"/>
        <ChildTable value="Combat_Mechanic_HighYieldPurifier"/>
    </CAchievementTermCombine>
</Catalog>
