<?xml version="1.0" encoding="us-ascii"?>
<Catalog>
    <CButton id="Arbiter">
        <Icon value="Assets\Textures\btn-unit-protoss-frigate.dds"/>
        <AlertIcon value="Assets\Textures\btn-unit-protoss-frigate.dds"/>
    </CButton>
    <CButton id="ArbiterMPStasisField">
        <Icon value="Assets\Textures\btn-ability-protoss-forcefield-color.dds"/>
        <AlertIcon value="Assets\Textures\btn-ability-protoss-forcefield-color.dds"/>
    </CButton>
    <CButton id="ArmorpiercingMode">
        <Icon value="Assets\Textures\btn-unit-terran-thorsiegemode.dds"/>
        <AlertIcon value="Assets\Textures\btn-unit-terran-thorsiegemode.dds"/>
        <HotkeySet value="ThorModes"/>
        <Universal value="1"/>
    </CButton>
    <CButton id="OracleAttack">
        <Tooltip value="Button/Tooltip/Attack"/>
        <Icon value="Assets\Textures\btn-command-attack.dds"/>
        <AlertTooltip value="Button/Tooltip/Attack"/>
        <AlertIcon value="Assets\Textures\btn-command-attack.dds"/>
        <Hotkey value="Button/Hotkey/Attack"/>
        <TintRacially value="1"/>
        <Universal value="1"/>
    </CButton>
    <CButton id="EvolveFlyingLocusts">
        <Icon value="Assets\Textures\btn-unit-zerg-locustflyer.dds"/>
        <AlertIcon value="Assets\Textures\btn-unit-zerg-locustflyer.dds"/>
        <EditorCategories value="Race:Zerg"/>
    </CButton>
    <CButton id="FlyingLocusts">
        <Icon value="Assets\Textures\btn-unit-zerg-locustflyer.dds"/>
        <AlertIcon value="Assets\Textures\btn-unit-zerg-locustflyer.dds"/>
        <EditorCategories value="Race:Zerg"/>
    </CButton>
    <CButton id="ImmortalOverload">
        <Icon value="Assets\Textures\btn-ability-protoss-invulnerabilityshield.dds"/>
        <AlertIcon value="Assets\Textures\btn-ability-protoss-invulnerabilityshield.dds"/>
        <EditorCategories value="Race:Protoss"/>
    </CButton>
    <CButton id="LocustMPFlyingSwoop">
        <Icon value="Assets\Textures\btn-ability-neutral-ursadonleap.dds"/>
        <AlertIcon value="Assets\Textures\btn-ability-neutral-ursadonleap.dds"/>
        <EditorCategories value="Race:Zerg"/>
    </CButton>
    <CButton id="LurkerMP"/>
    <CButton id="PermanentlyCloakedStasis">
        <Icon value="Assets\Textures\BTN-ability-Protoss-permanentlycloaked-Observer-color.dds"/>
        <AlertIcon value="Assets\Textures\BTN-ability-Protoss-permanentlycloaked-Observer-color.dds"/>
        <EditorCategories value="Race:Protoss"/>
        <HotkeyAlias value="PermanentlyCloakedObserver"/>
    </CButton>
    <CButton id="Ravager">
        <Icon value="Assets\Textures\btn-unit-zerg-ravager.dds"/>
        <AlertIcon value="Assets\Textures\btn-unit-zerg-ravager.dds"/>
        <EditorCategories value="Race:Zerg"/>
    </CButton>
    <CButton id="OracleCloakingFieldTargeted">
        <Icon value="Assets\Textures\btn-ability-protoss-timewarp.dds"/>
        <AlertIcon value="Assets\Textures\btn-ability-protoss-timewarp.dds"/>
        <EditorCategories value="Race:Protoss"/>
    </CButton>
    <CButton id="OraclePhaseShift">
        <Icon value="Assets\Textures\btn-ability-protoss-phaseshift2.dds"/>
        <AlertIcon value="Assets\Textures\btn-ability-protoss-phaseshift2.dds"/>
        <EditorCategories value="Race:Protoss"/>
    </CButton>
    <CButton id="ReleaseInterceptors">
        <Icon value="Assets\Textures\btn-ability-terran-unloadall.dds"/>
        <AlertIcon value="Assets\Textures\btn-ability-terran-unloadall.dds"/>
        <EditorCategories value="Race:Protoss"/>
        <TintRacially value="1"/>
    </CButton>
    <CButton id="RavagerCorrosiveBile">
        <Icon value="Assets\Textures\btn-ability-zerg-corrosivebile.dds"/>
        <AlertIcon value="Assets\Textures\btn-ability-zerg-corrosivebile.dds"/>
        <EditorCategories value="Race:Zerg"/>
    </CButton>
    <CButton id="CorruptionBomb">
        <Icon value="Assets\Textures\btn-ability-zerg-banelingspooge.dds"/>
        <AlertIcon value="Assets\Textures\btn-ability-zerg-banelingspooge.dds"/>
    </CButton>
    <CButton id="Corsair">
        <Icon value="Assets\Textures\btn-missing-kaeo.dds"/>
        <AlertIcon value="Assets\Textures\btn-missing-kaeo.dds"/>
    </CButton>
    <CButton id="CorsairMPDisruptionWeb">
        <Icon value="Assets\Textures\btn-ability-protoss-disruptionweb.dds"/>
        <AlertIcon value="Assets\Textures\btn-ability-protoss-disruptionweb.dds"/>
    </CButton>
    <CButton id="ArbiterMPRecall">
        <Icon value="Assets\Textures\btn-ability-protoss-massrecall.dds"/>
        <AlertIcon value="Assets\Textures\btn-ability-protoss-massrecall.dds"/>
        <EditorCategories value="Race:Protoss"/>
    </CButton>
    <CButton id="Impale">
        <Icon value="Assets\Textures\btn-upgrade-zerg-seismicspines.dds"/>
        <AlertIcon value="Assets\Textures\btn-upgrade-zerg-seismicspines.dds"/>
        <EditorCategories value="Race:Zerg"/>
    </CButton>
    <CButton id="LockOn">
        <Icon value="Assets\Textures\btn-ability-terran-lockon.dds"/>
        <AlertIcon value="Assets\Textures\btn-ability-terran-lockon.dds"/>
        <EditorCategories value="Race:Terran"/>
    </CButton>
    <CButton id="LockOnAir">
        <Icon value="Assets\Textures\btn-ability-terran-surfacetoairtargeting.dds"/>
        <AlertIcon value="Assets\Textures\btn-ability-terran-surfacetoairtargeting.dds"/>
        <EditorCategories value="Race:Terran"/>
    </CButton>
    <CButton id="LockOnCancel">
        <Icon value="Assets\Textures\btn-command-cancel.dds"/>
        <AlertIcon value="Assets\Textures\btn-command-cancel.dds"/>
        <EditorCategories value="Race:Terran"/>
        <TintRacially value="1"/>
        <HotkeyAlias value="Cancel"/>
        <Universal value="1"/>
    </CButton>
    <CButton id="CycloneLockOnAir">
        <Icon value="Assets\Textures\btn-ability-terran-surfacetoairtargeting.dds"/>
        <AlertIcon value="Assets\Textures\btn-ability-terran-surfacetoairtargeting.dds"/>
        <EditorCategories value="Race:Terran"/>
    </CButton>
    <CButton id="CycloneResearchLockOnAir">
        <Icon value="Assets\Textures\btn-ability-terran-surfacetoairtargeting.dds"/>
        <AlertIcon value="Assets\Textures\btn-ability-terran-surfacetoairtargeting.dds"/>
        <EditorCategories value="Race:Terran"/>
    </CButton>
    <CButton id="PurificationNova">
        <Icon value="Assets\Textures\BTN-Ability-Protoss-PurificationNova.dds"/>
        <AlertIcon value="Assets\Textures\BTN-Ability-Protoss-PurificationNova.dds"/>
    </CButton>
    <CButton id="PurificationNovaTargeted">
        <Icon value="Assets\Textures\BTN-Ability-Protoss-PurificationNova.dds"/>
        <AlertIcon value="Assets\Textures\BTN-Ability-Protoss-PurificationNova.dds"/>
    </CButton>
    <CButton id="QueenMPEnsnare">
        <Icon value="Assets\Textures\btn-ability-zerg-fungalgrowth-color.dds"/>
        <AlertIcon value="Assets\Textures\btn-ability-zerg-fungalgrowth-color.dds"/>
    </CButton>
    <CButton id="QueenMPInfestCommandCenter">
        <Icon value="Assets\Textures\btn-building-terran-commandcenter.dds"/>
        <AlertIcon value="Assets\Textures\btn-building-terran-commandcenter.dds"/>
    </CButton>
    <CButton id="QueenMPSpawnBroodlings">
        <Icon value="Assets\Textures\btn-ability-zerg-swarmseeds-color.dds"/>
        <AlertIcon value="Assets\Textures\btn-ability-zerg-swarmseeds-color.dds"/>
    </CButton>
    <CButton id="ResearchImmortalRevive">
        <Icon value="Assets\Textures\btn-techupgrade-terran-immortalityprotocol.dds"/>
        <AlertIcon value="Assets\Textures\btn-techupgrade-terran-immortalityprotocol.dds"/>
        <EditorCategories value="Race:Protoss"/>
    </CButton>
    <CButton id="RoachSupply">
        <Icon value="Assets\Textures\btn-unit-zerg-roachlings.dds"/>
        <AlertIcon value="Assets\Textures\btn-unit-zerg-roachlings.dds"/>
        <EditorCategories value="Race:Zerg"/>
    </CButton>
    <CButton id="Scout">
        <Icon value="Assets\Textures\btn-missing-kaeo.dds"/>
        <AlertIcon value="Assets\Textures\btn-missing-kaeo.dds"/>
    </CButton>
    <CButton id="EvolveOrganicCarapace">
        <HotkeyAlias value=""/>
    </CButton>
    <CButton id="ExplosiveMode">
        <Icon value="Assets\Textures\btn-unit-terran-thor.dds"/>
        <AlertIcon value="Assets\Textures\btn-unit-terran-thor.dds"/>
        <HotkeySet value="ThorModes"/>
        <Universal value="1"/>
    </CButton>
    <CButton id="Hyperjump">
        <Icon value="Assets\Textures\btn-ability-terran-warpjump.dds"/>
        <AlertIcon value="Assets\Textures\btn-ability-terran-warpjump.dds"/>
    </CButton>
    <CButton id="LightofAiur">
        <Icon value="Assets\Textures\btn-ability-protoss-envision.dds"/>
        <AlertIcon value="Assets\Textures\btn-ability-protoss-envision.dds"/>
        <EditorCategories value="Race:Neutral"/>
    </CButton>
    <CButton id="MedivacSpeedBoost">
        <Icon value="Assets\Textures\BTN-Upgrade-Terran-MedivacEmergencyThrusters.dds"/>
        <AlertIcon value="Assets\Textures\BTN-Upgrade-Terran-MedivacEmergencyThrusters.dds"/>
    </CButton>
    <CButton id="MothershipMassRecall">
        <Icon value="Assets\Textures\btn-ability-protoss-massrecall.dds"/>
        <AlertIcon value="Assets\Textures\btn-ability-protoss-massrecall.dds"/>
    </CButton>
    <CButton id="MutaliskRegeneration">
        <Icon value="Assets\Textures\BTN-Upgrade-Zerg-RapidRegeneration.dds"/>
        <AlertIcon value="Assets\Textures\BTN-Upgrade-Zerg-RapidRegeneration.dds"/>
    </CButton>
    <CButton id="OracleWeaponOff">
        <Icon value="Assets\Textures\BTN-Ability-Protoss-OraclePulsarCannonOff.dds"/>
        <AlertIcon value="Assets\Textures\BTN-Ability-Protoss-OraclePulsarCannonOff.dds"/>
    </CButton>
    <CButton id="OracleWeaponOn">
        <Icon value="Assets\Textures\BTN-Ability-Protoss-OraclePulsarCannonOn.dds"/>
        <AlertIcon value="Assets\Textures\BTN-Ability-Protoss-OraclePulsarCannonOn.dds"/>
    </CButton>
    <CButton id="Overcharge">
        <Icon value="Assets\Textures\btn-ability-protoss-arcshield.dds"/>
        <AlertIcon value="Assets\Textures\btn-ability-protoss-arcshield.dds"/>
    </CButton>
    <CButton id="PulsarCannon">
        <Icon value="Assets\Textures\btn-ability-protoss-purify.dds"/>
        <AlertIcon value="Assets\Textures\btn-ability-protoss-purify.dds"/>
    </CButton>
    <CButton id="ResearchDrillClaws">
        <Icon value="Assets\Textures\BTN-Upgrade-Terran-ResearchDrillingClaws.dds"/>
        <AlertIcon value="Assets\Textures\BTN-Upgrade-Terran-ResearchDrillingClaws.dds"/>
        <EditorCategories value="Race:Terran"/>
    </CButton>
    <CButton id="RipField">
        <Icon value="Assets\Textures\btn-ability-protoss-prismaticbeam-color.dds"/>
        <AlertIcon value="Assets\Textures\btn-ability-protoss-prismaticbeam-color.dds"/>
    </CButton>
    <CButton id="BuildCyclone">
        <Icon value="Assets\Textures\btn-unit-terran-cyclone.dds"/>
        <AlertIcon value="Assets\Textures\btn-unit-terran-cyclone.dds"/>
        <EditorCategories value="Race:Terran"/>
    </CButton>
    <CButton id="TemporalField">
        <Icon value="Assets\Textures\btn-ability-protoss-timewarp.dds"/>
        <AlertIcon value="Assets\Textures\btn-ability-protoss-timewarp.dds"/>
        <EditorCategories value="Race:Protoss"/>
    </CButton>
    <CButton id="VoidRaySwarmDamageBoost">
        <Icon value="Assets\Textures\BTN-Ability-Protoss-VoidRayPrismaticAlignment.dds"/>
        <AlertIcon value="Assets\Textures\BTN-Ability-Protoss-VoidRayPrismaticAlignment.dds"/>
        <EditorCategories value="Race:Protoss"/>
    </CButton>
    <CButton id="VoidSwarmHostSpawnLocust">
        <Icon value="Assets\Textures\btn-unit-zerg-locust.dds"/>
        <AlertIcon value="Assets\Textures\btn-unit-zerg-locust.dds"/>
        <EditorCategories value="Race:Zerg"/>
    </CButton>
    <CButton id="VortexKO">
        <Icon value="Assets\Textures\BTN-Ability-Protoss-Blackhole-color.dds"/>
        <AlertIcon value="Assets\Textures\BTN-Ability-Protoss-Blackhole-color.dds"/>
        <EditorCategories value="Race:Protoss"/>
    </CButton>
    <CButton id="WarpinDisruptor">
        <Icon value="Assets\Textures\Btn-unit-protoss-disruptor.dds"/>
        <AlertIcon value="Assets\Textures\Btn-unit-protoss-disruptor.dds"/>
    </CButton>
    <CButton id="WeaponsFree"/>
    <CButton id="TerranVehicleAndShipWeaponsLevel1">
        <Icon value="Assets\Textures\btn-upgrade-terran-vehicleweaponslevel1.dds"/>
        <AlertIcon value="Assets\Textures\btn-upgrade-terran-vehicleweaponslevel1.dds"/>
        <EditorCategories value="Race:Terran"/>
    </CButton>
    <CButton id="TerranVehicleAndShipWeaponsLevel2">
        <Icon value="Assets\Textures\btn-upgrade-terran-vehicleweaponslevel2.dds"/>
        <AlertIcon value="Assets\Textures\btn-upgrade-terran-vehicleweaponslevel2.dds"/>
        <EditorCategories value="Race:Terran"/>
        <Hotkey value="Button/Hotkey/TerranVehicleAndShipWeaponsLevel1"/>
        <HotkeyAlias value="TerranVehicleAndShipWeaponsLevel1"/>
    </CButton>
    <CButton id="TerranVehicleAndShipWeaponsLevel3">
        <Icon value="Assets\Textures\btn-upgrade-terran-vehicleweaponslevel3.dds"/>
        <AlertIcon value="Assets\Textures\btn-upgrade-terran-vehicleweaponslevel3.dds"/>
        <EditorCategories value="Race:Terran"/>
        <Hotkey value="Button/Hotkey/TerranVehicleAndShipWeaponsLevel1"/>
        <HotkeyAlias value="TerranVehicleAndShipWeaponsLevel1"/>
    </CButton>
    <CButton id="TerranVehicleAndShipPlatingLevel1">
        <Icon value="Assets\Textures\btn-upgrade-terran-vehicleplatinglevel1.dds"/>
        <AlertIcon value="Assets\Textures\btn-upgrade-terran-vehicleplatinglevel1.dds"/>
        <EditorCategories value="Race:Terran"/>
    </CButton>
    <CButton id="TerranVehicleAndShipPlatingLevel2">
        <Icon value="Assets\Textures\btn-upgrade-terran-vehicleplatinglevel2.dds"/>
        <AlertIcon value="Assets\Textures\btn-upgrade-terran-vehicleplatinglevel2.dds"/>
        <EditorCategories value="Race:Terran"/>
        <Hotkey value="Button/Hotkey/TerranVehicleAndShipPlatingLevel1"/>
        <HotkeyAlias value="TerranVehicleAndShipPlatingLevel1"/>
    </CButton>
    <CButton id="TerranVehicleAndShipPlatingLevel3">
        <Icon value="Assets\Textures\btn-upgrade-terran-vehicleplatinglevel3.dds"/>
        <AlertIcon value="Assets\Textures\btn-upgrade-terran-vehicleplatinglevel3.dds"/>
        <EditorCategories value="Race:Terran"/>
        <Hotkey value="Button/Hotkey/TerranVehicleAndShipPlatingLevel1"/>
        <HotkeyAlias value="TerranVehicleAndShipPlatingLevel1"/>
    </CButton>
    <CButton id="CorrosiveParasite">
        <Icon value="Assets\Textures\btn-upgrade-zerg-enduringcorruption.dds"/>
        <AlertIcon value="Assets\Textures\btn-upgrade-zerg-enduringcorruption.dds"/>
    </CButton>
    <CButton id="Ensnare">
        <Icon value="Assets\Textures\btn-ability-zerg-fungalgrowth-color.dds"/>
        <AlertIcon value="Assets\Textures\btn-ability-zerg-fungalgrowth-color.dds"/>
        <EditorCategories value="Race:Zerg"/>
    </CButton>
    <CButton id="LaunchDefenders">
        <AlertIcon value="Assets\Textures\btn-unit-terran-griffon.dds"/>
        <Icon value="Assets\Textures\btn-unit-terran-griffon.dds"/>
    </CButton>
    <CButton id="VoidMPImmortalRevive">
        <Icon value="Assets\Textures\btn-techupgrade-terran-immortalityprotocol.dds"/>
        <AlertIcon value="Assets\Textures\btn-techupgrade-terran-immortalityprotocol.dds"/>
        <EditorCategories value="Race:Protoss"/>
    </CButton>
    <CButton id="MorphtoOverlordTransport">
        <Icon value="Assets\Textures\btn-unit-zerg-overlordtransport.dds"/>
        <AlertIcon value="Assets\Textures\btn-unit-zerg-overlordtransport.dds"/>
        <EditorCategories value="Race:Zerg"/>
    </CButton>
    <CButton id="MorphToGuardianMP">
        <Icon value="Assets\Textures\btn-unit-zerg-primalguardian.dds"/>
        <AlertIcon value="Assets\Textures\btn-unit-zerg-primalguardian.dds"/>
        <EditorCategories value="Race:Zerg"/>
    </CButton>
    <CButton id="MorphToDevourerMP">
        <Icon value="Assets\Textures\btn-unit-zerg-primalguardian.dds"/>
        <AlertIcon value="Assets\Textures\btn-unit-zerg-primalguardian.dds"/>
        <EditorCategories value="Race:Zerg"/>
    </CButton>
    <CButton id="DefilerMPConsume">
        <EditorCategories value="Race:Zerg"/>
        <Icon value="Assets\Textures\btn-ability-zerg-consume.dds"/>
        <AlertIcon value="Assets\Textures\btn-ability-zerg-consume.dds"/>
    </CButton>
    <CButton id="DefilerMPDarkSwarm">
        <Icon value="Assets\Textures\btn-ability-zerg-darkswarm.dds"/>
        <AlertIcon value="Assets\Textures\btn-ability-zerg-darkswarm.dds"/>
        <EditorCategories value="Race:Zerg"/>
    </CButton>
    <CButton id="DefilerMPPlague">
        <Icon value="Assets\Textures\btn-ability-zerg-defilerplague.dds"/>
        <AlertIcon value="Assets\Textures\btn-ability-zerg-defilerplague.dds"/>
        <EditorCategories value="Race:Zerg"/>
    </CButton>
    <CButton id="LightningBomb">
        <Icon value="Assets\Textures\btn-ability-protoss-disintegration.dds"/>
        <AlertIcon value="Assets\Textures\btn-ability-protoss-disintegration.dds"/>
        <EditorCategories value="Race:Protoss"/>
    </CButton>
    <CButton id="Grapple">
        <Icon value="Assets\Textures\btn-tips-terran-penetrator.dds"/>
        <AlertIcon value="Assets\Textures\btn-tips-terran-penetrator.dds"/>
        <EditorCategories value="Race:Protoss"/>
    </CButton>
    <CButton id="HERC">
        <Icon value="Assets\Textures\btn-unit-terran-herc.dds"/>
        <AlertIcon value="Assets\Textures\btn-unit-terran-herc.dds"/>
        <EditorCategories value="Race:Terran"/>
    </CButton>
    <CButton id="TrainHERC">
        <Icon value="Assets\Textures\btn-unit-terran-herc.dds"/>
        <AlertIcon value="Assets\Textures\btn-unit-terran-herc.dds"/>
        <EditorCategories value="Race:Terran"/>
    </CButton>
    <CButton id="CausticSpray">
        <Icon value="Assets\Textures\btn-ability-zerg-causticspray.dds"/>
        <AlertIcon value="Assets\Textures\btn-ability-zerg-causticspray.dds"/>
        <EditorCategories value="Race:Zerg"/>
    </CButton>
    <CButton id="OracleBuildStasisTrap">
        <Icon value="Assets\Textures\btn-ability-protoss-oracle-stasisward.dds"/>
        <AlertIcon value="Assets\Textures\btn-ability-protoss-oracle-stasisward.dds"/>
        <EditorCategories value="Race:Protoss"/>
    </CButton>
    <CButton id="ActivateStasisWard">
        <Icon value="Assets\Textures\btn-ability-protoss-stasistrap.dds"/>
        <AlertIcon value="Assets\Textures\btn-ability-protoss-stasistrap.dds"/>
        <EditorCategories value="Race:Protoss"/>
    </CButton>
    <CButton id="AggressiveMutation">
        <Icon value="Assets\Textures\btn-ability-kerrigan-wildmutation.dds"/>
        <AlertIcon value="Assets\Textures\btn-ability-kerrigan-wildmutation.dds"/>
        <EditorCategories value="Race:Zerg"/>
    </CButton>
    <CButton id="SelfRepair">
        <Icon value="Assets\Textures\btn-techupgrade-terran-immortalityprotocol.dds"/>
        <AlertIcon value="Assets\Textures\btn-techupgrade-terran-immortalityprotocol.dds"/>
        <EditorCategories value="Race:Terran"/>
        <TintRacially value="1"/>
    </CButton>
    <CButton id="LurkerCancelHoldFire">
        <Icon value="Assets\Textures\btn-ability-terran-weaponsfree.dds"/>
        <AlertIcon value="Assets\Textures\btn-ability-terran-weaponsfree.dds"/>
        <EditorCategories value="Race:Zerg"/>
        <TintRacially value="1"/>
    </CButton>
    <CButton id="LurkerHoldFire">
        <Icon value="Assets\Textures\btn-ability-terran-holdfire.dds"/>
        <AlertIcon value="Assets\Textures\btn-ability-terran-holdfire.dds"/>
        <EditorCategories value="Race:Zerg"/>
        <TintRacially value="1"/>
    </CButton>
    <CButton id="BansheeSpeed">
        <Icon value="Assets\Textures\btn-upgrade-terran-hyperflightrotors.dds"/>
        <AlertIcon value="Assets\Textures\btn-upgrade-terran-hyperflightrotors.dds"/>
        <EditorCategories value="Race:Terran"/>
    </CButton>
    <CButton id="MutateintoLurkerDen">
        <Icon value="Assets\Textures\btn-building-zerg-lurkerden.dds"/>
        <AlertIcon value="Assets\Textures\btn-building-zerg-lurkerden.dds"/>
        <EditorCategories value="Race:Zerg"/>
    </CButton>
    <CButton id="ResearchLockOnRangeUpgrade">
        <Icon value="Assets\Textures\btn-upgrade-swann-targetingoptics.dds"/>
        <AlertIcon value="Assets\Textures\btn-upgrade-swann-targetingoptics.dds"/>
    </CButton>
    <CButton id="ResearchLurkerRange">
        <Icon value="Assets\Textures\btn-upgrade-kerrigan-seismicspines.dds"/>
        <AlertIcon value="Assets\Textures\btn-upgrade-kerrigan-siesmicspines.dds"/>
        <EditorCategories value="Race:Zerg"/>
    </CButton>
    <CButton id="DisruptorHallucination">
        <Icon value="Assets\Textures\btn-unit-protoss-disruptor.dds"/>
        <AlertIcon value="Assets\Textures\btn-unit-protoss-disruptor.dds"/>
        <EditorCategories value="Race:Protoss"/>
    </CButton>
    <CButton id="AdeptHallucination">
        <Icon value="Assets\Textures\btn-unit-protoss-adept.dds"/>
        <AlertIcon value="Assets\Textures\btn-unit-protoss-adept.dds"/>
        <EditorCategories value="Race:Protoss"/>
    </CButton>
    <CButton id="ParasiticBomb">
        <Icon value="Assets\Textures\btn-ability-zerg-parasiticbomb.dds"/>
        <EditorCategories value="Race:Zerg"/>
    </CButton>
    <CButton id="ResearchBarrier">
        <Icon value="Assets\Textures\btn-ability-protoss-invulnerabilityshield.dds"/>
        <AlertIcon value="Assets\Textures\btn-ability-protoss-invulnerabilityshield.dds"/>
        <EditorCategories value="Race:Protoss"/>
    </CButton>
    <CButton id="AdeptPhaseShift">
        <Icon value="Assets\Textures\btn-ability-protoss-psionictransfer.dds"/>
        <AlertIcon value="Assets\Textures\btn-ability-protoss-psionictransfer.dds"/>
        <EditorCategories value="Race:Protoss"/>
    </CButton>
    <CButton id="ResearchAdeptKillBounce">
        <Icon value="Assets\Textures\btn-techupgrade-terran-consumption.dds"/>
        <AlertIcon value="Assets\Textures\btn-techupgrade-terran-consumption.dds"/>
        <EditorCategories value="Race:Protoss"/>
    </CButton>
    <CButton id="AdeptKillBounce">
        <Icon value="Assets\Textures\btn-techupgrade-terran-consumption.dds"/>
        <AlertIcon value="Assets\Textures\btn-techupgrade-terran-consumption.dds"/>
        <EditorCategories value="Race:Protoss"/>
    </CButton>
    <CButton id="WarpInAdept">
        <Icon value="Assets\Textures\btn-unit-protoss-adept.dds"/>
        <AlertIcon value="Assets\Textures\btn-unit-protoss-adept.dds"/>
    </CButton>
    <CButton id="BurrowedMove">
        <EditorCategories value="Race:Zerg"/>
        <Icon value="Assets\Textures\btn-upgrade-zerg-burrowmove.dds"/>
    </CButton>
    <CButton id="Liberator">
        <Icon value="Assets\Textures\btn-unit-terran-liberator.dds"/>
        <AlertIcon value="Assets\Textures\btn-unit-terran-liberator.dds"/>
        <EditorCategories value="Race:Terran"/>
    </CButton>
    <CButton id="LiberatorAGMode">
        <Icon value="Assets\Textures\btn-ability-terran-liberator-agmode.dds"/>
        <AlertIcon value="Assets\Textures\btn-ability-terran-liberator-agmode.dds"/>
        <EditorCategories value="Race:Terran"/>
    </CButton>
    <CButton id="LiberatorAAMode">
        <Icon value="Assets\Textures\btn-ability-terran-liberator-aamode.dds"/>
        <AlertIcon value="Assets\Textures\btn-ability-terran-liberator-aamode.dds"/>
        <EditorCategories value="Race:Terran"/>
    </CButton>
    <CButton id="ResearchLiberatorAGMode">
        <Icon value="Assets\Textures\btn-upgrade-terran-liberator-agmode.dds"/>
        <AlertIcon value="Assets\Textures\btn-upgrade-terran-liberator-agmode.dds"/>
        <EditorCategories value="Race:Terran"/>
    </CButton>
    <CButton id="TimeStop">
        <Icon value="Assets\Textures\btn-ability-protoss-timebomb.dds"/>
        <AlertIcon value="Assets\Textures\btn-ability-protoss-timebomb.dds"/>
        <EditorCategories value="Race:Protoss"/>
    </CButton>
    <CButton id="KD8Charge">
        <Icon value="Assets\Textures\btn-upgrade-terran-kd8chargeex3.dds"/>
        <AlertIcon value="Assets\Textures\btn-upgrade-terran-kd8chargeex3.dds"/>
        <EditorCategories value="Race:Terran"/>
    </CButton>
    <CButton id="PenetratingShot">
        <Icon value="Assets\Textures\btn-ability-terran-penetratorround.dds"/>
        <AlertIcon value="Assets\Textures\btn-ability-terran-penetratorround.dds"/>
        <EditorCategories value="Race:Terran"/>
    </CButton>
    <CButton id="CloakingDrone">
        <EditorCategories value="Race:Terran"/>
        <Icon value="Assets\Textures\btn-techupgrade-terran-nyxcloakingclassmodule.dds"/>
    </CButton>
    <CButton id="ResearchAdeptShieldUpgrade">
        <Icon value="Assets\Textures\BTN-Upgrade-Protoss-AdeptShieldUpgrade.dds"/>
        <AlertIcon value="Assets\Textures\BTN-Upgrade-Protoss-AdeptShieldUpgrade.dds"/>
        <EditorCategories value="Race:Protoss"/>
    </CButton>
    <CButton id="AdeptShieldUpgrade">
        <Icon value="Assets\Textures\BTN-Upgrade-Protoss-AdeptShieldUpgrade.dds"/>
        <AlertIcon value="Assets\Textures\BTN-Upgrade-Protoss-AdeptShieldUpgrade.dds"/>
        <EditorCategories value="Race:Protoss"/>
        <Tooltip value="Button/Tooltip/ResearchAdeptShieldUpgrade"/>
        <AlertTooltip value="Button/Tooltip/ResearchAdeptShieldUpgrade"/>
    </CButton>
    <CButton id="AdeptPiercingUpgrade">
        <Icon value="Assets\Textures\btn-upgrade-protoss-resonatingglaives.dds"/>
        <AlertIcon value="Assets\Textures\btn-upgrade-protoss-resonatingglaives.dds"/>
        <EditorCategories value="Race:Protoss"/>
    </CButton>
    <CButton id="AdeptResearchPiercingUpgrade">
        <Icon value="Assets\Textures\btn-upgrade-protoss-resonatingglaives.dds"/>
        <AlertIcon value="Assets\Textures\btn-upgrade-protoss-resonatingglaives.dds"/>
        <EditorCategories value="Race:Protoss"/>
    </CButton>
    <CButton id="CycloneResearchLockOnDamageUpgrade">
        <Icon value="Assets\Textures\btn-upgrade-terran-magfieldaccelerator.dds"/>
        <AlertIcon value="Assets\Textures\btn-upgrade-terran-magfieldaccelerator.dds"/>
        <EditorCategories value="Race:Terran"/>
    </CButton>
    <CButton id="CycloneLockOnDamageUpgrade">
        <Icon value="Assets\Textures\btn-upgrade-terran-magfieldaccelerator.dds"/>
        <AlertIcon value="Assets\Textures\btn-upgrade-terran-magfieldaccelerator.dds"/>
        <EditorCategories value="Race:Terran"/>
    </CButton>
    <CButton id="ResearchHighCapacityFuelTanks">
        <Icon value="Assets\Textures\btn-upgrade-terran-highcapacityfueltanks.dds"/>
        <AlertIcon value="Assets\Textures\btn-upgrade-terran-highcapacityfueltanks.dds"/>
        <EditorCategories value="Race:Terran"/>
    </CButton>
    <CButton id="HighCapacityFuelTanks">
        <Icon value="Assets\Textures\btn-upgrade-terran-highcapacityfueltanks.dds"/>
        <AlertIcon value="Assets\Textures\btn-upgrade-terran-highcapacityfueltanks.dds"/>
        <EditorCategories value="Race:Terran"/>
    </CButton>
    <CButton id="ResearchExplosiveShrapnelShells">
        <Icon value="Assets\Textures\btn-upgrade-terran-explosiveshrapnelshells.dds"/>
        <AlertIcon value="Assets\Textures\btn-upgrade-terran-explosiveshrapnelshells.dds"/>
        <EditorCategories value="Race:Terran"/>
    </CButton>
    <CButton id="ExplosiveShrapnelShells">
        <Icon value="Assets\Textures\btn-upgrade-terran-explosiveshrapnelshells.dds"/>
        <AlertIcon value="Assets\Textures\btn-upgrade-terran-explosiveshrapnelshells.dds"/>
        <EditorCategories value="Race:Terran"/>
    </CButton>
    <CButton id="SlaynElementalGrab">
        <Icon value="Assets\Textures\btn-ability-zerg-corrosivebile.dds"/>
        <EditorCategories value="Race:Neutral"/>
    </CButton>
    <CButton id="ImprovedEnergy">
        <Icon value="Assets\Textures\btn-upgrade-artanis-pylonpower.dds"/>
        <EditorCategories value="Race:Protoss"/>
    </CButton>
    <CButton id="ResearchBallisticRange">
        <Icon value="Assets\Textures\btn-upgrade-terran-advanceballistics.dds"/>
        <AlertIcon value="Assets\Textures\btn-upgrade-terran-advanceballistics.dds"/>
        <EditorCategories value="Race:Terran"/>
    </CButton>
    <CButton id="ResearchRapidDeployment">
        <Icon value="Assets\Textures\btn-techupgrade-terran-rapiddeployment.dds"/>
        <AlertIcon value="Assets\Textures\btn-techupgrade-terran-rapiddeployment.dds"/>
        <EditorCategories value="Race:Terran"/>
    </CButton>
    <CButton id="RapidDeployment">
        <Icon value="Assets\Textures\btn-techupgrade-terran-rapiddeployment.dds"/>
        <EditorCategories value="Race:Terran"/>
    </CButton>
    <CButton id="ChannelSnipe">
        <Icon value="Assets\Textures\btn-ability-terran-snipe-color.dds"/>
        <AlertIcon value="Assets\Textures\btn-ability-terran-snipe-color.dds"/>
        <EditorCategories value="Race:Terran"/>
        <HidesForSimpleText value="0"/>
    </CButton>
    <CButton id="ResearchRavagerRange">
        <Icon value="Assets\Textures\btn-upgrade-zerg-pressurizedglands.dds"/>
        <AlertIcon value="Assets\Textures\btn-upgrade-zerg-pressurizedglands.dds"/>
        <EditorCategories value="Race:Zerg"/>
    </CButton>
    <CButton id="RavagerRange">
        <Icon value="Assets\Textures\btn-upgrade-zerg-pressurizedglands.dds"/>
        <AlertIcon value="Assets\Textures\btn-upgrade-zerg-pressurizedglands.dds"/>
        <EditorCategories value="Race:Zerg"/>
    </CButton>
    <CButton id="LiberatorAGRangeUpgrade">
        <Icon value="Assets\Textures\btn-upgrade-terran-advanceballistics.dds"/>
        <AlertIcon value="Assets\Textures\btn-upgrade-terran-advanceballistics.dds"/>
        <EditorCategories value="Race:Terran"/>
    </CButton>
</Catalog>
