<?xml version="1.0" encoding="us-ascii"?>
<Catalog>
    <CCharacter id="Adept">
        <Age value="30"/>
        <Gender value="Female"/>
        <Relevance value="Minor"/>
    </CCharacter>
    <CCharacter id="Jumper">
        <Race value="Terran"/>
        <Image value="Assets\Textures\reaperportrait_static.dds"/>
        <Color value="255,151,0,0"/>
        <Variations Model="ReaperPortrait">
            <DefaultCategories value="Default"/>
        </Variations>
        <Age value="40"/>
        <Voice value="ATT Rich"/>
    </CCharacter>
    <CCharacter id="Pusher">
        <Image value="Assets\Textures\warpprismportrait_static.dds"/>
        <Voice value="ATT Mel"/>
        <Color value="255,157,79,0"/>
        <Variations Model="WarpPrismPortrait">
            <DefaultCategories value="Default"/>
        </Variations>
        <Age value="45"/>
        <Relevance value="Minor"/>
    </CCharacter>
    <CCharacter id="Shooter">
        <Race value="Terran"/>
        <Image value="Assets\Textures\ravenportrait_static.dds"/>
        <Voice value="ATT Mike"/>
        <Color value="255,0,0,196"/>
        <Variations Model="CyclonePortrait">
            <DefaultCategories value="Default"/>
        </Variations>
        <Age value="30"/>
        <Relevance value="Minor"/>
    </CCharacter>
    <CCharacter id="TerranFlyer">
        <Age value="40"/>
        <Gender value="Female"/>
        <Race value="Terran"/>
        <Image value="Assets\Textures\smx1_officerjessicahall_static.dds"/>
        <Variations Model="LiberatorPortrait">
            <DefaultCategories value="Default"/>
        </Variations>
        <Relevance value="Minor"/>
    </CCharacter>
</Catalog>
