<?xml version="1.0" encoding="us-ascii"?>
<Catalog>
    <CCliff id="ShakurasTempleCliff1">
        <CliffMesh value="CliffMade16Ex2"/>
    </CCliff>
    <CCliff id="AiurTempleCliff0">
        <CliffMesh value="CliffNatural0Ex1"/>
        <EditorIcon value="Assets\Textures\ui-editoricon-terraineditor_cliffnatural.dds"/>
    </CCliff>
    <CCliff id="AiurTempleCliff1">
        <CliffMesh value="CliffMade1Ex1"/>
        <EditorIcon value="Assets\Textures\ui-editoricon-terraineditor_clifftemple.dds"/>
    </CCliff>
    <CCliff id="KorhalPlatformCliff0">
        <CliffMesh value="CliffMade6Ex2"/>
        <EditorIcon value="Assets\Textures\ui-editoricon-terraineditor_clifftemple.dds"/>
    </CCliff>
    <CCliff id="ProtossBaseOrganicCliffs">
        <CliffMesh value="CliffNatural0Ex1"/>
        <CliffMaterial value="Assets\Cliffs\BelShirEx1Cliff0_Material\BelShirEx1Cliff0_Material.m3"/>
        <EditorIcon value="Assets\Textures\ui-editoricon-terraineditor_cliffnatural.dds"/>
    </CCliff>
    <CCliff id="ProtossBaseManmadeCliffs">
        <CliffMesh value="CliffMade11"/>
        <CliffMaterial value="Assets\Cliffs\StarshipCliff0_Material\StarshipCliff0_Material.m3"/>
        <EditorIcon value="Assets\Textures\ui-editoricon-terraineditor_cliffmanmade.dds"/>
    </CCliff>
    <CCliff id="SnowRefineryCliff1">
        <CliffMesh value="CliffNatural0Ex1"/>
        <EditorIcon value="Assets\Textures\ui-editoricon-terraineditor_cliffnatural.dds"/>
    </CCliff>
    <CCliff id="UlnarOuterCliff0">
        <CliffMesh value="CliffNatural5"/>
        <EditorIcon value="Assets\Textures\ui-editoricon-terraineditor_cliffnatural.dds"/>
    </CCliff>
    <CCliff id="UlnarOuterCliff1">
        <CliffMesh value="CliffMade15"/>
        <EditorIcon value="Assets\Textures\ui-editoricon-terraineditor_cliffmanmade.dds"/>
    </CCliff>
    <CCliff id="UlnarInnerCliff0">
        <CliffMesh value="CliffNatural5"/>
        <CliffMaterial value="Assets\Cliffs\UlnarOuterCliff0_Material\UlnarOuterCliff0_Material.m3"/>
        <EditorIcon value="Assets\Textures\ui-editoricon-terraineditor_cliffnatural.dds"/>
    </CCliff>
    <CCliff id="UlnarInnerCliff1">
        <CliffMesh value="CliffMade15"/>
        <EditorIcon value="Assets\Textures\ui-editoricon-terraineditor_cliffmanmade.dds"/>
        <CliffMaterial value="Assets\Cliffs\UlnarOuterCliff1_Material\UlnarOuterCliff1_Material.m3"/>
    </CCliff>
    <CCliff id="SlaynCliff0">
        <CliffMaterial value="Assets\Cliffs\ShakurasTempleEx2_Cliff0_Material\ShakurasTempleEx2_Cliff0_Material.m3"/>
        <CliffMesh value="CliffNatural0Ex1"/>
        <EditorIcon value="Assets\Textures\ui-editoricon-terraineditor_cliffnatural.dds"/>
    </CCliff>
    <CCliff id="SlaynCliff1">
        <CliffMaterial value="Assets\Cliffs\ShakurasTempleEx2_Cliff1_Material\ShakurasTempleEx2_Cliff1_Material.m3"/>
        <CliffMesh value="CliffMade16Ex2"/>
        <EditorIcon value="Assets\Textures\ui-editoricon-terraineditor_clifftemple.dds"/>
    </CCliff>
    <CCliff id="UlnarPortalCliff0">
        <CliffMesh value="CliffNatural5"/>
        <CliffMaterial value="Assets\Cliffs\UlnarOuterCliff0_Material\UlnarOuterCliff0_Material.m3"/>
        <EditorIcon value="Assets\Textures\ui-editoricon-terraineditor_cliffnatural.dds"/>
    </CCliff>
    <CCliff id="UlnarPortalCliff1">
        <CliffMesh value="CliffMade15"/>
        <EditorIcon value="Assets\Textures\ui-editoricon-terraineditor_cliffmanmade.dds"/>
        <CliffMaterial value="Assets\Cliffs\UlnarOuterCliff1_Material\UlnarOuterCliff1_Material.m3"/>
    </CCliff>
    <CCliff id="CybrossCliff0">
        <CliffMesh value="CliffMade12"/>
        <CliffMaterial value="Assets\Cliffs\PurifierCliff0_Material\PurifierCliff0_Material.m3"/>
        <EditorIcon value="Assets\Textures\ui-editoricon-terraineditor_cliffmanmade.dds"/>
    </CCliff>
    <CCliff id="KorhalPlatformEx2">
        <CliffMaterial value="Assets\Cliffs\KorhalPlatformEx2Cliff0_Material\KorhalPlatformEx2Cliff0_Material.m3"/>
        <EditorIcon value="Assets\Textures\ui-editoricon-terraineditor_clifftemple.dds"/>
        <CliffMesh value="CliffMade6Ex2"/>
    </CCliff>
    <CCliff id="KorhalCityEx2">
        <CliffMesh value="CliffMade7Ex1"/>
        <EditorIcon value="Assets\Textures\ui-editoricon-terraineditor_cliffmanmade.dds"/>
        <CliffMaterial value="Assets\Cliffs\KorhalCityEx2Cliff0_Material\KorhalCityEx2Cliff0_Material.m3"/>
    </CCliff>
    <CCliff id="ShadowCorpsPlatformCliff0">
        <CliffMesh value="CliffMade14"/>
        <EditorIcon value="Assets\Textures\ui-editoricon-terraineditor_cliffmanmade.dds"/>
        <CliffMaterial value="Assets\Cliffs\ShadowCorpsCliff0_Material\ShadowCorpsCliff0_Material.m3"/>
    </CCliff>
    <CCliff id="ShadowCorpsPlatformCliff1">
        <CliffMesh value="CliffMade6Ex1"/>
        <EditorIcon value="Assets\Textures\ui-editoricon-terraineditor_cliffmanmade.dds"/>
        <CliffMaterial value="Assets\Cliffs\ShadowCorpsCliff1_Material\ShadowCorpsCliff1_Material.m3"/>
    </CCliff>
    <CCliff id="TheVoidCliff0">
        <CliffMesh value="CliffNatural1Ex1"/>
        <EditorIcon value="Assets\Textures\ui-editoricon-terraineditor_cliffnatural.dds"/>
    </CCliff>
    <CCliff id="TheVoidCliff1">
        <CliffMesh value="CliffNatural1Ex1"/>
        <EditorIcon value="Assets\Textures\ui-editoricon-terraineditor_cliffnatural.dds"/>
    </CCliff>
    <CCliff id="AiurCityCliff0">
        <EditorIcon value="Assets\Textures\ui-editoricon-terraineditor_cliffmanmade.dds"/>
        <CliffMesh value="CliffMade11"/>
    </CCliff>
    <CCliff id="EndionCliff0">
        <CliffMesh value="CliffNatural0Ex1"/>
        <EditorIcon value="Assets\Textures\ui-editoricon-terraineditor_cliffnatural.dds"/>
    </CCliff>
    <CCliff id="EndionCliff1">
        <CliffMesh value="CliffMade12"/>
        <EditorIcon value="Assets\Textures\ui-editoricon-terraineditor_cliffnatural.dds"/>
    </CCliff>
    <CCliff id="EndionProtossCliff1">
        <CliffMesh value="CliffMade12"/>
        <EditorIcon value="Assets\Textures\ui-editoricon-terraineditor_cliffnatural.dds"/>
    </CCliff>
    <CCliff id="MarSaraEx2Cliff0">
        <CliffMesh value="CliffNatural0Ex1"/>
        <EditorIcon value="Assets\Textures\ui-editoricon-terraineditor_cliffnatural.dds"/>
        <CliffMaterial value="Assets\Cliffs\MarSaraEx2_Cliff0_Material\MarSaraEx2_Cliff0_Material.m3"/>
    </CCliff>
    <CCliff id="MarSaraEx2Cliff1">
        <CliffMesh value="CliffMade0Ex1"/>
        <EditorIcon value="Assets\Textures\ui-editoricon-terraineditor_cliffmanmade.dds"/>
        <CliffMaterial value="Assets\Cliffs\MarSaraEx2_Cliff1_Material\MarSaraEx2_Cliff1_Material.m3"/>
    </CCliff>
    <CCliff id="CastanarCliff0Ex2">
        <CliffMesh value="CliffNatural1"/>
        <EditorIcon value="Assets\Textures\ui-editoricon-terraineditor_cliffnatural.dds"/>
    </CCliff>
    <CCliff id="CastanarCliff1Ex2">
        <CliffMesh value="CliffMade3"/>
        <EditorIcon value="Assets\Textures\ui-editoricon-terraineditor_cliffmanmade.dds"/>
    </CCliff>
    <CCliff id="BlackopsLabCliff0">
        <CliffMesh value="CliffMade14"/>
        <EditorIcon value="Assets\Textures\ui-editoricon-terraineditor_cliffmanmade.dds"/>
    </CCliff>
    <CCliff id="TarsonisCityCliff0">
        <CliffMesh value="CliffMade18"/>
        <EditorIcon value="Assets\Textures\ui-editoricon-terraineditor_cliffmanmade.dds"/>
    </CCliff>
    <CCliff id="TarsonisCityCliff1">
        <CliffMesh value="CliffMade19"/>
        <EditorIcon value="Assets\Textures\ui-editoricon-terraineditor_cliffmanmade.dds"/>
    </CCliff>
    <CCliff id="SnowRefineryCliff0">
        <EditorIcon value="Assets\Textures\ui-editoricon-terraineditor_cliffmanmade.dds"/>
    </CCliff>
</Catalog>
