<?xml version="1.0" encoding="us-ascii"?>
<Catalog>
    <CFootprint id="AiurLightBridgeNEOut">
        <Layers index="Check" Area="-6,-6,7,7">
            <Rows value=".........x..."/>
            <Rows value="..........x.."/>
            <Rows value="...........x."/>
            <Rows value="............x"/>
            <Rows value="............."/>
            <Rows value="............."/>
            <Rows value="............."/>
            <Rows value="............."/>
            <Rows value="............."/>
            <Rows value="x............"/>
            <Rows value=".x..........."/>
            <Rows value="..x.........."/>
            <Rows value="...x........."/>
        </Layers>
        <Layers index="Place" Area="-6,-6,7,7">
            <Sets index="0">
                <Positive index="GroundNoSpawn" value="0"/>
                <Positive index="BoostCliff" value="1"/>
            </Sets>
            <Sets Character="o">
                <Positive index="NoBuild" value="1"/>
                <Positive index="NoCreep" value="1"/>
                <Positive index="BoostCliff" value="1"/>
            </Sets>
            <Rows value=".......oox..."/>
            <Rows value="......ooxxx.."/>
            <Rows value=".....ooxxxxx."/>
            <Rows value="....ooxxxxxxx"/>
            <Rows value="...ooxxxxxxxo"/>
            <Rows value="..ooxxxxxxxoo"/>
            <Rows value=".ooxxxxxxxoo."/>
            <Rows value="ooxxxxxxxoo.."/>
            <Rows value="oxxxxxxxoo..."/>
            <Rows value="xxxxxxxoo...."/>
            <Rows value=".xxxxxoo....."/>
            <Rows value="..xxxoo......"/>
            <Rows value="...xoo......."/>
        </Layers>
        <Shape>
            <Mode value="Persist"/>
            <Radius value="7.3825"/>
            <Offsets value="-3.5,-6.5;-2.5,-6.5;-0.5,-6.5;0.5,6.5;2.5,6.5;3.5,6.5;-6.5,-3.5;-6.5,-2.5;-6.5,-0.5;6.5,0.5;6.5,2.5;6.5,3.5"/>
            <Borders value="0,6,1;1,0,1;4,5,1;5,11,1;6,7,1;7,4,1;10,1,1;11,10,1;1,10,2;2,1,2;3,4,2;4,7,2;7,8,2;8,3,2;9,2,2;10,9,2"/>
        </Shape>
    </CFootprint>
    <CFootprint id="AiurLightBridgeNE">
        <Layers index="Check" Area="-6,-6,7,7">
            <Rows value=".........x..."/>
            <Rows value="..........x.."/>
            <Rows value="...........x."/>
            <Rows value="............x"/>
            <Rows value="............."/>
            <Rows value="............."/>
            <Rows value="............."/>
            <Rows value="............."/>
            <Rows value="............."/>
            <Rows value="x............"/>
            <Rows value=".x..........."/>
            <Rows value="..x.........."/>
            <Rows value="...x........."/>
        </Layers>
        <Layers index="Place" Area="-6,-6,7,7">
            <Sets index="0">
                <Positive index="GroundNoSpawn" value="0"/>
                <Positive index="BoostCliff" value="1"/>
                <Negative index="GroundNoSpawn" value="1"/>
                <Negative index="NoCreep" value="1"/>
            </Sets>
            <Sets Character="o">
                <Positive index="NoBuild" value="1"/>
                <Positive index="NoCreep" value="1"/>
                <Positive index="BoostCliff" value="1"/>
            </Sets>
            <Rows value="......oooo..."/>
            <Rows value=".....oooooo.."/>
            <Rows value="....oooooooo."/>
            <Rows value="...oooooooooo"/>
            <Rows value="..ooooooooooo"/>
            <Rows value=".oooooooooooo"/>
            <Rows value="ooooooooooooo"/>
            <Rows value="oooooooooooo."/>
            <Rows value="ooooooooooo.."/>
            <Rows value="oooooooooo..."/>
            <Rows value=".oooooooo...."/>
            <Rows value="..oooooo....."/>
            <Rows value="...oooo......"/>
        </Layers>
        <Shape>
            <Mode value="Persist"/>
            <Radius value="7.3825"/>
            <Offsets value="-3.5,-6.5;-2.5,-6.5;-0.5,-6.5;-2.5,-5.5;-1.5,-5.5;1.5,5.5;2.5,5.5;0.5,6.5;2.5,6.5;3.5,6.5;-6.5,-3.5;-6.5,-2.5;-6.5,-0.5;-5.5,-2.5;-5.5,-1.5;5.5,1.5;5.5,2.5;6.5,0.5;6.5,2.5;6.5,3.5;-5,-1;1,5;-1,-5;5,1"/>
            <Borders value="20,21,0;21,23,0;22,20,0;23,22,0;0,10,1;1,0,1;3,4,1;4,1,1;5,8,1;6,5,1;8,9,1;9,19,1;10,11,1;11,14,1;13,3,1;14,13,1;15,16,1;16,6,1;18,15,1;19,18,1;1,4,2;2,1,2;3,13,2;4,3,2;5,6,2;6,16,2;7,8,2;8,5,2;11,12,2;12,7,2;13,14,2;14,11,2;15,18,2;16,15,2;17,2,2;18,17,2;20,22,2;21,20,2;22,23,2;23,21,2"/>
        </Shape>
    </CFootprint>
    <CFootprint id="AiurLightBridgeNW">
        <Layers index="Check" Area="-6,-6,7,7">
            <Rows value="...x........."/>
            <Rows value="..x.........."/>
            <Rows value=".x..........."/>
            <Rows value="x............"/>
            <Rows value="............."/>
            <Rows value="............."/>
            <Rows value="............."/>
            <Rows value="............."/>
            <Rows value="............."/>
            <Rows value="............x"/>
            <Rows value="...........x."/>
            <Rows value="..........x.."/>
            <Rows value=".........x..."/>
        </Layers>
        <Layers index="Place" Area="-6,-6,7,7">
            <Sets index="0">
                <Positive index="GroundNoSpawn" value="0"/>
                <Positive index="BoostCliff" value="1"/>
                <Negative index="GroundNoSpawn" value="1"/>
                <Negative index="NoCreep" value="1"/>
            </Sets>
            <Sets Character="o">
                <Positive index="NoBuild" value="1"/>
                <Positive index="NoCreep" value="1"/>
                <Positive index="BoostCliff" value="1"/>
            </Sets>
            <Rows value="...oooo......"/>
            <Rows value="..oooooo....."/>
            <Rows value=".oooooooo...."/>
            <Rows value="oooooooooo..."/>
            <Rows value="ooooooooooo.."/>
            <Rows value="oooooooooooo."/>
            <Rows value="ooooooooooooo"/>
            <Rows value=".oooooooooooo"/>
            <Rows value="..ooooooooooo"/>
            <Rows value="...oooooooooo"/>
            <Rows value="....oooooooo."/>
            <Rows value=".....oooooo.."/>
            <Rows value="......oooo..."/>
        </Layers>
        <Shape>
            <Mode value="Persist"/>
            <Radius value="7.3825"/>
            <Offsets value="0.5,-6.5;2.5,-6.5;3.5,-6.5;1.5,-5.5;2.5,-5.5;-2.5,5.5;-1.5,5.5;-3.5,6.5;-2.5,6.5;-0.5,6.5;-6.5,0.5;-6.5,2.5;-6.5,3.5;-5.5,1.5;-5.5,2.5;5.5,-2.5;5.5,-1.5;6.5,-3.5;6.5,-2.5;6.5,-0.5;-5,1;-1,5;1,-5;5,-1"/>
            <Borders value="20,21,0;21,23,0;22,20,0;23,22,0;1,3,1;2,1,1;3,4,1;4,15,1;5,14,1;6,5,1;7,8,1;8,6,1;11,12,1;12,7,1;13,11,1;14,13,1;15,16,1;16,18,1;17,2,1;18,17,1;0,10,2;1,0,2;3,1,2;4,3,2;5,6,2;6,8,2;8,9,2;9,19,2;10,11,2;11,13,2;13,14,2;14,5,2;15,4,2;16,15,2;18,16,2;19,18,2;20,22,2;21,20,2;22,23,2;23,21,2"/>
        </Shape>
    </CFootprint>
    <CFootprint id="AiurLightBridgeNWOut">
        <Layers index="Check" Area="-6,-6,7,7">
            <Rows value="...x........."/>
            <Rows value="..x.........."/>
            <Rows value=".x..........."/>
            <Rows value="x............"/>
            <Rows value="............."/>
            <Rows value="............."/>
            <Rows value="............."/>
            <Rows value="............."/>
            <Rows value="............."/>
            <Rows value="............x"/>
            <Rows value="...........x."/>
            <Rows value="..........x.."/>
            <Rows value=".........x..."/>
        </Layers>
        <Layers index="Place" Area="-6,-6,7,7">
            <Sets index="0">
                <Positive index="GroundNoSpawn" value="0"/>
                <Positive index="BoostCliff" value="1"/>
                <Negative index="GroundNoSpawn" value="1"/>
                <Negative index="NoCreep" value="1"/>
            </Sets>
            <Sets Character="o">
                <Positive index="NoBuild" value="1"/>
                <Positive index="NoCreep" value="1"/>
                <Positive index="BoostCliff" value="1"/>
            </Sets>
            <Rows value="...xoo......."/>
            <Rows value="..xxxoo......"/>
            <Rows value=".xxxxxoo....."/>
            <Rows value="xxxxxxxoo...."/>
            <Rows value="oxxxxxxxoo..."/>
            <Rows value="ooxxxxxxxoo.."/>
            <Rows value=".ooxxxxxxxoo."/>
            <Rows value="..ooxxxxxxxoo"/>
            <Rows value="...ooxxxxxxxo"/>
            <Rows value="....ooxxxxxxx"/>
            <Rows value=".....ooxxxxx."/>
            <Rows value="......ooxxx.."/>
            <Rows value=".......oox..."/>
        </Layers>
        <Shape>
            <Mode value="Persist"/>
            <Radius value="7.3825"/>
            <Offsets value="0.5,-6.5;2.5,-6.5;3.5,-6.5;-3.5,6.5;-2.5,6.5;-0.5,6.5;-6.5,0.5;-6.5,2.5;-6.5,3.5;6.5,-3.5;6.5,-2.5;6.5,-0.5"/>
            <Borders value="1,7,1;2,1,1;3,4,1;4,10,1;7,8,1;8,3,1;9,2,1;10,9,1;0,6,2;1,0,2;4,5,2;5,11,2;6,7,2;7,1,2;10,4,2;11,10,2"/>
        </Shape>
    </CFootprint>
    <CFootprint id="Footprint2x2OverlordCreepSourceGrown">
        <Layers index="Place">
            <Rows index="1" value="............."/>
            <Rows index="2" value="....ooooo...."/>
            <Rows index="3" value="...ooooooo..."/>
            <Rows index="5" value="..ooooooooo.."/>
            <Rows index="6" value="..ooooooooo.."/>
            <Rows index="7" value="..ooooooooo.."/>
            <Rows index="9" value="...ooooooo..."/>
            <Rows index="10" value="....ooooo...."/>
            <Rows index="11" value="............."/>
        </Layers>
    </CFootprint>
    <CFootprint id="Footprint2x2ZergSpineCrawler" parent="Footprint2x2Contour2">
        <Shape>
            <Radius value="1.1181"/>
            <Offsets value="-0.5,-1;0.5,-1;-0.5,1;0.5,1;-1,-0.5;-1,0.5;1,-0.5;1,0.5"/>
            <Borders value="0,4,2;1,0,2;2,3,2;3,7,2;4,5,2;5,2,2;6,1,2;7,6,2"/>
        </Shape>
    </CFootprint>
    <!-- Have to mark lowered supply depot as dense so creep tumors cant be built on it -->
    <CFootprint id="Footprint2x2Underground">
        <Layers index="Place">
            <Sets index="0">
                <Positive index="Dense" value="1"/>
            </Sets>
        </Layers>
    </CFootprint>
    <CFootprint id="FootprintSieged">
        <Layers index="Check" Area="0,0,0,0"/>
    </CFootprint>
    <CFootprint id="Purifier_Platform">
        <Layers index="Check" Area="-4,-5,4,5">
            <Rows value="........"/>
            <Rows value="........"/>
            <Rows value="........"/>
            <Rows value="........"/>
            <Rows value="........"/>
            <Rows value="........"/>
            <Rows value="........"/>
            <Rows value="........"/>
            <Rows value="........"/>
            <Rows value="........"/>
        </Layers>
        <Layers index="Place" Area="-4,-5,4,5">
            <Sets index="0">
                <Positive index="GroundNoSpawn" value="0"/>
                <Positive index="BoostCliff" value="1"/>
                <Positive index="Dense" value="1"/>
            </Sets>
            <Rows value="..xxxx.."/>
            <Rows value=".xxxxxx."/>
            <Rows value="xxxxxxxx"/>
            <Rows value="xxxxxxxx"/>
            <Rows value="xxxxxxxx"/>
            <Rows value="xxxxxxxx"/>
            <Rows value="xxxxxxxx"/>
            <Rows value="xxxxxxxx"/>
            <Rows value=".xxxxxx."/>
            <Rows value="..xxxx.."/>
        </Layers>
        <Shape>
            <Mode value="Persist"/>
            <Radius value="5.3852"/>
            <Offsets value="-2,-5;2,-5;-2,5;2,5;-4,-3;-4,3;4,-3;4,3"/>
            <Borders value="0,4,1;1,0,1;2,3,1;3,7,1;4,5,1;5,2,1;6,1,1;7,6,1"/>
        </Shape>
    </CFootprint>
    <CFootprint id="TarsonisBridgeVerticleBridge">
        <Layers index="Check" Area="-4,-5,4,5">
            <Rows value="........"/>
            <Rows value="........"/>
            <Rows value="........"/>
            <Rows value="........"/>
            <Rows value="........"/>
            <Rows value="........"/>
            <Rows value="........"/>
            <Rows value="........"/>
            <Rows value="........"/>
            <Rows value="........"/>
        </Layers>
        <Layers index="Place" Area="-4,-5,4,5">
            <Sets index="0">
                <Positive index="GroundNoSpawn" value="0"/>
                <Positive index="NoBuild" value="0"/>
                <Positive index="BoostCliff" value="1"/>
                <Negative index="GroundNoSpawn" value="1"/>
                <Negative index="NoCreep" value="1"/>
            </Sets>
            <Rows value="xxxxxxxx"/>
            <Rows value="xxxxxxxx"/>
            <Rows value="xxxxxxxx"/>
            <Rows value="xxxxxxxx"/>
            <Rows value="xxxxxxxx"/>
            <Rows value="xxxxxxxx"/>
            <Rows value="xxxxxxxx"/>
            <Rows value="xxxxxxxx"/>
            <Rows value="xxxxxxxx"/>
            <Rows value="xxxxxxxx"/>
        </Layers>
        <Shape>
            <Mode value="Persist"/>
            <Radius value="6.4033"/>
            <Offsets value="-4,-5;-3,-5;3,-5;4,-5;-4,5;-3,5;3,5;4,5"/>
            <Borders value="0,4,0;1,0,0;2,6,0;3,2,0;4,5,0;5,1,0;6,7,0;7,3,0;1,5,1;2,1,1;5,6,1;6,2,1"/>
        </Shape>
    </CFootprint>
    <CFootprint id="TempleBridgeNEOut">
        <Layers index="Check" Area="-6,-6,7,7">
            <Rows value="............."/>
            <Rows value="........xx..."/>
            <Rows value="........xxx.."/>
            <Rows value=".........xxx."/>
            <Rows value="..........xx."/>
            <Rows value="............."/>
            <Rows value="............."/>
            <Rows value="............."/>
            <Rows value=".xx.........."/>
            <Rows value=".xxx........."/>
            <Rows value="..xxx........"/>
            <Rows value="...xx........"/>
            <Rows value="............."/>
        </Layers>
        <Layers index="Place" Area="-6,-6,7,7">
            <Sets index="0">
                <Positive index="GroundNoSpawn" value="0"/>
                <Positive index="BoostCliff" value="1"/>
                <Negative index="GroundNoSpawn" value="1"/>
                <Negative index="NoCreep" value="1"/>
            </Sets>
            <Sets Character="o">
                <Positive index="NoBuild" value="1"/>
                <Positive index="NoCreep" value="1"/>
                <Positive index="BoostCliff" value="1"/>
            </Sets>
            <Rows value=".......oo...."/>
            <Rows value="......ooxx..."/>
            <Rows value=".....ooxxxx.."/>
            <Rows value="....ooxxxxxx."/>
            <Rows value="...ooxxxxxxxo"/>
            <Rows value="..ooxxxxxxxoo"/>
            <Rows value=".ooxxxxxxxoo."/>
            <Rows value="ooxxxxxxxoo.."/>
            <Rows value="oxxxxxxxoo..."/>
            <Rows value=".xxxxxxoo...."/>
            <Rows value="..xxxxoo....."/>
            <Rows value="...xxoo......"/>
            <Rows value="....oo......."/>
        </Layers>
        <Shape>
            <Mode value="Persist"/>
            <Radius value="6.671"/>
            <Offsets value="-3.5,-5.5;-2.5,-5.5;2.5,5.5;3.5,5.5;-5.5,-3.5;-5.5,-2.5;5.5,2.5;5.5,3.5;-6.5,-1.5;1.5,6.5;-1.5,-6.5;6.5,1.5"/>
            <Borders value="0,4,1;1,0,1;2,3,1;3,7,1;4,5,1;5,2,1;6,1,1;7,6,1;1,6,2;2,5,2;5,8,2;6,11,2;8,9,2;9,2,2;10,1,2;11,10,2"/>
        </Shape>
    </CFootprint>
    <CFootprint id="TempleBridgeNWOut">
        <Layers index="Check" Area="-6,-6,7,7">
            <Rows value="............."/>
            <Rows value="...xx........"/>
            <Rows value="..xxx........"/>
            <Rows value=".xxx........."/>
            <Rows value=".xx.........."/>
            <Rows value="............."/>
            <Rows value="............."/>
            <Rows value="............."/>
            <Rows value="..........xx."/>
            <Rows value=".........xxx."/>
            <Rows value="........xxx.."/>
            <Rows value="........xx..."/>
            <Rows value="............."/>
        </Layers>
        <Layers index="Place" Area="-6,-6,7,7">
            <Sets index="0">
                <Positive index="GroundNoSpawn" value="0"/>
                <Positive index="BoostCliff" value="1"/>
                <Negative index="GroundNoSpawn" value="1"/>
                <Negative index="NoCreep" value="1"/>
            </Sets>
            <Sets Character="o">
                <Positive index="NoBuild" value="1"/>
                <Positive index="NoCreep" value="1"/>
                <Positive index="BoostCliff" value="1"/>
            </Sets>
            <Rows value="...xoo......."/>
            <Rows value="..xxxoo......"/>
            <Rows value=".xxxxxoo....."/>
            <Rows value="xxxxxxxoo...."/>
            <Rows value="oxxxxxxxoo..."/>
            <Rows value="ooxxxxxxxoo.."/>
            <Rows value=".ooxxxxxxxoo."/>
            <Rows value="..ooxxxxxxxoo"/>
            <Rows value="...ooxxxxxxxo"/>
            <Rows value="....ooxxxxxxx"/>
            <Rows value=".....ooxxxxx."/>
            <Rows value="......ooxxx.."/>
            <Rows value=".......oox..."/>
        </Layers>
        <Shape>
            <Mode value="Persist"/>
            <Radius value="6.671"/>
            <Offsets value="2.5,-5.5;3.5,-5.5;-3.5,5.5;-2.5,5.5;-5.5,2.5;-5.5,3.5;5.5,-3.5;5.5,-2.5;-6.5,1.5;-1.5,6.5;1.5,-6.5;6.5,-1.5"/>
            <Borders value="0,4,1;1,0,1;2,3,1;3,7,1;4,5,1;5,2,1;6,1,1;7,6,1;0,10,2;3,9,2;4,0,2;7,3,2;8,4,2;9,11,2;10,8,2;11,7,2"/>
        </Shape>
    </CFootprint>
    <CFootprint id="XelNagaDestructibleRampBlocker6N">
        <Layers index="Check" Area="-3,-2,3,2">
            <Rows value="......"/>
            <Rows value="......"/>
            <Rows value="......"/>
            <Rows value="......"/>
        </Layers>
        <Layers index="Place" Area="-3,-2,3,2">
            <Rows value=".xxxx."/>
            <Rows value="xxxxxx"/>
            <Rows value="xxxxxx"/>
            <Rows value=".xxxx."/>
        </Layers>
        <Shape>
            <Radius value="3.1623"/>
            <Offsets value="-2.5,-1.5;2.5,-1.5;-2.5,1.5;2.5,1.5;-3,-1;-3,1;3,-1;3,1"/>
            <Borders value="0,4,2;1,0,2;2,3,2;3,7,2;4,5,2;5,2,2;6,1,2;7,6,2"/>
        </Shape>
    </CFootprint>
    <CFootprint id="XelNagaDestructibleRampBlocker6NE">
        <Layers index="Check" Area="-3,-3,3,3">
            <Rows value="......"/>
            <Rows value="......"/>
            <Rows value="......"/>
            <Rows value="......"/>
            <Rows value="......"/>
            <Rows value="......"/>
        </Layers>
        <Layers index="Place" Area="-3,-3,3,3">
            <Rows value=".xxx.."/>
            <Rows value="xxxxx."/>
            <Rows value="xxxxxx"/>
            <Rows value="xxxxxx"/>
            <Rows value=".xxxxx"/>
            <Rows value="..xxx."/>
        </Layers>
        <Shape>
            <Radius value="3.6057"/>
            <Offsets value="1,-3;2,-3;-2,3;-1,3;-3,1;-3,2;3,-2;3,-1"/>
            <Borders value="0,4,2;1,0,2;2,3,2;3,7,2;4,5,2;5,2,2;6,1,2;7,6,2"/>
        </Shape>
    </CFootprint>
    <CFootprint id="XelNagaDestructibleRampBlocker6NW">
        <Layers index="Check" Area="-3,-3,3,3">
            <Rows value="......"/>
            <Rows value="......"/>
            <Rows value="......"/>
            <Rows value="......"/>
            <Rows value="......"/>
            <Rows value="......"/>
        </Layers>
        <Layers index="Place" Area="-3,-3,3,3">
            <Rows value="..xxx."/>
            <Rows value=".xxxxx"/>
            <Rows value="xxxxxx"/>
            <Rows value="xxxxxx"/>
            <Rows value="xxxxx."/>
            <Rows value=".xxx.."/>
        </Layers>
        <Shape>
            <Radius value="3.6057"/>
            <Offsets value="-2,-3;-1,-3;1,3;2,3;-3,-2;-3,-1;3,1;3,2"/>
            <Borders value="0,4,2;1,0,2;2,3,2;3,7,2;4,5,2;5,2,2;6,1,2;7,6,2"/>
        </Shape>
    </CFootprint>
    <CFootprint id="XelNagaDestructibleRampBlocker6W">
        <Layers index="Check" Area="-2,-3,2,3">
            <Rows value="...."/>
            <Rows value="...."/>
            <Rows value="...."/>
            <Rows value="...."/>
            <Rows value="...."/>
            <Rows value="...."/>
        </Layers>
        <Layers index="Place" Area="-2,-3,2,3">
            <Rows value=".xx."/>
            <Rows value="xxxx"/>
            <Rows value="xxxx"/>
            <Rows value="xxxx"/>
            <Rows value="xxxx"/>
            <Rows value=".xx."/>
        </Layers>
        <Shape>
            <Radius value="3.1623"/>
            <Offsets value="-1,-3;1,-3;-1,3;1,3;-1.5,-2.5;-1.5,2.5;1.5,-2.5;1.5,2.5"/>
            <Borders value="0,4,2;1,0,2;2,3,2;3,7,2;4,5,2;5,2,2;6,1,2;7,6,2"/>
        </Shape>
    </CFootprint>
    <CFootprint id="XelNagaDestructibleRampBlocker8N">
        <Layers index="Check" Area="-4,-2,4,2">
            <Rows value="........"/>
            <Rows value="........"/>
            <Rows value="........"/>
            <Rows value="........"/>
        </Layers>
        <Layers index="Place" Area="-4,-2,4,2">
            <Rows value="xxxxxxxx"/>
            <Rows value="xxxxxxxx"/>
            <Rows value="xxxxxxxx"/>
            <Rows value="xxxxxxxx"/>
        </Layers>
        <Shape>
            <Radius value="4.1232"/>
            <Offsets value="-3,-2;3,-2;-3,2;3,2;-4,-1;-4,1;4,-1;4,1"/>
            <Borders value="0,4,2;1,0,2;2,3,2;3,7,2;4,5,2;5,2,2;6,1,2;7,6,2"/>
        </Shape>
    </CFootprint>
    <CFootprint id="XelNagaDestructibleRampBlocker8NE">
        <Layers index="Check" Area="-4,-4,4,4">
            <Rows value="........"/>
            <Rows value="........"/>
            <Rows value="........"/>
            <Rows value="........"/>
            <Rows value="........"/>
            <Rows value="........"/>
            <Rows value="........"/>
            <Rows value="........"/>
        </Layers>
        <Layers index="Place" Area="-4,-4,4,4">
            <Rows value="xxx....."/>
            <Rows value="xxxx...."/>
            <Rows value="xxxxx..."/>
            <Rows value=".xxxxx.."/>
            <Rows value="..xxxxx."/>
            <Rows value="...xxxxx"/>
            <Rows value="....xxxx"/>
            <Rows value=".....xxx"/>
        </Layers>
        <Shape>
            <Radius value="4.4721"/>
            <Offsets value="-4,2;-2,4;2,-4;4,-2"/>
            <Borders value="0,1,2;1,3,2;2,0,2;3,2,2"/>
        </Shape>
    </CFootprint>
    <CFootprint id="XelNagaDestructibleRampBlocker8NW">
        <Layers index="Check" Area="-4,-4,4,4">
            <Rows value="........"/>
            <Rows value="........"/>
            <Rows value="........"/>
            <Rows value="........"/>
            <Rows value="........"/>
            <Rows value="........"/>
            <Rows value="........"/>
            <Rows value="........"/>
        </Layers>
        <Layers index="Place" Area="-4,-4,4,4">
            <Rows value=".....xxx"/>
            <Rows value="....xxxx"/>
            <Rows value="...xxxxx"/>
            <Rows value="..xxxxx."/>
            <Rows value=".xxxxx.."/>
            <Rows value="xxxxx..."/>
            <Rows value="xxxx...."/>
            <Rows value="xxx....."/>
        </Layers>
        <Shape>
            <Radius value="4.4721"/>
            <Offsets value="-4,-2;2,4;-2,-4;4,2"/>
            <Borders value="0,1,2;1,3,2;2,0,2;3,2,2"/>
        </Shape>
    </CFootprint>
    <CFootprint id="XelNagaDestructibleRampBlocker8W">
        <Layers index="Check" Area="-2,-4,2,4">
            <Rows value="...."/>
            <Rows value="...."/>
            <Rows value="...."/>
            <Rows value="...."/>
            <Rows value="...."/>
            <Rows value="...."/>
            <Rows value="...."/>
            <Rows value="...."/>
        </Layers>
        <Layers index="Place" Area="-2,-4,2,4">
            <Rows value="xxxx"/>
            <Rows value="xxxx"/>
            <Rows value="xxxx"/>
            <Rows value="xxxx"/>
            <Rows value="xxxx"/>
            <Rows value="xxxx"/>
            <Rows value="xxxx"/>
            <Rows value="xxxx"/>
        </Layers>
        <Shape>
            <Radius value="4.1232"/>
            <Offsets value="-1,-4;1,-4;-1,4;1,4;-2,-3;-2,3;2,-3;2,3"/>
            <Borders value="0,4,2;1,0,2;2,3,2;3,7,2;4,5,2;5,2,2;6,1,2;7,6,2"/>
        </Shape>
    </CFootprint>
    <CFootprint id="Footprint1x1CreepNormal">
        <Layers index="Check" Area="0,0,1,1">
            <Sets index="0">
                <Negative index="Creep" value="0"/>
            </Sets>
            <Rows value="x"/>
        </Layers>
        <Layers index="Place" Area="0,0,1,1">
            <Rows value="x"/>
        </Layers>
        <Shape>
            <Radius value="0.7072"/>
            <Offsets value="-0.5,-0.5;-0.5,0.5;0.5,0.5;0.5,-0.5"/>
            <Borders value="3,0,2;0,1,2;1,2,2;2,3,2"/>
        </Shape>
    </CFootprint>
    <CFootprint id="Unbuildable2x2">
        <Layers index="Check">
            <Rows value=".."/>
            <Rows value=".."/>
        </Layers>
        <Layers index="Place">
            <Sets index="0">
                <Positive index="GroundNoSpawn" value="0"/>
            </Sets>
            <Rows value="xx"/>
            <Rows value="xx"/>
        </Layers>
    </CFootprint>
    <CFootprint id="OracleStasisTrap">
        <Layers index="Check" Area="0,0,1,1">
            <Rows value="."/>
        </Layers>
        <Layers index="Place" Area="0,0,1,1">
            <Sets index="0">
                <Positive index="GroundNoSpawn" value="0"/>
            </Sets>
            <Rows value="x"/>
        </Layers>
    </CFootprint>
    <CFootprint id="Footprint4x4BlockOnlyCreep">
        <Layers index="Check" Area="-2,-2,2,2">
            <Rows value="...."/>
            <Rows value="...."/>
            <Rows value="...."/>
            <Rows value="...."/>
        </Layers>
        <Layers index="Place" Area="-2,-2,2,2">
            <Sets index="0">
                <Positive index="GroundNoSpawn" value="0"/>
                <Positive index="NoBuild" value="0"/>
                <Positive index="NoCreep" value="1"/>
            </Sets>
            <Rows value="xxxx"/>
            <Rows value="xxxx"/>
            <Rows value="xxxx"/>
            <Rows value="xxxx"/>
        </Layers>
        <EditorCategories value="FootprintGroup:SpecificDoodads"/>
    </CFootprint>
    <CFootprint id="TarsonisBridgeDiagonalDoodad">
        <Layers index="Check" Area="-7,-7,7,7">
            <Rows value=".............."/>
            <Rows value=".............."/>
            <Rows value=".............."/>
            <Rows value=".............."/>
            <Rows value=".............."/>
            <Rows value=".............."/>
            <Rows value=".............."/>
            <Rows value=".............."/>
            <Rows value=".............."/>
            <Rows value=".............."/>
            <Rows value=".............."/>
            <Rows value=".............."/>
            <Rows value=".............."/>
            <Rows value=".............."/>
        </Layers>
        <Layers index="Place" Area="-7,-7,7,7">
            <Sets index="0">
                <Positive index="GroundNoSpawn" value="0"/>
                <Positive index="NoBuild" value="0"/>
                <Positive index="BoostCliff" value="1"/>
                <Negative index="GroundNoSpawn" value="1"/>
                <Negative index="NoCreep" value="1"/>
            </Sets>
            <Rows value="........xx...."/>
            <Rows value=".......xxxx..."/>
            <Rows value=".......xxxxx.."/>
            <Rows value="......xxxxxxx."/>
            <Rows value=".....xxxxxxxxx"/>
            <Rows value="....xxxxxxxxxx"/>
            <Rows value="...xxxxxxxxxx."/>
            <Rows value=".xxxxxxxxxx..."/>
            <Rows value="xxxxxxxxxx...."/>
            <Rows value="xxxxxxxxx....."/>
            <Rows value=".xxxxxxx......"/>
            <Rows value="..xxxxx......."/>
            <Rows value="...xxxx......."/>
            <Rows value="....xx........"/>
        </Layers>
        <Shape>
            <Mode value="Persist"/>
            <Radius value="6.5192"/>
            <Offsets value="-6,-1;-5,-1;5,1;6,1;-1,-6;-1,-5;1,5;1,6;-6.5,-0.5;0.5,6.5;-0.5,-6.5;6.5,0.5"/>
            <Borders value="0,8,0;1,0,0;2,3,0;3,11,0;4,5,0;5,2,0;6,1,0;7,6,0;8,9,0;9,7,0;10,4,0;11,10,0;0,1,1;1,6,1;2,5,1;3,2,1;4,0,1;5,4,1;6,7,1;7,3,1"/>
        </Shape>
    </CFootprint>
    <CFootprint id="TarsonisBridgeDiagonalAltDoodad">
        <Layers index="Check" Area="-7,-7,7,7">
            <Rows value=".............."/>
            <Rows value=".............."/>
            <Rows value=".............."/>
            <Rows value=".............."/>
            <Rows value=".............."/>
            <Rows value=".............."/>
            <Rows value=".............."/>
            <Rows value=".............."/>
            <Rows value=".............."/>
            <Rows value=".............."/>
            <Rows value=".............."/>
            <Rows value=".............."/>
            <Rows value=".............."/>
            <Rows value=".............."/>
        </Layers>
        <Layers index="Place" Area="-7,-7,7,7">
            <Sets index="0">
                <Positive index="GroundNoSpawn" value="0"/>
                <Positive index="NoBuild" value="0"/>
                <Positive index="BoostCliff" value="1"/>
                <Negative index="GroundNoSpawn" value="1"/>
                <Negative index="NoCreep" value="1"/>
            </Sets>
            <Rows value="....xx........"/>
            <Rows value="...xxxx......."/>
            <Rows value="..xxxxxx......"/>
            <Rows value=".xxxxxxxx....."/>
            <Rows value="xxxxxxxxxx...."/>
            <Rows value="xxxxxxxxxxx..."/>
            <Rows value=".xxxxxxxxxxx.."/>
            <Rows value="...xxxxxxxxxx."/>
            <Rows value="....xxxxxxxxxx"/>
            <Rows value=".....xxxxxxxxx"/>
            <Rows value="......xxxxxxx."/>
            <Rows value=".......xxxxx.."/>
            <Rows value=".......xxxx..."/>
            <Rows value="........xx...."/>
        </Layers>
        <Shape>
            <Mode value="Persist"/>
            <Radius value="6.5192"/>
            <Offsets value="-6,-1;-5,-1;5,1;6,1;-1,-6;-1,-5;1,5;1,6;-6.5,-0.5;0.5,6.5;-0.5,-6.5;6.5,0.5"/>
            <Borders value="0,8,0;1,0,0;2,3,0;3,11,0;4,5,0;5,2,0;6,1,0;7,6,0;8,9,0;9,7,0;10,4,0;11,10,0;0,1,1;1,6,1;2,5,1;3,2,1;4,0,1;5,4,1;6,7,1;7,3,1"/>
        </Shape>
    </CFootprint>
    <CFootprint id="TarsonisBridgeHorizonalBridge">
        <Layers index="Check" Area="-5,-4,5,4">
            <Rows value=".........."/>
            <Rows value=".........."/>
            <Rows value=".........."/>
            <Rows value=".........."/>
            <Rows value=".........."/>
            <Rows value=".........."/>
            <Rows value=".........."/>
            <Rows value=".........."/>
        </Layers>
        <Layers index="Place" Area="-5,-4,5,4">
            <Sets index="0">
                <Positive index="GroundNoSpawn" value="0"/>
                <Positive index="NoBuild" value="0"/>
                <Positive index="BoostCliff" value="1"/>
                <Negative index="GroundNoSpawn" value="1"/>
                <Negative index="NoCreep" value="1"/>
            </Sets>
            <Rows value="xxxxxxxxxx"/>
            <Rows value="xxxxxxxxxx"/>
            <Rows value="xxxxxxxxxx"/>
            <Rows value="xxxxxxxxxx"/>
            <Rows value="xxxxxxxxxx"/>
            <Rows value="xxxxxxxxxx"/>
            <Rows value="xxxxxxxxxx"/>
            <Rows value="xxxxxxxxxx"/>
        </Layers>
        <Shape>
            <Mode value="Persist"/>
            <Radius value="6.4033"/>
            <Offsets value="-5,-4;5,-4;-5,-3;5,-3;-5,3;5,3;-5,4;5,4"/>
            <Borders value="0,2,0;1,0,0;2,3,0;3,1,0;4,6,0;5,4,0;6,7,0;7,5,0;2,4,1;3,2,1;4,5,1;5,3,1"/>
        </Shape>
    </CFootprint>
    <CFootprint id="Tarsonis_DoorN">
        <Layers index="Check" Area="-4,-1,4,1">
            <Rows value="........"/>
            <Rows value="........"/>
        </Layers>
        <Layers index="Place" Area="-4,-1,4,1">
            <Sets index="0">
                <Positive index="BlockVision" value="1"/>
            </Sets>
            <Rows value="xxxxxxxx"/>
            <Rows value="xxxxxxxx"/>
        </Layers>
        <Shape>
            <Radius value="3.5795"/>
            <Offsets value="-3.5,-0.75;3.5,-0.75;-3.5,0.75;3.5,0.75"/>
            <Borders value="0,2,2;1,0,2;2,3,2;3,1,2"/>
        </Shape>
    </CFootprint>
    <CFootprint id="Tarsonis_DoorNLowered">
        <Layers index="Check" Area="-4,-1,4,1">
            <Rows value="........"/>
            <Rows value="........"/>
        </Layers>
        <Layers index="Place" Area="-4,-1,4,1">
            <Sets index="0">
                <Positive index="BlockVision" value="1"/>
            </Sets>
            <Rows value="xx....xx"/>
            <Rows value="xx....xx"/>
        </Layers>
        <Shape>
            <Radius value="3.5795"/>
            <Offsets value="-3.5,-0.75;-1.75,-0.75;1.75,-0.75;3.5,-0.75;-3.5,0.75;-1.75,0.75;1.75,0.75;3.5,0.75"/>
            <Borders value="0,4,2;1,0,2;2,6,2;3,2,2;4,5,2;5,1,2;6,7,2;7,3,2"/>
        </Shape>
    </CFootprint>
    <CFootprint id="Tarsonis_DoorNE">
        <Layers index="Check" Area="-3,-3,3,3">
            <Rows value="......"/>
            <Rows value="......"/>
            <Rows value="......"/>
            <Rows value="......"/>
            <Rows value="......"/>
            <Rows value="......"/>
        </Layers>
        <Layers index="Place" Area="-3,-3,3,3">
            <Sets index="0">
                <Positive index="BlockVision" value="1"/>
            </Sets>
            <Rows value="xx...."/>
            <Rows value="xxx..."/>
            <Rows value=".xxx.."/>
            <Rows value="..xxx."/>
            <Rows value="...xxx"/>
            <Rows value="....xx"/>
        </Layers>
        <Shape>
            <Radius value="3.6057"/>
            <Offsets value="-3,2;-2,3;2,-3;3,-2"/>
            <Borders value="0,1,2;1,3,2;2,0,2;3,2,2"/>
        </Shape>
    </CFootprint>
    <CFootprint id="Tarsonis_DoorNELowered">
        <Layers index="Check" Area="-3,-3,3,3">
            <Rows value="......"/>
            <Rows value="......"/>
            <Rows value="......"/>
            <Rows value="......"/>
            <Rows value="......"/>
            <Rows value="......"/>
        </Layers>
        <Layers index="Place" Area="-3,-3,3,3">
            <Sets index="0">
                <Positive index="BlockVision" value="1"/>
            </Sets>
            <Rows value="xx...."/>
            <Rows value="xx...."/>
            <Rows value="......"/>
            <Rows value="......"/>
            <Rows value="....xx"/>
            <Rows value="....xx"/>
        </Layers>
        <Shape>
            <Radius value="3.6057"/>
            <Offsets value="-3,2;-2,3;-1.75,0.75;-0.75,1.75;0.75,-1.75;1.75,-0.75;2,-3;3,-2"/>
            <Borders value="0,1,2;1,3,2;2,0,2;3,2,2;4,5,2;5,7,2;6,4,2;7,6,2"/>
        </Shape>
    </CFootprint>
    <CFootprint id="Tarsonis_DoorNW">
        <Layers index="Check" Area="-3,-3,3,3">
            <Rows value="......"/>
            <Rows value="......"/>
            <Rows value="......"/>
            <Rows value="......"/>
            <Rows value="......"/>
            <Rows value="......"/>
        </Layers>
        <Layers index="Place" Area="-3,-3,3,3">
            <Sets index="0">
                <Positive index="BlockVision" value="1"/>
            </Sets>
            <Rows value="....xx"/>
            <Rows value="...xxx"/>
            <Rows value="..xxx."/>
            <Rows value=".xxx.."/>
            <Rows value="xxx..."/>
            <Rows value="xx...."/>
        </Layers>
        <Shape>
            <Radius value="3.6057"/>
            <Offsets value="-3,-2;2,3;-2,-3;3,2"/>
            <Borders value="0,1,2;1,3,2;2,0,2;3,2,2"/>
        </Shape>
    </CFootprint>
    <CFootprint id="Tarsonis_DoorNWLowered">
        <Layers index="Check" Area="-3,-3,3,3">
            <Rows value="......"/>
            <Rows value="......"/>
            <Rows value="......"/>
            <Rows value="......"/>
            <Rows value="......"/>
            <Rows value="......"/>
        </Layers>
        <Layers index="Place" Area="-3,-3,3,3">
            <Sets index="0">
                <Positive index="BlockVision" value="1"/>
            </Sets>
            <Rows value="....xx"/>
            <Rows value="....xx"/>
            <Rows value="......"/>
            <Rows value="......"/>
            <Rows value="xx...."/>
            <Rows value="xx...."/>
        </Layers>
        <Shape>
            <Radius value="3.6057"/>
            <Offsets value="-3,-2;-1.75,-0.75;0.75,1.75;2,3;-2,-3;-0.75,-1.75;1.75,0.75;3,2"/>
            <Borders value="0,1,2;1,5,2;2,3,2;3,7,2;4,0,2;5,4,2;6,2,2;7,6,2"/>
        </Shape>
    </CFootprint>
    <CFootprint id="Tarsonis_DoorE">
        <Layers index="Check" Area="-1,-4,1,4">
            <Rows value=".."/>
            <Rows value=".."/>
            <Rows value=".."/>
            <Rows value=".."/>
            <Rows value=".."/>
            <Rows value=".."/>
            <Rows value=".."/>
            <Rows value=".."/>
        </Layers>
        <Layers index="Place" Area="-1,-4,1,4">
            <Sets index="0">
                <Positive index="BlockVision" value="1"/>
            </Sets>
            <Rows value="xx"/>
            <Rows value="xx"/>
            <Rows value="xx"/>
            <Rows value="xx"/>
            <Rows value="xx"/>
            <Rows value="xx"/>
            <Rows value="xx"/>
            <Rows value="xx"/>
        </Layers>
        <Shape>
            <Radius value="3.5795"/>
            <Offsets value="-0.75,-3.5;0.75,-3.5;-0.75,3.5;0.75,3.5"/>
            <Borders value="0,2,2;1,0,2;2,3,2;3,1,2"/>
        </Shape>
    </CFootprint>
    <CFootprint id="Tarsonis_DoorELowered">
        <Layers index="Check" Area="-1,-4,1,4">
            <Rows value=".."/>
            <Rows value=".."/>
            <Rows value=".."/>
            <Rows value=".."/>
            <Rows value=".."/>
            <Rows value=".."/>
            <Rows value=".."/>
            <Rows value=".."/>
        </Layers>
        <Layers index="Place" Area="-1,-4,1,4">
            <Sets index="0">
                <Positive index="BlockVision" value="1"/>
            </Sets>
            <Rows value="xx"/>
            <Rows value="xx"/>
            <Rows value=".."/>
            <Rows value=".."/>
            <Rows value=".."/>
            <Rows value=".."/>
            <Rows value="xx"/>
            <Rows value="xx"/>
        </Layers>
        <Shape>
            <Radius value="3.5795"/>
            <Offsets value="-0.75,-3.5;0.75,-3.5;-0.75,-1.75;0.75,-1.75;-0.75,1.75;0.75,1.75;-0.75,3.5;0.75,3.5"/>
            <Borders value="0,2,2;1,0,2;2,3,2;3,1,2;4,6,2;5,4,2;6,7,2;7,5,2"/>
        </Shape>
    </CFootprint>
</Catalog>
