<?xml version="1.0" encoding="us-ascii"?>
<Catalog>
    <CGameUI id="Dflt">
        <CameraEventThresholdDistance value="0.5"/>
        <CameraEventThresholdPitch value="4.9987"/>
        <CameraEventThresholdYaw value="14.9963"/>
        <CameraEventThresholdTarget value="1"/>
        <HelpTechTitle value="UI/HelpMenuDialogTechVoid"/>
        <HelpTechTreeSuffix value="_Void"/>
        <!-- <StartupDSPArray value="Void_HowlingWolfeLimiter_MasterOutputs"/> -->
        <SoundData index="Death">
            <DSPArray index="0" removed="1"/>
        </SoundData>
        <SoundData index="Spell">
            <DSPArray index="0" removed="1"/>
        </SoundData>
        <SoundData index="Combat">
            <DSPArray index="0" removed="1"/>
        </SoundData>
        <SoundData index="SEmitters">
            <VolumeRolloffPoints index="1" Distance="100.000000"/>
        </SoundData>
		<MusicArray index="0" value="Music_VoidStartup"/>
        <IntroMusic value="Music_VoidIntro"/>
		<PostGameMusic value="Music_VoidIntro"/>
        <DSPArray value="Void_HowlingWolfeLimiter_MasterOutputs"/>
        <LoadingScreenHelp index="62" removed="1"/>
    </CGameUI>
</Catalog>
