<?xml version="1.0" encoding="us-ascii"?>
<Catalog>
<CLensFlareSet id="AiurCity">
	<Flare Template="Sun" Model="LensFlareSunAiurCity" />
	<Flare Template="SimpleGlow" Model="LensFlareSimpleGlowAiurCity" />
	<Flare Template="SimpleStreaks" Model="LensFlareSimpleStreaksAiurCity" />
	<Flare Template="MedGlow" Model="LensFlareMedGlowAiurCity" />
	<Flare Template="MedStreaks" Model="LensFlareMedStreaksAiurCity" />
	<Flare Template="LargeGlow" Model="LensFlareLargeGlowAiurCity" />
	<Flare Template="LargeStreaks" Model="LensFlareLargeStreaksAiurCity" />
	<Flare Template="ChromaticAbberation" Model="LensFlareChromaticAbberationAiurCity" />
	<Flare Template="HorizontalFlare" Model="LensFlareHorizontalFlareAiurCity" />
</CLensFlareSet>
<CLensFlareSet id="AiurCityNight">
	<Flare Template="Sun" Model="LensFlareSunAiurCityNight" />
	<Flare Template="SimpleGlow" Model="LensFlareSimpleGlowAiurCityNight" />
	<Flare Template="SimpleStreaks" Model="LensFlareSimpleStreaksAiurCityNight" />
	<Flare Template="MedGlow" Model="LensFlareMedGlowAiurCityNight" />
	<Flare Template="MedStreaks" Model="LensFlareMedStreaksAiurCityNight" />
	<Flare Template="LargeGlow" Model="LensFlareLargeGlowAiurCityNight" />
	<Flare Template="LargeStreaks" Model="LensFlareLargeStreaksAiurCityNight" />
	<Flare Template="ChromaticAbberation" Model="LensFlareChromaticAbberationAiurCityNight" />
	<Flare Template="HorizontalFlare" Model="LensFlareHorizontalFlareAiurCityNight" />
</CLensFlareSet>
<CLensFlareSet id="AiurTemple">
	<Flare Template="Sun" Model="LensFlareSunAiurTemple" />
	<Flare Template="SimpleGlow" Model="LensFlareSimpleGlowAiurTemple" />
	<Flare Template="SimpleStreaks" Model="LensFlareSimpleStreaksAiurTemple" />
	<Flare Template="MedGlow" Model="LensFlareMedGlowAiurTemple" />
	<Flare Template="MedStreaks" Model="LensFlareMedStreaksAiurTemple" />
	<Flare Template="LargeGlow" Model="LensFlareLargeGlowAiurTemple" />
	<Flare Template="LargeStreaks" Model="LensFlareLargeStreaksAiurTemple" />
	<Flare Template="ChromaticAbberation" Model="LensFlareChromaticAbberationAiurTemple" />
	<Flare Template="HorizontalFlare" Model="LensFlareHorizontalFlareAiurTemple" />
</CLensFlareSet>
</Catalog>

