<?xml version="1.0" encoding="us-ascii"?>
<Catalog>
    <CLight id="AiurMorning" parent="default">
        <ToDInfoArray index="0" Id="AiurMorning" AmbientColor="0.447059,0.345098,0.247059" Colorize="1">
            <Param index="HDRExposure" value="1.500000"/>
            <Param index="HDRWhitePoint" value="1.850000"/>
            <Param index="TerrainSpecularExp" value="11.210000"/>
            <Param index="TerrainHDRSpecular" value="3.750000"/>
            <Param index="CreepSpecularExp" value="30.000000"/>
            <Param index="CreepHDRSpecMultiplier" value="3.000000"/>
            <Param index="ColorizationContrast" value="1.100000"/>
            <Param index="ColorizationHue" value="0.001000"/>
            <Param index="ColorizationSaturation" value="0.118000"/>
            <Param index="ColorizationLightness" value="0.136000"/>
            <Param index="ColorizationBlend" value="0.300000"/>
            <DirectionalLight index="Key">
                <Color value="0.921569,0.745098,0.639216"/>
                <ColorMultiplier value="1.200000"/>
                <SpecColorMultiplier value="1.250000"/>
                <Direction value="0.742957,-0.152642,-0.651702"/>
            </DirectionalLight>
            <DirectionalLight index="Fill" Color="0.101961,0.156863,0.317647" ColorMultiplier="2.000000" Direction="-0.959825,0.159931,0.230559"/>
            <DirectionalLight index="Back" Color="0.474510,0.156863,0.019608" ColorMultiplier="1.000000" Direction="-0.476542,-0.861832,-0.173648"/>
        </ToDInfoArray>
        <EditorCategories value="LightGroup:Tilesets"/>
    </CLight>
    <CLight id="AiurNight" parent="default">
        <ToDInfoArray index="0" Id="AiurNight" AmbientColor="0.121569,0.176471,0.384314" Colorize="1">
            <Param index="HDRExposure" value="1.000000"/>
            <Param index="HDRBloomThreshold" value="0.500000"/>
            <Param index="HDRDiffuseMultiplier" value="0.900000"/>
            <Param index="HDRWhitePoint" value="1.850000"/>
            <Param index="HDREmisMultiplier" value="1.500000"/>
            <Param index="TerrainSpecularExp" value="12.340000"/>
            <Param index="TerrainHDRSpecular" value="1.750000"/>
            <Param index="CreepSpecularExp" value="30.000000"/>
            <Param index="CreepHDRSpecMultiplier" value="3.000000"/>
            <Param index="ColorizationOutputLow" value="0.010000"/>
            <Param index="ColorizationBrightness" value="1.020000"/>
            <Param index="ColorizationContrast" value="1.189000"/>
            <Param index="ColorizationHue" value="-0.355000"/>
            <Param index="ColorizationSaturation" value="0.140000"/>
            <Param index="ColorizationLightness" value="0.190000"/>
            <Param index="ColorizationBlend" value="0.300000"/>
            <Param index="ShadowPenumbraSize" value="0.100000"/>
            <DirectionalLight index="Key">
                <Color value="0.443137,0.686275,1.000000"/>
                <ColorMultiplier value="1.300000"/>
                <SpecColorMultiplier value="1.100000"/>
                <Direction value="0.566719,-0.240558,-0.788011"/>
            </DirectionalLight>
            <DirectionalLight index="Fill" Color="0.125490,0.407843,0.819608" ColorMultiplier="1.000000" Direction="-0.274118,-0.951573,-0.139173"/>
            <DirectionalLight index="Back" Color="0.631373,0.815686,0.972549" ColorMultiplier="1.500000" Direction="-0.788990,-0.284365,0.544639"/>
        </ToDInfoArray>
        <EditorCategories value="LightGroup:Tilesets"/>
    </CLight>
    <CLight id="AiurSunset" parent="default">
        <ToDInfoArray index="0" Id="AiurTempleJungle" AmbientColor="0.176471,0.211765,0.352941" Colorize="1">
            <Param index="HDRExposure" value="1.300000"/>
            <Param index="HDRBloomThreshold" value="0.500000"/>
            <Param index="HDRWhitePoint" value="1.850000"/>
            <Param index="HDRSpecMultiplier" value="1.300000"/>
            <Param index="TerrainSpecularExp" value="15.760000"/>
            <Param index="TerrainHDRDiffuse" value="1.200000"/>
            <Param index="TerrainHDRSpecular" value="3.750000"/>
            <Param index="CreepSpecularExp" value="30.000000"/>
            <Param index="CreepHDRSpecMultiplier" value="3.000000"/>
            <Param index="ColorizationOutputLow" value="0.011000"/>
            <Param index="ColorizationBrightness" value="1.130000"/>
            <Param index="ColorizationContrast" value="1.020000"/>
            <Param index="ColorizationHue" value="0.035000"/>
            <Param index="ColorizationSaturation" value="0.378000"/>
            <Param index="ColorizationLightness" value="0.100000"/>
            <Param index="ColorizationBlend" value="0.300000"/>
            <Param index="ShadowPenumbraSize" value="0.100000"/>
            <DirectionalLight index="Key">
                <Color value="0.772549,0.505882,0.101961"/>
                <ColorMultiplier value="1.000000"/>
                <SpecularColor value="1.000000,0.600000,0.403922"/>
                <SpecColorMultiplier value="1.300000"/>
                <Direction value="0.750665,-0.201140,-0.629321"/>
            </DirectionalLight>
            <DirectionalLight index="Fill" Color="0.168627,0.349020,0.823529" ColorMultiplier="1.000000" Direction="-0.274118,-0.951573,-0.139173"/>
            <DirectionalLight index="Back" Color="0.976471,0.392157,0.376471" ColorMultiplier="0.400000" Direction="-0.788990,-0.284365,0.544639"/>
        </ToDInfoArray>
        <EditorCategories value="LightGroup:Tilesets"/>
    </CLight>
    <CLight id="AiurSunsetForEndion" parent="default">
        <ToDInfoArray index="0" Id="AiurSunset" AmbientColor="0.176471,0.211765,0.352941" Colorize="1">
            <Param index="HDRExposure" value="1.300000"/>
            <Param index="HDRBloomThreshold" value="0.500000"/>
            <Param index="HDRWhitePoint" value="1.850000"/>
            <Param index="HDRSpecMultiplier" value="1.300000"/>
            <Param index="TerrainSpecularExp" value="15.760000"/>
            <Param index="TerrainHDRDiffuse" value="1.200000"/>
            <Param index="TerrainHDRSpecular" value="3.750000"/>
            <Param index="CreepSpecularExp" value="30.000000"/>
            <Param index="CreepHDRSpecMultiplier" value="3.000000"/>
            <Param index="ColorizationOutputLow" value="0.011000"/>
            <Param index="ColorizationBrightness" value="1.130000"/>
            <Param index="ColorizationContrast" value="1.020000"/>
            <Param index="ColorizationHue" value="0.035000"/>
            <Param index="ColorizationSaturation" value="0.378000"/>
            <Param index="ColorizationLightness" value="0.100000"/>
            <Param index="ColorizationBlend" value="0.300000"/>
            <Param index="ShadowPenumbraSize" value="0.100000"/>
            <DirectionalLight index="Key">
                <Color value="0.772549,0.505882,0.101961"/>
                <ColorMultiplier value="1.000000"/>
                <SpecularColor value="1.000000,0.600000,0.403922"/>
                <SpecColorMultiplier value="1.300000"/>
                <Direction value="0.750665,-0.201140,-0.629321"/>
            </DirectionalLight>
            <DirectionalLight index="Fill" Color="0.168627,0.349020,0.823529" ColorMultiplier="1.000000" Direction="-0.274118,-0.951573,-0.139173"/>
            <DirectionalLight index="Back" Color="0.976471,0.392157,0.376471" ColorMultiplier="0.400000" Direction="-0.788990,-0.284365,0.544639"/>
        </ToDInfoArray>
        <EditorCategories value="LightGroup:Tilesets"/>
    </CLight>
    <CLight id="DevourerMPPortrait" parent="default">
        <ToDInfoArray index="0" Id="ScantipedePortrait" AmbientColor="0.403922,0.219608,0.000000">
            <Param index="HDRExposure" value="1.480000"/>
            <Param index="HDRBloomThreshold" value="1.950000"/>
            <Param index="HDRSpecMultiplier" value="2.630000"/>
            <Param index="HDREmisMultiplier" value="3.340000"/>
            <DirectionalLight index="Key">
                <Color value="1.000000,1.000000,0.792157"/>
                <ColorMultiplier value="1.047000"/>
                <SpecularColor value="1.000000,1.000000,0.792157"/>
                <SpecColorMultiplier value="1.995000"/>
                <Direction value="0.634811,0.211543,-0.743145"/>
            </DirectionalLight>
            <DirectionalLight index="Fill" Color="0.000000,0.501961,1.000000" ColorMultiplier="1.698000" Direction="-0.830928,0.222180,-0.510093"/>
            <DirectionalLight index="Back" Color="1.000000,0.501961,0.000000" ColorMultiplier="0.065000" Direction="0.098161,0.479903,0.871813"/>
        </ToDInfoArray>
        <EditorCategories value="LightGroup:PortraitsUnitsZerg"/>
    </CLight>
    <CLight id="Epilogue03" parent="default">
        <ToDInfoArray index="0">
            <Id value="Epilogue03"/>
            <AmbientColor value="0.192157,0.231373,0.243137"/>
            <OperatorHDR value="4"/>
            <Colorize value="1"/>
            <Param index="HDRExposure" value="1.500000"/>
            <Param index="HDRBloomThreshold" value="0.800000"/>
            <Param index="HDRDiffuseMultiplier" value="1.100000"/>
            <Param index="HDRWhitePoint" value="1.850000"/>
            <Param index="TerrainSpecularExp" value="22.809999"/>
            <Param index="TerrainHDRSpecular" value="2.750000"/>
            <Param index="CreepSpecularExp" value="30.000000"/>
            <Param index="ColorizationOutputLow" value="0.010000"/>
            <Param index="ColorizationBrightness" value="1.030000"/>
            <Param index="ColorizationContrast" value="1.180000"/>
            <Param index="ColorizationHue" value="-0.313000"/>
            <Param index="ColorizationSaturation" value="0.100000"/>
            <Param index="ColorizationLightness" value="0.130000"/>
            <Param index="ColorizationBlend" value="0.480000"/>
            <Param index="ShadowPenumbraSize" value="0.100000"/>
            <DirectionalLight index="Key">
                <Color value="0.301961,0.384314,0.447059"/>
                <ColorMultiplier value="1.200000"/>
                <SpecColorMultiplier value="1.000000"/>
                <Direction value="0.566719,-0.240558,-0.788011"/>
            </DirectionalLight>
            <DirectionalLight index="Fill" Color="0.913726,0.411765,0.309804" ColorMultiplier="1.500000" Direction="-0.274118,-0.951573,-0.139173"/>
            <DirectionalLight index="Back" Color="0.513726,0.666667,0.839216" ColorMultiplier="0.400000" Direction="0.988054,0.153665,0.011693"/>
        </ToDInfoArray>
        <EditorCategories value="LightGroup:Tilesets"/>
    </CLight>
    <CLight id="RogueAI_BotAttack_Portrait_Lighting" parent="default">
        <ToDInfoArray index="0" Id="Avernus" AmbientColor="0.188235,0.215686,0.286275" Colorize="1">
            <Param index="HDRExposure" value="1.500000"/>
            <Param index="HDRBloomThreshold" value="1.100000"/>
            <Param index="HDRWhitePoint" value="1.850000"/>
            <Param index="TerrainSpecularExp" value="11.210000"/>
            <Param index="TerrainHDRSpecular" value="3.750000"/>
            <Param index="CreepSpecularExp" value="30.000000"/>
            <Param index="CreepHDRSpecMultiplier" value="3.000000"/>
            <Param index="ColorizationContrast" value="1.066000"/>
            <Param index="ColorizationHue" value="0.001000"/>
            <Param index="ColorizationBlend" value="0.180000"/>
            <DirectionalLight index="Key">
                <Color value="0.694118,0.858824,1.000000"/>
                <ColorMultiplier value="1.000000"/>
                <SpecColorMultiplier value="3.126000"/>
                <Direction value="-0.227385,0.552223,-0.802088"/>
            </DirectionalLight>
            <DirectionalLight index="Fill" Color="0.301961,0.341176,0.376471" ColorMultiplier="2.200000" Direction="-0.175375,0.722155,0.669131"/>
            <DirectionalLight index="Back" Color="0.925490,0.400000,0.007843" ColorMultiplier="1.380000" Direction="-0.668793,-0.021251,0.743145"/>
        </ToDInfoArray>
        <EditorCategories value="LightGroup:PortraitsUnitsProtoss"/>
    </CLight>
    <CLight id="RogueAI_BotHeal_Portrait" parent="default">
        <ToDInfoArray index="0" Id="Avernus" AmbientColor="0.188235,0.215686,0.286275" Colorize="1">
            <Param index="HDRExposure" value="1.500000"/>
            <Param index="HDRBloomThreshold" value="1.100000"/>
            <Param index="HDRWhitePoint" value="1.850000"/>
            <Param index="TerrainSpecularExp" value="11.210000"/>
            <Param index="TerrainHDRSpecular" value="3.750000"/>
            <Param index="CreepSpecularExp" value="30.000000"/>
            <Param index="CreepHDRSpecMultiplier" value="3.000000"/>
            <Param index="ColorizationContrast" value="1.066000"/>
            <Param index="ColorizationHue" value="0.001000"/>
            <Param index="ColorizationBlend" value="0.180000"/>
            <DirectionalLight index="Key">
                <Color value="0.694118,0.858824,1.000000"/>
                <ColorMultiplier value="1.000000"/>
                <SpecColorMultiplier value="3.126000"/>
                <Direction value="0.265947,-0.585191,-0.766044"/>
            </DirectionalLight>
            <DirectionalLight index="Fill" Color="0.305882,0.345098,0.380392" ColorMultiplier="2.200000" Direction="0.889191,0.229133,0.396026"/>
            <DirectionalLight index="Back" Color="0.925490,0.400000,0.007843" ColorMultiplier="1.380000" Direction="-0.668793,-0.021251,0.743145"/>
        </ToDInfoArray>
        <EditorCategories value="LightGroup:PortraitsUnitsProtoss"/>
    </CLight>
    <CLight id="Slayn">
        <ToDInfoArray index="0">
            <Id value="Slayn"/>
            <AmbientColor value="0.207843,0.270588,0.400000"/>
            <OperatorHDR value="4"/>
            <Colorize value="1"/>
            <Param index="HDRExposure" value="1.500000"/>
            <Param index="HDRWhitePoint" value="1.850000"/>
            <Param index="HDRGain" value="0.000000"/>
            <Param index="HDRScale" value="0.000000"/>
            <Param index="TerrainSpecularExp" value="11.210000"/>
            <Param index="TerrainHDRSpecular" value="3.750000"/>
            <Param index="CreepSpecularExp" value="30.000000"/>
            <Param index="CreepHDRSpecMultiplier" value="3.000000"/>
            <Param index="ColorizationContrast" value="1.066000"/>
            <Param index="ColorizationHue" value="0.001000"/>
            <Param index="ColorizationBlend" value="0.300000"/>
            <Param index="AOOcclusionRadius" value="1.000000"/>
            <Param index="AONoOcclusion" value="0.900000"/>
            <Param index="AOOcclusionPower" value="2.000000"/>
            <Param index="AODetailOcclusionRadius" value="0.010000"/>
            <Param index="AODetailNoOcclusion" value="0.060000"/>
            <Param index="AODetailOcclusionPower" value="4.000000"/>
            <DirectionalLight index="Key">
                <Color value="0.360784,0.509804,0.886275"/>
                <ColorMultiplier value="1.000000"/>
                <SpecColorMultiplier value="1.250000"/>
                <Direction value="0.724693,-0.124265,-0.677775"/>
            </DirectionalLight>
            <DirectionalLight index="Fill" Color="0.258824,0.184314,0.164706" ColorMultiplier="3.000000" Direction="-0.463854,-0.769851,0.438371"/>
            <DirectionalLight index="Back" Color="0.454902,0.325490,0.525490" ColorMultiplier="3.000000" Direction="-0.668793,-0.021251,0.743145"/>
        </ToDInfoArray>
        <EditorCategories value="LightGroup:Tilesets"/>
    </CLight>
    <CLight id="PortraitSlaynElemental" parent="default">
        <ToDInfoArray index="0" Id="Slayn" AmbientColor="0.368627,0.360784,0.360784" Colorize="1">
            <Param index="HDRExposure" value="1.550000"/>
            <Param index="HDRWhitePoint" value="1.850000"/>
            <Param index="TerrainSpecularExp" value="8.850000"/>
            <Param index="TerrainHDRDiffuse" value="1.500000"/>
            <Param index="TerrainHDRSpecular" value="1.500000"/>
            <Param index="CreepSpecularExp" value="30.000000"/>
            <Param index="CreepHDRSpecMultiplier" value="3.000000"/>
            <Param index="ColorizationInputHigh" value="0.916000"/>
            <Param index="ColorizationBrightness" value="1.090000"/>
            <Param index="ColorizationContrast" value="1.180000"/>
            <Param index="ColorizationHue" value="-0.336000"/>
            <Param index="ColorizationSaturation" value="0.192000"/>
            <Param index="ColorizationLightness" value="0.130000"/>
            <Param index="ColorizationBlend" value="0.300000"/>
            <DirectionalLight index="Key">
                <Color value="0.768628,0.694118,0.584314"/>
                <ColorMultiplier value="1.100000"/>
                <SpecColorMultiplier value="1.150000"/>
                <Direction value="0.657318,-0.386109,-0.647189"/>
            </DirectionalLight>
            <DirectionalLight index="Fill" Color="0.533333,0.494118,0.341176" ColorMultiplier="2.000000" Direction="-0.484961,-0.804882,0.342020"/>
            <DirectionalLight index="Back" Color="0.337255,0.364706,0.447059" ColorMultiplier="2.000000" Direction="-0.668793,-0.021251,0.743145"/>
        </ToDInfoArray>
        <EditorCategories value="LightGroup:PortraitsUnitsCritter"/>
    </CLight>
    <CLight id="SlaynGrass">
        <ToDInfoArray index="0">
            <Id value="SlaynGrass"/>
            <AmbientColor value="0.207843,0.270588,0.400000"/>
            <OperatorHDR value="4"/>
            <Colorize value="1"/>
            <Param index="HDRExposure" value="1.500000"/>
            <Param index="HDRWhitePoint" value="1.850000"/>
            <Param index="HDRGain" value="0.000000"/>
            <Param index="HDRScale" value="0.000000"/>
            <Param index="TerrainSpecularExp" value="11.210000"/>
            <Param index="TerrainHDRSpecular" value="3.750000"/>
            <Param index="CreepSpecularExp" value="30.000000"/>
            <Param index="CreepHDRSpecMultiplier" value="3.000000"/>
            <Param index="ColorizationContrast" value="1.066000"/>
            <Param index="ColorizationHue" value="0.001000"/>
            <Param index="ColorizationBlend" value="0.300000"/>
            <Param index="AOOcclusionRadius" value="1.000000"/>
            <Param index="AONoOcclusion" value="0.900000"/>
            <Param index="AOOcclusionPower" value="2.000000"/>
            <Param index="AODetailOcclusionRadius" value="0.010000"/>
            <Param index="AODetailNoOcclusion" value="0.060000"/>
            <Param index="AODetailOcclusionPower" value="4.000000"/>
            <DirectionalLight index="Key">
                <Color value="0.360784,0.509804,0.886275"/>
                <ColorMultiplier value="1.000000"/>
                <SpecColorMultiplier value="1.250000"/>
                <Direction value="0.724693,-0.124265,-0.677775"/>
            </DirectionalLight>
            <DirectionalLight index="Fill" Color="0.258824,0.184314,0.164706" ColorMultiplier="3.000000" Direction="-0.463854,-0.769851,0.438371"/>
            <DirectionalLight index="Back" Color="0.454902,0.325490,0.525490" ColorMultiplier="3.000000" Direction="-0.668793,-0.021251,0.743145"/>
        </ToDInfoArray>
        <EditorCategories value="LightGroup:Tilesets"/>
    </CLight>
    <CLight id="ShakurasTemple">
        <ToDInfoArray index="0">
            <Id value="ShakurasTemple"/>
            <AmbientColor value="0.392157,0.400000,0.411765"/>
            <OperatorHDR value="4"/>
            <Colorize value="1"/>
            <Param index="HDRExposure" value="1.550000"/>
            <Param index="HDRWhitePoint" value="1.850000"/>
            <Param index="HDRGain" value="0.000000"/>
            <Param index="HDRScale" value="0.000000"/>
            <Param index="TerrainSpecularExp" value="24.010000"/>
            <Param index="TerrainHDRDiffuse" value="1.260000"/>
            <Param index="TerrainHDRSpecular" value="1.470000"/>
            <Param index="CreepHDRSpecMultiplier" value="0.800000"/>
            <Param index="ColorizationContrast" value="1.210000"/>
            <Param index="ColorizationHue" value="-0.348000"/>
            <Param index="ColorizationSaturation" value="0.230000"/>
            <Param index="ColorizationLightness" value="0.170000"/>
            <Param index="ColorizationBlend" value="0.450000"/>
            <Param index="AOOcclusionRadius" value="1.000000"/>
            <Param index="AONoOcclusion" value="0.900000"/>
            <Param index="AOOcclusionPower" value="2.000000"/>
            <Param index="AODetailOcclusionRadius" value="0.010000"/>
            <Param index="AODetailNoOcclusion" value="0.060000"/>
            <Param index="AODetailOcclusionPower" value="4.000000"/>
            <DirectionalLight index="Key">
                <Color value="0.941177,0.886275,0.662745"/>
                <ColorMultiplier value="1.300000"/>
                <SpecColorMultiplier value="1.000000"/>
                <Direction value="0.272278,-0.716023,-0.642788"/>
            </DirectionalLight>
            <DirectionalLight index="Fill" Color="0.537255,0.858824,0.972549" ColorMultiplier="2.500000" Direction="-0.497439,-0.646638,0.578285"/>
            <DirectionalLight index="Back" Color="1.000000,0.819608,0.301961" ColorMultiplier="0.400000" Direction="0.239995,0.526133,0.815835"/>
        </ToDInfoArray>
        <EditorCategories value="LightGroup:Tilesets"/>
    </CLight>
    <CLight id="ShakurasCity">
        <ToDInfoArray index="0">
            <Id value="ShakurasCity"/>
            <AmbientColor value="0.282353,0.282353,0.282353"/>
            <AmbientEnvironmentMultiplier value="0.313000"/>
            <OperatorHDR value="4"/>
            <Colorize value="1"/>
            <Param index="HDRExposure" value="1.350000"/>
            <Param index="HDRBloomThreshold" value="0.800000"/>
            <Param index="HDRWhitePoint" value="1.850000"/>
            <Param index="HDREmisMultiplier" value="1.380000"/>
            <Param index="HDRGain" value="0.000000"/>
            <Param index="HDRScale" value="0.000000"/>
            <Param index="TerrainSpecularExp" value="11.210000"/>
            <Param index="TerrainHDRSpecular" value="3.750000"/>
            <Param index="CreepSpecularExp" value="18.240000"/>
            <Param index="CreepHDRSpecMultiplier" value="3.000000"/>
            <Param index="ColorizationContrast" value="1.177000"/>
            <Param index="ColorizationHue" value="-0.362000"/>
            <Param index="ColorizationSaturation" value="0.246000"/>
            <Param index="ColorizationLightness" value="0.214000"/>
            <Param index="ColorizationBlend" value="0.331000"/>
            <Param index="AOOcclusionRadius" value="1.000000"/>
            <Param index="AONoOcclusion" value="0.900000"/>
            <Param index="AOOcclusionPower" value="2.000000"/>
            <Param index="AODetailOcclusionRadius" value="0.010000"/>
            <Param index="AODetailNoOcclusion" value="0.060000"/>
            <Param index="AODetailOcclusionPower" value="4.000000"/>
            <DirectionalLight index="Key">
                <Color value="0.729412,0.721569,0.713726"/>
                <ColorMultiplier value="0.733000"/>
                <SpecColorMultiplier value="1.000000"/>
                <Direction value="0.694127,-0.217526,-0.686199"/>
            </DirectionalLight>
            <DirectionalLight index="Fill" Color="0.184314,0.227451,0.231373" ColorMultiplier="1.445000" Direction="0.087874,0.175711,-0.980512"/>
            <DirectionalLight index="Back" Color="0.156863,0.184314,0.219608" ColorMultiplier="2.692000" Direction="-0.709236,0.246704,0.660395"/>
        </ToDInfoArray>
        <EditorCategories value="LightGroup:Tilesets"/>
    </CLight>
    <CLight id="OraclePortrait">
        <ToDInfoArray index="0" AmbientColor="0.129412,0.243137,0.545098">
            <Param index="HDRExposure" value="1.480000"/>
            <Param index="HDRBloomThreshold" value="1.950000"/>
            <DirectionalLight index="Key" ColorMultiplier="3.055000" SpecColorMultiplier="0.490000"/>
        </ToDInfoArray>
    </CLight>
    <CLight id="KorhalPlatformEx2" parent="default">
        <ToDInfoArray index="0" Id="KorhalPlatformEx2" AmbientColor="0.301961,0.309804,0.309804" Colorize="1">
            <Param index="HDRExposure" value="1.600000"/>
            <Param index="HDRWhitePoint" value="1.850000"/>
            <Param index="TerrainSpecularExp" value="8.660000"/>
            <Param index="TerrainHDRDiffuse" value="1.240000"/>
            <Param index="TerrainHDRSpecular" value="4.000000"/>
            <Param index="CreepSpecularExp" value="30.000000"/>
            <Param index="CreepHDRSpecMultiplier" value="3.000000"/>
            <Param index="ColorizationBrightness" value="1.020000"/>
            <Param index="ColorizationContrast" value="1.090000"/>
            <Param index="ColorizationHue" value="-0.360000"/>
            <Param index="ColorizationSaturation" value="0.110000"/>
            <Param index="ColorizationLightness" value="0.256000"/>
            <Param index="ColorizationBlend" value="0.300000"/>
            <DirectionalLight index="Key">
                <Color value="0.768628,0.694118,0.584314"/>
                <ColorMultiplier value="1.200000"/>
                <SpecColorMultiplier value="1.000000"/>
                <Direction value="0.724693,-0.124265,-0.677775"/>
            </DirectionalLight>
            <DirectionalLight index="Fill" Color="0.239216,0.462745,0.647059" ColorMultiplier="1.500000" Direction="-0.463854,-0.769851,0.438371"/>
            <DirectionalLight index="Back" Color="0.082353,0.121569,0.200000" ColorMultiplier="1.400000" Direction="-0.668793,-0.021251,0.743145"/>
        </ToDInfoArray>
        <EditorCategories value="LightGroup:Tilesets"/>
    </CLight>
    <CLight id="KorhalPlatformEx2_Fire" parent="default">
        <ToDInfoArray index="0" Id="KorhalPlatformEx2_Fire" AmbientColor="0.301961,0.309804,0.309804" Colorize="1">
            <Param index="HDRExposure" value="1.600000"/>
            <Param index="HDRWhitePoint" value="1.850000"/>
            <Param index="TerrainSpecularExp" value="8.660000"/>
            <Param index="TerrainHDRDiffuse" value="1.240000"/>
            <Param index="TerrainHDRSpecular" value="4.000000"/>
            <Param index="CreepSpecularExp" value="30.000000"/>
            <Param index="CreepHDRSpecMultiplier" value="3.000000"/>
            <Param index="ColorizationBrightness" value="1.020000"/>
            <Param index="ColorizationContrast" value="1.090000"/>
            <Param index="ColorizationHue" value="0.024000"/>
            <Param index="ColorizationSaturation" value="0.136000"/>
            <Param index="ColorizationLightness" value="0.256000"/>
            <Param index="ColorizationBlend" value="0.300000"/>
            <DirectionalLight index="Key">
                <Color value="0.768628,0.694118,0.584314"/>
                <ColorMultiplier value="1.200000"/>
                <SpecColorMultiplier value="1.000000"/>
                <Direction value="0.724693,-0.124265,-0.677775"/>
            </DirectionalLight>
            <DirectionalLight index="Fill" Color="0.239216,0.462745,0.647059" ColorMultiplier="1.500000" Direction="-0.463854,-0.769851,0.438371"/>
            <DirectionalLight index="Back" Color="0.082353,0.121569,0.200000" ColorMultiplier="1.400000" Direction="-0.668793,-0.021251,0.743145"/>
        </ToDInfoArray>
        <EditorCategories value="LightGroup:Tilesets"/>
    </CLight>
    <CLight id="TheVoid2" parent="default">
        <ToDInfoArray index="0">
            <Id value="TheVoid"/>
            <AmbientColor value="0.192157,0.231373,0.243137"/>
            <OperatorHDR value="4"/>
            <Colorize value="1"/>
            <Param index="HDRExposure" value="1.500000"/>
            <Param index="HDRBloomThreshold" value="0.800000"/>
            <Param index="HDRDiffuseMultiplier" value="1.100000"/>
            <Param index="HDRWhitePoint" value="1.850000"/>
            <Param index="TerrainSpecularExp" value="22.809999"/>
            <Param index="TerrainHDRSpecular" value="2.750000"/>
            <Param index="CreepSpecularExp" value="30.000000"/>
            <Param index="ColorizationInputLow" value="0.011000"/>
            <Param index="ColorizationInputHigh" value="0.998000"/>
            <Param index="ColorizationOutputLow" value="0.010000"/>
            <Param index="ColorizationBrightness" value="1.050000"/>
            <Param index="ColorizationContrast" value="1.130000"/>
            <Param index="ColorizationHue" value="-0.322000"/>
            <Param index="ColorizationSaturation" value="0.130000"/>
            <Param index="ColorizationLightness" value="0.200000"/>
            <Param index="ColorizationBlend" value="0.297000"/>
            <Param index="ShadowPenumbraSize" value="0.100000"/>
            <DirectionalLight index="Key">
                <Color value="0.301961,0.384314,0.447059"/>
                <ColorMultiplier value="1.400000"/>
                <SpecColorMultiplier value="1.000000"/>
                <Direction value="0.566719,-0.240558,-0.788011"/>
            </DirectionalLight>
            <DirectionalLight index="Fill" Color="0.917647,0.411765,0.309804" ColorMultiplier="1.603000" Direction="-0.274118,-0.951573,-0.139173"/>
            <DirectionalLight index="Back" Color="0.513726,0.666667,0.839216" ColorMultiplier="0.562000" Direction="0.988054,0.153665,0.011693"/>
        </ToDInfoArray>
        <EditorCategories value="LightGroup:Tilesets"/>
    </CLight>
    <CLight id="UlnarOuter" parent="default">
        <ToDInfoArray index="0" AmbientColor="0.447059,0.458824,0.462745" Colorize="1">
            <Param index="HDRExposure" value="1.500000"/>
            <Param index="HDRWhitePoint" value="1.850000"/>
            <Param index="TerrainSpecularExp" value="11.210000"/>
            <Param index="TerrainHDRSpecular" value="3.750000"/>
            <Param index="CreepSpecularExp" value="30.000000"/>
            <Param index="CreepHDRSpecMultiplier" value="3.000000"/>
            <Param index="ColorizationContrast" value="1.066000"/>
            <Param index="ColorizationHue" value="0.001000"/>
            <Param index="ColorizationBlend" value="0.300000"/>
            <DirectionalLight index="Key">
                <Color value="0.878431,0.929412,0.886275"/>
                <ColorMultiplier value="1.080000"/>
                <SpecColorMultiplier value="1.250000"/>
                <Direction value="0.724693,-0.124265,-0.677775"/>
            </DirectionalLight>
            <DirectionalLight index="Fill" Color="0.211765,0.803922,0.478431" ColorMultiplier="1.500000" Direction="-0.463854,-0.769851,0.438371"/>
            <DirectionalLight index="Back" Color="0.082353,0.121569,0.200000" ColorMultiplier="1.400000" Direction="-0.668793,-0.021251,0.743145"/>
        </ToDInfoArray>
        <EditorCategories value="LightGroup:Tilesets"/>
    </CLight>
    <CLight id="UlnarInner" parent="default">
        <ToDInfoArray index="0" AmbientColor="0.447059,0.458824,0.462745" Colorize="1">
            <Param index="HDRExposure" value="1.500000"/>
            <Param index="HDRWhitePoint" value="1.850000"/>
            <Param index="TerrainSpecularExp" value="11.210000"/>
            <Param index="TerrainHDRSpecular" value="3.750000"/>
            <Param index="CreepSpecularExp" value="30.000000"/>
            <Param index="CreepHDRSpecMultiplier" value="3.000000"/>
            <Param index="ColorizationContrast" value="1.066000"/>
            <Param index="ColorizationHue" value="0.001000"/>
            <Param index="ColorizationBlend" value="0.300000"/>
            <DirectionalLight index="Key">
                <Color value="0.878431,0.929412,0.886275"/>
                <ColorMultiplier value="1.080000"/>
                <SpecColorMultiplier value="1.250000"/>
                <Direction value="0.724693,-0.124265,-0.677775"/>
            </DirectionalLight>
            <DirectionalLight index="Fill" Color="0.211765,0.803922,0.478431" ColorMultiplier="1.500000" Direction="-0.463854,-0.769851,0.438371"/>
            <DirectionalLight index="Back" Color="0.082353,0.121569,0.200000" ColorMultiplier="1.400000" Direction="-0.668793,-0.021251,0.743145"/>
        </ToDInfoArray>
        <EditorCategories value="LightGroup:Tilesets"/>
    </CLight>
    <CLight id="Trion" parent="default">
        <ToDInfoArray index="0" AmbientColor="0.305882,0.294118,0.270588" Colorize="1">
            <Param index="HDRExposure" value="1.500000"/>
            <Param index="HDRWhitePoint" value="1.850000"/>
            <Param index="TerrainSpecularExp" value="11.210000"/>
            <Param index="TerrainHDRSpecular" value="3.750000"/>
            <Param index="CreepSpecularExp" value="30.000000"/>
            <Param index="CreepHDRSpecMultiplier" value="3.000000"/>
            <Param index="ColorizationContrast" value="1.066000"/>
            <Param index="ColorizationHue" value="0.001000"/>
            <Param index="ColorizationBlend" value="0.300000"/>
            <DirectionalLight index="Key">
                <Color value="0.870588,0.796078,0.686275"/>
                <ColorMultiplier value="1.000000"/>
                <SpecColorMultiplier value="1.250000"/>
                <Direction value="0.676743,-0.218582,-0.703023"/>
            </DirectionalLight>
            <DirectionalLight index="Fill" Color="0.141176,0.262745,0.282353" ColorMultiplier="3.000000" Direction="-0.499113,-0.618999,0.606405"/>
            <DirectionalLight index="Back" Color="0.141176,0.211765,0.349020" ColorMultiplier="2.065000" Direction="-0.709236,0.246704,0.660395"/>
        </ToDInfoArray>
        <EditorCategories value="LightGroup:Tilesets"/>
    </CLight>
    <CLight id="Cybros" parent="default">
        <ToDInfoArray index="0" Id="Cybros" AmbientColor="0.282353,0.282353,0.282353" Colorize="1">
            <Param index="HDRExposure" value="1.500000"/>
            <Param index="HDRWhitePoint" value="1.850000"/>
            <Param index="TerrainSpecularExp" value="11.210000"/>
            <Param index="TerrainHDRSpecular" value="3.750000"/>
            <Param index="CreepSpecularExp" value="30.000000"/>
            <Param index="CreepHDRSpecMultiplier" value="3.000000"/>
            <Param index="ColorizationContrast" value="1.066000"/>
            <Param index="ColorizationHue" value="0.001000"/>
            <Param index="ColorizationBlend" value="0.300000"/>
            <DirectionalLight index="Key">
                <Color value="0.784314,0.776471,0.768628"/>
                <ColorMultiplier value="1.000000"/>
                <SpecColorMultiplier value="1.250000"/>
                <Direction value="0.676743,-0.218582,-0.703023"/>
            </DirectionalLight>
            <DirectionalLight index="Fill" Color="0.184314,0.227451,0.235294" ColorMultiplier="3.000000" Direction="-0.499113,-0.618999,0.606405"/>
            <DirectionalLight index="Back" Color="0.200000,0.235294,0.282353" ColorMultiplier="2.065000" Direction="-0.709236,0.246704,0.660395"/>
        </ToDInfoArray>
        <EditorCategories value="LightGroup:Tilesets"/>
    </CLight>
    <CLight id="UlnarPortal" parent="default">
        <ToDInfoArray index="0" AmbientColor="0.447059,0.458824,0.462745" Colorize="1">
            <Param index="HDRExposure" value="1.500000"/>
            <Param index="HDRWhitePoint" value="1.850000"/>
            <Param index="TerrainSpecularExp" value="11.210000"/>
            <Param index="TerrainHDRSpecular" value="3.750000"/>
            <Param index="CreepSpecularExp" value="30.000000"/>
            <Param index="CreepHDRSpecMultiplier" value="3.000000"/>
            <Param index="ColorizationContrast" value="1.066000"/>
            <Param index="ColorizationHue" value="0.001000"/>
            <Param index="ColorizationBlend" value="0.300000"/>
            <DirectionalLight index="Key">
                <Color value="0.878431,0.929412,0.886275"/>
                <ColorMultiplier value="1.080000"/>
                <SpecColorMultiplier value="1.250000"/>
                <Direction value="0.724693,-0.124265,-0.677775"/>
            </DirectionalLight>
            <DirectionalLight index="Fill" Color="0.211765,0.803922,0.478431" ColorMultiplier="1.500000" Direction="-0.463854,-0.769851,0.438371"/>
            <DirectionalLight index="Back" Color="0.082353,0.121569,0.200000" ColorMultiplier="1.400000" Direction="-0.668793,-0.021251,0.743145"/>
        </ToDInfoArray>
        <EditorCategories value="LightGroup:Tilesets"/>
    </CLight>
    <CLight id="AiurCity" parent="default">
        <ToDInfoArray index="0" Id="AiurMorning" AmbientColor="0.266667,0.290196,0.356863" Colorize="1">
            <Param index="HDRExposure" value="1.500000"/>
            <Param index="HDRWhitePoint" value="1.850000"/>
            <Param index="TerrainSpecularExp" value="18.010000"/>
            <Param index="TerrainHDRSpecular" value="3.750000"/>
            <Param index="CreepSpecularExp" value="30.000000"/>
            <Param index="CreepHDRSpecMultiplier" value="3.000000"/>
            <Param index="ColorizationInputLow" value="0.019000"/>
            <Param index="ColorizationOutputLow" value="0.015000"/>
            <Param index="ColorizationContrast" value="1.130000"/>
            <Param index="ColorizationHue" value="0.079000"/>
            <Param index="ColorizationSaturation" value="0.230000"/>
            <Param index="ColorizationLightness" value="0.170000"/>
            <Param index="ColorizationBlend" value="0.300000"/>
            <DirectionalLight index="Key">
                <Color value="0.901961,0.764706,0.658824"/>
                <ColorMultiplier value="1.000000"/>
                <SpecularColor value="1.000000,0.839216,0.619608"/>
                <SpecColorMultiplier value="1.300000"/>
                <Direction value="0.644896,-0.193846,-0.739279"/>
            </DirectionalLight>
            <DirectionalLight index="Fill" Color="0.509804,0.380392,0.164706" ColorMultiplier="1.000000" Direction="-0.890556,-0.429170,0.150743"/>
            <DirectionalLight index="Back" Color="0.082353,0.121569,0.200000" ColorMultiplier="4.000000" Direction="-0.632546,-0.694915,0.342020"/>
        </ToDInfoArray>
        <EditorCategories value="LightGroup:Tilesets"/>
    </CLight>
    <CLight id="AiurTemple" parent="default">
        <ToDInfoArray index="0" Id="AiurTemple" AmbientColor="0.392157,0.282353,0.219608" Colorize="1">
            <Param index="HDRExposure" value="1.500000"/>
            <Param index="HDRWhitePoint" value="1.850000"/>
            <Param index="TerrainSpecularExp" value="11.210000"/>
            <Param index="TerrainHDRDiffuse" value="1.100000"/>
            <Param index="TerrainHDRSpecular" value="3.750000"/>
            <Param index="CreepSpecularExp" value="30.000000"/>
            <Param index="CreepHDRSpecMultiplier" value="3.000000"/>
            <Param index="ColorizationInputLow" value="0.018000"/>
            <Param index="ColorizationInputHigh" value="0.903000"/>
            <Param index="ColorizationContrast" value="1.070000"/>
            <Param index="ColorizationHue" value="0.392000"/>
            <Param index="ColorizationSaturation" value="0.120000"/>
            <Param index="ColorizationLightness" value="0.180000"/>
            <Param index="ColorizationBlend" value="0.300000"/>
            <DirectionalLight index="Key">
                <Color value="0.921569,0.819608,0.603922"/>
                <ColorMultiplier value="1.100000"/>
                <SpecularColor value="1.000000,0.749020,0.411765"/>
                <SpecColorMultiplier value="1.000000"/>
                <Direction value="0.742957,-0.152642,-0.651702"/>
            </DirectionalLight>
            <DirectionalLight index="Fill" Color="0.411765,0.784314,0.866667" ColorMultiplier="1.500000" Direction="-0.602226,-0.667199,0.438371"/>
            <DirectionalLight index="Back" Color="0.329412,0.231373,0.082353" ColorMultiplier="2.000000" Direction="-0.668793,-0.021251,0.743145"/>
        </ToDInfoArray>
        <EditorCategories value="LightGroup:Tilesets"/>
    </CLight>
    <CLight id="ProtossBase" parent="default">
        <ToDInfoArray index="0">
            <Id value="ProtossBase"/>
            <AmbientColor value="0.192157,0.231373,0.243137"/>
            <OperatorHDR value="4"/>
            <Colorize value="1"/>
            <Param index="HDRExposure" value="1.500000"/>
            <Param index="HDRBloomThreshold" value="0.800000"/>
            <Param index="HDRDiffuseMultiplier" value="1.100000"/>
            <Param index="HDRWhitePoint" value="1.850000"/>
            <Param index="HDRSpecMultiplier" value="1.100000"/>
            <Param index="TerrainSpecularExp" value="22.809999"/>
            <Param index="TerrainHDRSpecular" value="3.000000"/>
            <Param index="CreepSpecularExp" value="30.000000"/>
            <Param index="CreepHDRSpecMultiplier" value="3.000000"/>
            <Param index="ColorizationInputLow" value="0.011000"/>
            <Param index="ColorizationInputHigh" value="0.998000"/>
            <Param index="ColorizationOutputLow" value="0.010000"/>
            <Param index="ColorizationBrightness" value="1.020000"/>
            <Param index="ColorizationContrast" value="1.189000"/>
            <Param index="ColorizationHue" value="-0.352000"/>
            <Param index="ColorizationSaturation" value="0.120000"/>
            <Param index="ColorizationLightness" value="0.100000"/>
            <Param index="ColorizationBlend" value="0.300000"/>
            <Param index="ShadowPenumbraSize" value="0.100000"/>
            <DirectionalLight index="Key">
                <Color value="0.301961,0.352941,0.447059"/>
                <ColorMultiplier value="1.300000"/>
                <SpecColorMultiplier value="1.100000"/>
                <Direction value="0.566719,-0.240558,-0.788011"/>
            </DirectionalLight>
            <DirectionalLight index="Fill" Color="0.168627,0.349020,0.823529" ColorMultiplier="1.000000" Direction="-0.274118,-0.951573,-0.139173"/>
            <DirectionalLight index="Back" Color="0.513726,0.666667,0.839216" ColorMultiplier="1.000000" Direction="-0.788990,-0.284365,0.544639"/>
        </ToDInfoArray>
        <EditorCategories value="LightGroup:Tilesets"/>
    </CLight>
    <CLight id="ProtossBaseDay" parent="default">
        <ToDInfoArray index="0">
            <Id value="ProtossBase"/>
            <AmbientColor value="0.270588,0.352941,0.419608"/>
            <OperatorHDR value="4"/>
            <Colorize value="1"/>
            <Param index="HDRExposure" value="1.450000"/>
            <Param index="HDRBloomThreshold" value="0.800000"/>
            <Param index="HDRDiffuseMultiplier" value="1.100000"/>
            <Param index="HDRWhitePoint" value="1.850000"/>
            <Param index="HDRSpecMultiplier" value="1.100000"/>
            <Param index="TerrainSpecularExp" value="22.809999"/>
            <Param index="TerrainHDRDiffuse" value="1.400000"/>
            <Param index="TerrainHDRSpecular" value="5.070000"/>
            <Param index="CreepSpecularExp" value="30.000000"/>
            <Param index="CreepHDRSpecMultiplier" value="3.000000"/>
            <Param index="ColorizationInputLow" value="0.011000"/>
            <Param index="ColorizationInputHigh" value="0.998000"/>
            <Param index="ColorizationOutputLow" value="0.010000"/>
            <Param index="ColorizationContrast" value="1.300000"/>
            <Param index="ColorizationHue" value="0.031000"/>
            <Param index="ColorizationSaturation" value="0.110000"/>
            <Param index="ColorizationLightness" value="0.150000"/>
            <Param index="ColorizationBlend" value="0.300000"/>
            <Param index="ShadowPenumbraSize" value="0.100000"/>
            <DirectionalLight index="Key">
                <Color value="0.886275,0.639216,0.376471"/>
                <ColorMultiplier value="1.000000"/>
                <SpecColorMultiplier value="1.200000"/>
                <Direction value="0.640856,-0.298836,-0.707107"/>
            </DirectionalLight>
            <DirectionalLight index="Fill" Color="0.168627,0.349020,0.823529" ColorMultiplier="1.000000" Direction="-0.274118,-0.951573,-0.139173"/>
            <DirectionalLight index="Back" Color="0.513726,0.666667,0.839216" ColorMultiplier="1.000000" Direction="-0.788990,-0.284365,0.544639"/>
        </ToDInfoArray>
        <EditorCategories value="LightGroup:Tilesets"/>
    </CLight>
    <CLight id="RavagerPortrait" parent="default">
        <ToDInfoArray index="0" Id="RavagerPortrait" AmbientColor="0.141176,0.168627,0.090196" Colorize="1">
            <Param index="HDRExposure" value="1.480000"/>
            <Param index="HDRBloomThreshold" value="1.950000"/>
            <Param index="HDREmisMultiplier" value="2.750000"/>
            <Param index="TerrainSpecularExp" value="29.100000"/>
            <Param index="ColorizationContrast" value="1.250000"/>
            <Param index="ColorizationHue" value="0.080000"/>
            <Param index="ColorizationSaturation" value="0.010000"/>
            <Param index="ColorizationLightness" value="-0.100000"/>
            <Param index="ColorizationBlend" value="0.250000"/>
            <DirectionalLight index="Key">
                <Color value="0.337255,0.603922,0.929412"/>
                <ColorMultiplier value="4.000000"/>
                <SpecularColor value="0.121569,0.337255,0.247059"/>
                <SpecColorMultiplier value="8.000000"/>
                <Direction value="-0.500147,0.692451,-0.519966"/>
            </DirectionalLight>
            <DirectionalLight index="Fill" Color="0.564706,0.301961,0.000000" ColorMultiplier="3.000000" Direction="0.760613,0.437372,0.479764"/>
            <DirectionalLight index="Back" Color="0.941177,0.513726,0.047059" ColorMultiplier="20.000000" Direction="-0.382240,-0.891833,-0.241922"/>
        </ToDInfoArray>
        <EditorCategories value="LightGroup:PortraitsUnitsZerg"/>
    </CLight>
    <CLight id="DisruptorPortrait" parent="default">
        <ToDInfoArray index="0">
            <Id value="DisruptorPortrait"/>
            <AmbientColor value="0.172549,0.172549,0.113725"/>
            <AmbientEnvironmentMultiplier value="0.092000"/>
            <Colorize value="1"/>
            <Param index="HDRExposure" value="1.850000"/>
            <Param index="HDRBloomThreshold" value="1.350000"/>
            <Param index="HDRWhitePoint" value="1.850000"/>
            <Param index="HDRSpecMultiplier" value="0.430000"/>
            <Param index="HDREmisMultiplier" value="2.330000"/>
            <Param index="TerrainSpecularExp" value="11.210000"/>
            <Param index="TerrainHDRSpecular" value="3.750000"/>
            <Param index="CreepSpecularExp" value="30.000000"/>
            <Param index="CreepHDRSpecMultiplier" value="3.000000"/>
            <Param index="ColorizationInputLow" value="0.040000"/>
            <Param index="ColorizationInputGamma" value="1.008000"/>
            <Param index="ColorizationOutputLow" value="0.102000"/>
            <Param index="ColorizationBrightness" value="1.111000"/>
            <Param index="ColorizationContrast" value="1.169000"/>
            <Param index="ColorizationHue" value="0.001000"/>
            <Param index="ColorizationLightness" value="-0.000000"/>
            <Param index="ColorizationBlend" value="0.300000"/>
            <Param index="ShadowPenumbraSize" value="0.115000"/>
            <DirectionalLight index="Key">
                <Color value="0.976471,0.819608,0.682353"/>
                <ColorMultiplier value="1.122000"/>
                <SpecColorMultiplier value="0.507000"/>
                <Direction value="0.671613,-0.335879,-0.660395"/>
            </DirectionalLight>
            <DirectionalLight index="Fill" Color="0.937255,0.474510,0.168627" ColorMultiplier="1.698000" Direction="-0.456221,-0.228160,0.860120"/>
            <DirectionalLight index="Back" Color="0.537255,0.266667,0.000000" ColorMultiplier="1.820000" Direction="-0.644456,0.713233,0.275637"/>
        </ToDInfoArray>
        <EditorCategories value="LightGroup:PortraitsUnitsProtoss"/>
    </CLight>
    <CLight id="HERCPortrait" parent="default">
        <ToDInfoArray index="0" AmbientColor="0.380392,0.258824,0.392157" OperatorHDR="3">
            <Param index="HDRExposure" value="1.475000"/>
            <DirectionalLight index="Key">
                <Color value="0.992157,0.847059,0.647059"/>
                <ColorMultiplier value="1.000000"/>
                <SpecColorMultiplier value="0.708000"/>
                <Direction value="-0.044969,0.393465,-0.918239"/>
            </DirectionalLight>
            <DirectionalLight index="Fill" Color="0.313726,0.756863,1.000000" ColorMultiplier="0.933000" Direction="0.771282,-0.605415,-0.196459"/>
            <DirectionalLight index="Back" Color="0.317647,0.874510,0.992157" ColorMultiplier="0.219000" Direction="-0.851308,0.505872,0.139173"/>
        </ToDInfoArray>
        <EditorCategories value="LightGroup:PortraitsUnitsTerran"/>
    </CLight>
    <CLight id="CyclonePortrait" parent="default">
        <ToDInfoArray index="0" Id="ConfederateAdjutantPortrait" AmbientColor="0.200000,0.184314,0.282353" OperatorHDR="3">
            <Param index="HDRExposure" value="1.475000"/>
            <DirectionalLight index="Key">
                <Color value="0.647059,0.909804,0.992157"/>
                <ColorMultiplier value="1.200000"/>
                <SpecColorMultiplier value="1.200000"/>
                <Direction value="-0.000000,0.727414,-0.686199"/>
            </DirectionalLight>
            <DirectionalLight index="Fill" Color="0.313726,0.756863,1.000000" ColorMultiplier="0.933000" Direction="0.771282,-0.605415,-0.196459"/>
            <DirectionalLight index="Back" Color="0.400000,0.972549,0.337255" ColorMultiplier="2.000000" Direction="-0.859254,-0.038568,0.510093"/>
        </ToDInfoArray>
        <EditorCategories value="LightGroup:PortraitsUnitsTerran"/>
    </CLight>
    <CLight id="KorhalCityEx2" parent="default">
        <ToDInfoArray index="0">
            <Id value="KorhalCityEx2"/>
            <AmbientColor value="0.305882,0.309804,0.309804"/>
            <Colorize value="1"/>
            <UseSeparateDetailSSAO value="0"/>
            <Param index="HDRExposure" value="1.450000"/>
            <Param index="HDRWhitePoint" value="1.850000"/>
            <Param index="TerrainSpecularExp" value="11.210000"/>
            <Param index="TerrainHDRSpecular" value="3.750000"/>
            <Param index="CreepSpecularExp" value="30.000000"/>
            <Param index="CreepHDRSpecMultiplier" value="3.000000"/>
            <Param index="ColorizationBrightness" value="1.090000"/>
            <Param index="ColorizationContrast" value="1.160000"/>
            <Param index="ColorizationHue" value="-0.366000"/>
            <Param index="ColorizationSaturation" value="0.172000"/>
            <Param index="ColorizationLightness" value="0.300000"/>
            <Param index="ColorizationBlend" value="0.250000"/>
            <Param index="AOOcclusionRadius" value="0.600000"/>
            <Param index="AONoOcclusion" value="0.600000"/>
            <Param index="AOFullOcclusion" value="0.050000"/>
            <Param index="AOOcclusionPower" value="2.000000"/>
            <Param index="AODetailOcclusionRadius" value="0.020000"/>
            <Param index="AODetailNoOcclusion" value="0.030000"/>
            <Param index="AODetailOcclusionPower" value="16.000000"/>
            <DirectionalLight index="Key">
                <Color value="0.768628,0.694118,0.584314"/>
                <ColorMultiplier value="1.100000"/>
                <SpecColorMultiplier value="1.150000"/>
                <Direction value="0.647479,-0.380329,-0.660395"/>
            </DirectionalLight>
            <DirectionalLight index="Fill" Color="0.239216,0.462745,0.647059" ColorMultiplier="1.500000" Direction="-0.463854,-0.769851,0.438371"/>
            <DirectionalLight index="Back" Color="0.082353,0.121569,0.200000" ColorMultiplier="1.400000" Direction="-0.668793,-0.021251,0.743145"/>
        </ToDInfoArray>
        <EditorCategories value="LightGroup:Tilesets"/>
    </CLight>
    <CLight id="ShadowCorpsPlatform" parent="default">
        <ToDInfoArray index="0">
            <Id value="ShadowCorpsPlatform"/>
            <AmbientColor value="0.352941,0.372549,0.435294"/>
            <AmbientEnvironmentMultiplier value="0.000000"/>
            <Colorize value="1"/>
            <UseSeparateDetailSSAO value="0"/>
            <Param index="HDRExposure" value="1.500000"/>
            <Param index="HDRWhitePoint" value="1.850000"/>
            <Param index="HDREmisMultiplier" value="1.200000"/>
            <Param index="TerrainSpecularExp" value="11.210000"/>
            <Param index="TerrainHDRDiffuse" value="1.300000"/>
            <Param index="TerrainHDRSpecular" value="3.750000"/>
            <Param index="CreepSpecularExp" value="18.240000"/>
            <Param index="CreepHDRSpecMultiplier" value="3.000000"/>
            <Param index="ColorizationContrast" value="1.120000"/>
            <Param index="ColorizationHue" value="-0.397000"/>
            <Param index="ColorizationSaturation" value="0.110000"/>
            <Param index="ColorizationLightness" value="0.250000"/>
            <Param index="ColorizationBlend" value="0.250000"/>
            <Param index="AOOcclusionRadius" value="0.600000"/>
            <Param index="AONoOcclusion" value="0.600000"/>
            <Param index="AOFullOcclusion" value="0.050000"/>
            <Param index="AOOcclusionPower" value="2.000000"/>
            <Param index="AODetailOcclusionRadius" value="0.020000"/>
            <Param index="AODetailNoOcclusion" value="0.030000"/>
            <Param index="AODetailOcclusionPower" value="16.000000"/>
            <DirectionalLight index="Key">
                <Color value="0.203922,0.258824,0.329412"/>
                <ColorMultiplier value="2.000000"/>
                <SpecColorMultiplier value="1.250000"/>
                <Direction value="0.510798,-0.483038,-0.711168"/>
            </DirectionalLight>
            <DirectionalLight index="Fill" Color="0.992157,0.549020,0.274510" ColorMultiplier="1.000000" Direction="-0.473147,0.473147,0.743145"/>
            <DirectionalLight index="Back" Color="0.992157,0.611765,0.266667" ColorMultiplier="2.000000" Direction="-0.519405,-0.773248,0.363739"/>
        </ToDInfoArray>
        <EditorCategories value="LightGroup:Tilesets"/>
    </CLight>
    <CLight id="StarShipAdun" parent="default">
        <ToDInfoArray index="0" AmbientColor="0.439216,0.329412,0.172549" Colorize="1">
            <Param index="HDRExposure" value="1.500000"/>
            <Param index="HDRWhitePoint" value="1.850000"/>
            <Param index="TerrainSpecularExp" value="11.210000"/>
            <Param index="TerrainHDRSpecular" value="3.750000"/>
            <Param index="CreepSpecularExp" value="30.000000"/>
            <Param index="CreepHDRSpecMultiplier" value="3.000000"/>
            <Param index="ColorizationContrast" value="1.066000"/>
            <Param index="ColorizationHue" value="0.001000"/>
            <Param index="ColorizationBlend" value="0.300000"/>
            <DirectionalLight index="Key">
                <Color value="0.894118,0.729412,0.580392"/>
                <ColorMultiplier value="1.100000"/>
                <SpecColorMultiplier value="1.250000"/>
                <Direction value="0.724693,-0.124265,-0.677775"/>
            </DirectionalLight>
            <DirectionalLight index="Fill" Color="0.752941,0.737255,0.062745" ColorMultiplier="3.000000" Direction="-0.463854,-0.769851,0.438371"/>
            <DirectionalLight index="Back" Color="1.000000,0.674510,0.000000" ColorMultiplier="1.496000" Direction="-0.947213,-0.017692,0.320117"/>
        </ToDInfoArray>
        <EditorCategories value="LightGroup:Tilesets"/>
    </CLight>
    <CLight id="SpearOfAdun" parent="default">
        <ToDInfoArray index="0" AmbientColor="0.305882,0.294118,0.270588" Colorize="1">
            <Param index="HDRExposure" value="1.500000"/>
            <Param index="HDRWhitePoint" value="1.850000"/>
            <Param index="TerrainSpecularExp" value="11.210000"/>
            <Param index="TerrainHDRSpecular" value="3.750000"/>
            <Param index="CreepSpecularExp" value="30.000000"/>
            <Param index="CreepHDRSpecMultiplier" value="3.000000"/>
            <Param index="ColorizationContrast" value="1.066000"/>
            <Param index="ColorizationHue" value="0.001000"/>
            <Param index="ColorizationBlend" value="0.300000"/>
            <DirectionalLight index="Key">
                <Color value="0.870588,0.796078,0.686275"/>
                <ColorMultiplier value="1.000000"/>
                <SpecColorMultiplier value="1.250000"/>
                <Direction value="0.676743,-0.218582,-0.703023"/>
            </DirectionalLight>
            <DirectionalLight index="Fill" Color="0.141176,0.262745,0.282353" ColorMultiplier="3.000000" Direction="-0.499113,-0.618999,0.606405"/>
            <DirectionalLight index="Back" Color="0.141176,0.211765,0.349020" ColorMultiplier="2.065000" Direction="-0.709236,0.246704,0.660395"/>
        </ToDInfoArray>
        <EditorCategories value="LightGroup:Tilesets"/>
    </CLight>
    <CLight id="Aiur4City" parent="default">
        <ToDInfoArray index="0" Id="Aiur4City" AmbientColor="0.435294,0.521569,0.568627" Colorize="1">
            <Param index="HDRExposure" value="1.450000"/>
            <Param index="HDRDiffuseMultiplier" value="1.100000"/>
            <Param index="HDRWhitePoint" value="1.850000"/>
            <Param index="HDRSpecMultiplier" value="1.300000"/>
            <Param index="TerrainSpecularExp" value="25.639999"/>
            <Param index="TerrainHDRDiffuse" value="1.250000"/>
            <Param index="TerrainHDRSpecular" value="6.000000"/>
            <Param index="CreepSpecularExp" value="30.000000"/>
            <Param index="CreepHDRSpecMultiplier" value="3.000000"/>
            <Param index="ColorizationInputLow" value="0.011000"/>
            <Param index="ColorizationInputHigh" value="0.998000"/>
            <Param index="ColorizationOutputLow" value="0.010000"/>
            <Param index="ColorizationContrast" value="1.240000"/>
            <Param index="ColorizationHue" value="-0.381000"/>
            <Param index="ColorizationSaturation" value="0.050000"/>
            <Param index="ColorizationLightness" value="0.200000"/>
            <Param index="ColorizationBlend" value="0.270000"/>
            <Param index="ShadowPenumbraSize" value="0.100000"/>
            <DirectionalLight index="Key">
                <Color value="1.000000,0.913726,0.737255"/>
                <ColorMultiplier value="1.000000"/>
                <SpecularColor value="1.000000,0.839216,0.486275"/>
                <SpecColorMultiplier value="1.000000"/>
                <Direction value="0.596200,-0.303779,-0.743145"/>
            </DirectionalLight>
            <DirectionalLight index="Fill" Color="0.576471,0.737255,1.000000" ColorMultiplier="2.000000" Direction="0.554356,-0.641775,0.529919"/>
            <DirectionalLight index="Back" Color="0.513726,0.666667,0.839216" ColorMultiplier="1.000000" Direction="-0.820872,-0.339681,0.459115"/>
        </ToDInfoArray>
        <EditorCategories value="LightGroup:Tilesets"/>
    </CLight>
    <CLight id="Aiur4Temple" parent="default">
        <ToDInfoArray index="0">
            <Id value="ProtossBase"/>
            <AmbientColor value="0.192157,0.231373,0.243137"/>
            <OperatorHDR value="4"/>
            <Colorize value="1"/>
            <Param index="HDRExposure" value="1.400000"/>
            <Param index="HDRBloomThreshold" value="0.800000"/>
            <Param index="HDRDiffuseMultiplier" value="1.100000"/>
            <Param index="HDRWhitePoint" value="1.850000"/>
            <Param index="HDRSpecMultiplier" value="1.100000"/>
            <Param index="TerrainSpecularExp" value="22.809999"/>
            <Param index="TerrainHDRDiffuse" value="1.200000"/>
            <Param index="TerrainHDRSpecular" value="2.750000"/>
            <Param index="CreepSpecularExp" value="30.000000"/>
            <Param index="ColorizationInputLow" value="0.011000"/>
            <Param index="ColorizationInputHigh" value="0.998000"/>
            <Param index="ColorizationOutputLow" value="0.010000"/>
            <Param index="ColorizationBrightness" value="1.050000"/>
            <Param index="ColorizationContrast" value="1.100000"/>
            <Param index="ColorizationHue" value="-0.352000"/>
            <Param index="ColorizationSaturation" value="0.180000"/>
            <Param index="ColorizationLightness" value="0.136000"/>
            <Param index="ColorizationBlend" value="0.333000"/>
            <Param index="ShadowPenumbraSize" value="0.100000"/>
            <DirectionalLight index="Key">
                <Color value="0.301961,0.384314,0.447059"/>
                <ColorMultiplier value="1.400000"/>
                <SpecColorMultiplier value="1.000000"/>
                <Direction value="0.566719,-0.240558,-0.788011"/>
            </DirectionalLight>
            <DirectionalLight index="Fill" Color="0.164706,0.349020,0.819608" ColorMultiplier="1.300000" Direction="-0.274118,-0.951573,-0.139173"/>
            <DirectionalLight index="Back" Color="0.513726,0.666667,0.839216" ColorMultiplier="0.500000" Direction="-0.926681,-0.213941,-0.309017"/>
        </ToDInfoArray>
        <EditorCategories value="LightGroup:Tilesets"/>
    </CLight>
    <CLight id="AiurTempleJungle" parent="default">
        <ToDInfoArray index="0" Id="AiurJungleSunset" AmbientColor="0.133333,0.247059,0.325490" Colorize="1">
            <Param index="HDRExposure" value="1.100000"/>
            <Param index="HDRBloomThreshold" value="0.500000"/>
            <Param index="HDRWhitePoint" value="1.850000"/>
            <Param index="TerrainSpecularExp" value="15.760000"/>
            <Param index="TerrainHDRDiffuse" value="1.200000"/>
            <Param index="TerrainHDRSpecular" value="3.750000"/>
            <Param index="CreepSpecularExp" value="30.000000"/>
            <Param index="CreepHDRSpecMultiplier" value="3.000000"/>
            <Param index="ColorizationInputLow" value="0.013000"/>
            <Param index="ColorizationOutputLow" value="0.011000"/>
            <Param index="ColorizationBrightness" value="1.130000"/>
            <Param index="ColorizationContrast" value="1.020000"/>
            <Param index="ColorizationHue" value="0.037000"/>
            <Param index="ColorizationSaturation" value="0.790000"/>
            <Param index="ColorizationLightness" value="0.150000"/>
            <Param index="ColorizationBlend" value="0.150000"/>
            <Param index="ShadowPenumbraSize" value="1.000000"/>
            <DirectionalLight index="Key">
                <Color value="0.901961,0.733333,0.513726"/>
                <ColorMultiplier value="0.900000"/>
                <SpecColorMultiplier value="1.000000"/>
                <Direction value="0.713592,-0.245709,-0.656059"/>
            </DirectionalLight>
            <DirectionalLight index="Fill" Color="0.933333,0.525490,0.250980" ColorMultiplier="3.000000" Direction="-0.463854,-0.769851,0.438371"/>
            <DirectionalLight index="Back" Color="0.400000,0.525490,0.949020" ColorMultiplier="1.700000" Direction="-0.838248,-0.026636,0.544639"/>
        </ToDInfoArray>
        <EditorCategories value="LightGroup:Tilesets"/>
    </CLight>
    <CLight id="TheVoid" parent="default">
        <ToDInfoArray index="0" AmbientColor="0.278431,0.415686,0.486275" Colorize="1">
            <Param index="HDRExposure" value="1.500000"/>
            <Param index="HDRBloomThreshold" value="1.100000"/>
            <Param index="HDRWhitePoint" value="1.850000"/>
            <Param index="TerrainSpecularExp" value="11.210000"/>
            <Param index="TerrainHDRSpecular" value="3.750000"/>
            <Param index="CreepSpecularExp" value="30.000000"/>
            <Param index="CreepHDRSpecMultiplier" value="3.000000"/>
            <Param index="ColorizationContrast" value="1.066000"/>
            <Param index="ColorizationHue" value="0.001000"/>
            <Param index="ColorizationBlend" value="0.180000"/>
            <DirectionalLight index="Key">
                <Color value="0.466667,0.725490,0.933333"/>
                <ColorMultiplier value="1.000000"/>
                <SpecColorMultiplier value="1.250000"/>
                <Direction value="0.724693,-0.124265,-0.677775"/>
            </DirectionalLight>
            <DirectionalLight index="Fill" Color="0.215686,0.305882,0.909804" ColorMultiplier="2.200000" Direction="-0.463854,-0.769851,0.438371"/>
            <DirectionalLight index="Back" Color="0.141176,0.141176,0.619608" ColorMultiplier="1.400000" Direction="-0.668793,-0.021251,0.743145"/>
        </ToDInfoArray>
        <EditorCategories value="LightGroup:Tilesets"/>
    </CLight>
    <CLight id="Endion" parent="default">
        <ToDInfoArray index="0">
            <Id value="Endion"/>
            <AmbientColor value="0.388235,0.423529,0.533333"/>
            <Colorize value="1"/>
            <UseSeparateDetailSSAO value="0"/>
            <Param index="HDRExposure" value="1.550000"/>
            <Param index="HDRWhitePoint" value="1.850000"/>
            <Param index="TerrainSpecularExp" value="11.210000"/>
            <Param index="TerrainHDRSpecular" value="3.000000"/>
            <Param index="CreepSpecularExp" value="30.000000"/>
            <Param index="CreepHDRSpecMultiplier" value="3.000000"/>
            <Param index="ColorizationContrast" value="1.170000"/>
            <Param index="ColorizationHue" value="0.132000"/>
            <Param index="ColorizationSaturation" value="0.100000"/>
            <Param index="ColorizationLightness" value="0.160000"/>
            <Param index="ColorizationBlend" value="0.200000"/>
            <Param index="AOOcclusionRadius" value="0.600000"/>
            <Param index="AONoOcclusion" value="0.600000"/>
            <Param index="AOFullOcclusion" value="0.050000"/>
            <Param index="AOOcclusionPower" value="2.000000"/>
            <Param index="AODetailOcclusionRadius" value="0.020000"/>
            <Param index="AODetailNoOcclusion" value="0.030000"/>
            <Param index="AODetailOcclusionPower" value="16.000000"/>
            <DirectionalLight index="Key">
                <Color value="1.000000,1.000000,0.941177"/>
                <ColorMultiplier value="1.000000"/>
                <SpecularColor value="0.886275,0.713726,0.545098"/>
                <SpecColorMultiplier value="1.000000"/>
                <Direction value="0.369371,-0.593188,-0.715327"/>
            </DirectionalLight>
            <DirectionalLight index="Fill" Color="0.803922,0.678431,0.549020" ColorMultiplier="1.000000" Direction="-0.698992,-0.690745,-0.185153"/>
            <DirectionalLight index="Back" Color="0.337255,0.439216,0.611765" ColorMultiplier="0.400000" Direction="-0.177923,0.680135,-0.711168"/>
        </ToDInfoArray>
        <EditorCategories value="LightGroup:Tilesets"/>
    </CLight>
    <CLight id="PortraitLiberatorEx2" parent="default">
        <ToDInfoArray index="0" Id="PortraitLiberatorEx2" AmbientColor="0.007843,0.047059,0.007843" AmbientEnvironmentMultiplier="0.094000">
            <DirectionalLight index="Key">
                <Color value="0.878431,0.717647,0.552941"/>
                <ColorMultiplier value="1.150000"/>
                <SpecularColor value="0.792157,0.847059,0.984314"/>
                <SpecColorMultiplier value="0.750000"/>
                <Direction value="0.472626,0.704138,-0.529919"/>
            </DirectionalLight>
            <DirectionalLight index="Fill" ColorMultiplier="0.200000" Direction="0.610754,0.666288,0.427831"/>
            <DirectionalLight index="Back" Color="0.258824,0.901961,0.286275" ColorMultiplier="3.500000" Direction="-0.753304,-0.470900,-0.459114"/>
        </ToDInfoArray>
        <EditorCategories value="LightGroup:PortraitsUnitsTerran"/>
    </CLight>
    <CLight id="LurkerEx2_Portrait" parent="default">
        <EditorCategories value="LightGroup:PortraitsUnitsZerg"/>
        <ToDInfoArray index="0" Id="HERCPortrait" AmbientColor="0.380392,0.258824,0.392157" OperatorHDR="3">
            <Param index="HDRExposure" value="1.475000"/>
            <DirectionalLight index="Key">
                <Color value="0.258824,0.196078,0.109804"/>
                <ColorMultiplier value="1.350000"/>
                <SpecularColor value="0.815686,0.925490,0.992157"/>
                <SpecColorMultiplier value="1.600000"/>
                <Direction value="0.759333,0.101182,-0.642788"/>
            </DirectionalLight>
            <DirectionalLight index="Fill" Color="0.105882,0.219608,0.313726" ColorMultiplier="15.000000" Direction="-0.564911,-0.418470,-0.711168"/>
            <DirectionalLight index="Back" Color="0.278431,0.650980,0.101961" ColorMultiplier="3.250000" Direction="-0.286114,-0.385113,0.877398"/>
        </ToDInfoArray>
    </CLight>
    <CLight id="Defiler_Portrait" parent="default">
        <ToDInfoArray index="0" Id="AshWormPortrait" AmbientColor="0.321569,0.227451,0.266667" OperatorHDR="4">
            <Param index="HDRExposure" value="1.270000"/>
            <Param index="HDRBloomThreshold" value="0.225000"/>
            <Param index="HDRSpecMultiplier" value="1.170000"/>
            <Param index="HDREmisMultiplier" value="1.060000"/>
            <Param index="HDRGain" value="0.000000"/>
            <Param index="HDRScale" value="0.000000"/>
            <Param index="AOOcclusionRadius" value="1.000000"/>
            <Param index="AONoOcclusion" value="0.900000"/>
            <Param index="AOOcclusionPower" value="2.000000"/>
            <Param index="AODetailOcclusionRadius" value="0.010000"/>
            <Param index="AODetailNoOcclusion" value="0.060000"/>
            <Param index="AODetailOcclusionPower" value="4.000000"/>
            <Param index="ShadowPenumbraSize" value="0.162000"/>
            <DirectionalLight index="Key" ColorMultiplier="0.320000" SpecColorMultiplier="0.708000" Direction="-0.749207,-0.192363,-0.633786"/>
            <DirectionalLight index="Fill" Color="0.631373,0.984314,0.784314" ColorMultiplier="0.891000" Direction="0.721403,-0.350605,0.597205"/>
            <DirectionalLight index="Back" Color="0.835294,0.756863,0.866667" ColorMultiplier="0.479000" Direction="-0.522377,0.851441,-0.046584"/>
        </ToDInfoArray>
        <EditorCategories value="LightGroup:PortraitsUnitsZerg"/>
    </CLight>
    <CLight id="BelShirEx2">
        <ToDInfoArray index="0">
            <Id value="NoLight"/>
            <AmbientColor value="0.470588,0.494118,0.305882"/>
            <OperatorHDR value="4"/>
            <Colorize value="1"/>
            <Param index="HDRExposure" value="1.500000"/>
            <Param index="HDRWhitePoint" value="1.850000"/>
            <Param index="HDRGain" value="0.000000"/>
            <Param index="HDRScale" value="0.000000"/>
            <Param index="TerrainSpecularExp" value="11.210000"/>
            <Param index="TerrainHDRSpecular" value="3.750000"/>
            <Param index="CreepSpecularExp" value="30.000000"/>
            <Param index="CreepHDRSpecMultiplier" value="3.000000"/>
            <Param index="ColorizationContrast" value="1.066000"/>
            <Param index="ColorizationHue" value="0.001000"/>
            <Param index="ColorizationBlend" value="0.300000"/>
            <Param index="AOOcclusionRadius" value="1.000000"/>
            <Param index="AONoOcclusion" value="0.900000"/>
            <Param index="AOOcclusionPower" value="2.000000"/>
            <Param index="AODetailOcclusionRadius" value="0.010000"/>
            <Param index="AODetailNoOcclusion" value="0.060000"/>
            <Param index="AODetailOcclusionPower" value="4.000000"/>
            <DirectionalLight index="Key">
                <Color value="0.937255,0.933333,0.811765"/>
                <ColorMultiplier value="1.080000"/>
                <SpecColorMultiplier value="1.250000"/>
                <Direction value="0.724693,-0.124265,-0.677775"/>
            </DirectionalLight>
            <DirectionalLight index="Fill" Color="0.211765,0.529412,0.529412" ColorMultiplier="1.500000" Direction="-0.463854,-0.769851,0.438371"/>
            <DirectionalLight index="Back" Color="0.082353,0.121569,0.200000" ColorMultiplier="1.400000" Direction="-0.668793,-0.021251,0.743145"/>
        </ToDInfoArray>
        <EditorCategories value="LightGroup:Tilesets"/>
    </CLight>
    <CLight id="MarSaraEx2">
        <ToDInfoArray index="0">
            <Id value="NoLight"/>
            <AmbientColor value="0.525490,0.466667,0.400000"/>
            <OperatorHDR value="4"/>
            <Colorize value="1"/>
            <Param index="HDRExposure" value="1.500000"/>
            <Param index="HDRWhitePoint" value="1.850000"/>
            <Param index="HDRGain" value="0.000000"/>
            <Param index="HDRScale" value="0.000000"/>
            <Param index="TerrainSpecularExp" value="11.210000"/>
            <Param index="TerrainHDRSpecular" value="3.750000"/>
            <Param index="CreepSpecularExp" value="30.000000"/>
            <Param index="CreepHDRSpecMultiplier" value="3.000000"/>
            <Param index="ColorizationContrast" value="1.066000"/>
            <Param index="ColorizationHue" value="0.001000"/>
            <Param index="ColorizationBlend" value="0.300000"/>
            <Param index="AOOcclusionRadius" value="1.000000"/>
            <Param index="AONoOcclusion" value="0.900000"/>
            <Param index="AOOcclusionPower" value="2.000000"/>
            <Param index="AODetailOcclusionRadius" value="0.010000"/>
            <Param index="AODetailNoOcclusion" value="0.060000"/>
            <Param index="AODetailOcclusionPower" value="4.000000"/>
            <DirectionalLight index="Key">
                <Color value="0.905882,0.768627,0.662745"/>
                <ColorMultiplier value="1.000000"/>
                <SpecColorMultiplier value="1.250000"/>
                <Direction value="0.724693,-0.124265,-0.677775"/>
            </DirectionalLight>
            <DirectionalLight index="Fill" Color="0.258824,0.184314,0.164706" ColorMultiplier="3.000000" Direction="-0.463854,-0.769851,0.438371"/>
            <DirectionalLight index="Back" Color="0.082353,0.121569,0.200000" ColorMultiplier="1.496000" Direction="-0.668793,-0.021251,0.743145"/>
        </ToDInfoArray>
        <EditorCategories value="LightGroup:Tilesets"/>
    </CLight>
    <CLight id="BraxisAlphaEx2">
        <ToDInfoArray index="0">
            <Id value="NoLight"/>
            <AmbientColor value="0.380392,0.439216,0.678431"/>
            <OperatorHDR value="4"/>
            <Colorize value="1"/>
            <Param index="HDRExposure" value="1.500000"/>
            <Param index="HDRWhitePoint" value="1.850000"/>
            <Param index="HDRSpecMultiplier" value="1.100000"/>
            <Param index="HDRGain" value="0.000000"/>
            <Param index="HDRScale" value="0.000000"/>
            <Param index="TerrainSpecularExp" value="15.000000"/>
            <Param index="TerrainHDRSpecular" value="3.750000"/>
            <Param index="CreepSpecularExp" value="30.000000"/>
            <Param index="CreepHDRSpecMultiplier" value="3.000000"/>
            <Param index="ColorizationContrast" value="1.066000"/>
            <Param index="ColorizationHue" value="0.001000"/>
            <Param index="ColorizationSaturation" value="-0.000000"/>
            <Param index="ColorizationBlend" value="0.300000"/>
            <Param index="AOOcclusionRadius" value="1.000000"/>
            <Param index="AONoOcclusion" value="0.900000"/>
            <Param index="AOOcclusionPower" value="2.000000"/>
            <Param index="AODetailOcclusionRadius" value="0.010000"/>
            <Param index="AODetailNoOcclusion" value="0.060000"/>
            <Param index="AODetailOcclusionPower" value="4.000000"/>
            <DirectionalLight index="Key">
                <Color value="0.721569,0.800000,0.839216"/>
                <ColorMultiplier value="1.100000"/>
                <SpecColorMultiplier value="1.250000"/>
                <Direction value="0.724693,-0.124265,-0.677775"/>
            </DirectionalLight>
            <DirectionalLight index="Fill" Color="0.274510,0.415686,0.592157" ColorMultiplier="2.500000" Direction="-0.463854,-0.769851,0.438371"/>
            <DirectionalLight index="Back" Color="0.192157,0.258824,0.568627" ColorMultiplier="1.500000" Direction="-0.668793,-0.021251,0.743145"/>
        </ToDInfoArray>
        <EditorCategories value="LightGroup:Tilesets"/>
    </CLight>
    <CLight id="CharEx2">
        <ToDInfoArray index="0">
            <Id value="NoLight"/>
            <AmbientColor value="0.509804,0.509804,0.513726"/>
            <OperatorHDR value="4"/>
            <Colorize value="1"/>
            <Param index="HDRExposure" value="1.500000"/>
            <Param index="HDRWhitePoint" value="1.850000"/>
            <Param index="HDRSpecMultiplier" value="1.700000"/>
            <Param index="HDRGain" value="0.000000"/>
            <Param index="HDRScale" value="0.000000"/>
            <Param index="TerrainSpecularExp" value="11.210000"/>
            <Param index="TerrainHDRSpecular" value="3.750000"/>
            <Param index="CreepSpecularExp" value="30.000000"/>
            <Param index="CreepHDRSpecMultiplier" value="3.000000"/>
            <Param index="ColorizationContrast" value="1.066000"/>
            <Param index="ColorizationHue" value="0.001000"/>
            <Param index="ColorizationBlend" value="0.300000"/>
            <Param index="AOOcclusionRadius" value="1.000000"/>
            <Param index="AONoOcclusion" value="0.900000"/>
            <Param index="AOOcclusionPower" value="2.000000"/>
            <Param index="AODetailOcclusionRadius" value="0.010000"/>
            <Param index="AODetailNoOcclusion" value="0.060000"/>
            <Param index="AODetailOcclusionPower" value="4.000000"/>
            <DirectionalLight index="Key">
                <Color value="0.529412,0.580392,0.631373"/>
                <ColorMultiplier value="1.000000"/>
                <SpecColorMultiplier value="1.250000"/>
                <Direction value="0.650267,-0.492686,-0.578285"/>
            </DirectionalLight>
            <DirectionalLight index="Fill" Color="0.152941,0.341176,0.588235" ColorMultiplier="3.000000" Direction="0.556238,-0.614738,0.559193"/>
            <DirectionalLight index="Back" Color="0.874510,0.341176,0.200000" ColorMultiplier="1.738000" Direction="-0.702321,0.031401,0.711168"/>
        </ToDInfoArray>
        <EditorCategories value="LightGroup:Tilesets"/>
    </CLight>
    <CLight id="ZergBuilding" parent="default">
        <ToDInfoArray index="0" Id="BelShir" AmbientColor="0.470588,0.494118,0.305882" Colorize="1">
            <Param index="HDRExposure" value="1.500000"/>
            <Param index="HDRWhitePoint" value="1.850000"/>
            <Param index="TerrainSpecularExp" value="11.210000"/>
            <Param index="TerrainHDRSpecular" value="3.750000"/>
            <Param index="CreepSpecularExp" value="30.000000"/>
            <Param index="CreepHDRSpecMultiplier" value="3.000000"/>
            <Param index="ColorizationContrast" value="1.066000"/>
            <Param index="ColorizationHue" value="0.001000"/>
            <Param index="ColorizationBlend" value="0.300000"/>
            <DirectionalLight index="Key">
                <Color value="0.937255,0.933333,0.811765"/>
                <ColorMultiplier value="1.080000"/>
                <SpecColorMultiplier value="1.250000"/>
                <Direction value="0.724693,-0.124265,-0.677775"/>
            </DirectionalLight>
            <DirectionalLight index="Fill" Color="0.211765,0.529412,0.529412" ColorMultiplier="1.500000" Direction="-0.463854,-0.769851,0.438371"/>
            <DirectionalLight index="Back" Color="0.082353,0.121569,0.200000" ColorMultiplier="1.400000" Direction="-0.668793,-0.021251,0.743145"/>
        </ToDInfoArray>
        <EditorCategories value="LightGroup:PortraitsUnits"/>
    </CLight>
    <CLight id="CastanarEx2" parent="default">
        <ToDInfoArray index="0" AmbientColor="0.600000,0.537255,0.494118" Colorize="1">
            <Param index="HDRExposure" value="1.500000"/>
            <Param index="HDRWhitePoint" value="1.850000"/>
            <Param index="HDRSpecMultiplier" value="1.770000"/>
            <Param index="HDREmisMultiplier" value="1.770000"/>
            <Param index="TerrainSpecularExp" value="11.210000"/>
            <Param index="TerrainHDRSpecular" value="3.750000"/>
            <Param index="CreepSpecularExp" value="30.000000"/>
            <Param index="CreepHDRSpecMultiplier" value="3.000000"/>
            <Param index="ColorizationContrast" value="1.066000"/>
            <Param index="ColorizationHue" value="0.001000"/>
            <Param index="ColorizationBlend" value="0.300000"/>
            <DirectionalLight index="Key">
                <Color value="0.341176,0.501961,0.729412"/>
                <ColorMultiplier value="1.000000"/>
                <SpecColorMultiplier value="1.250000"/>
                <Direction value="0.724693,-0.124265,-0.677775"/>
            </DirectionalLight>
            <DirectionalLight index="Fill" Color="0.258824,0.184314,0.164706" ColorMultiplier="3.000000" Direction="-0.463854,-0.769851,0.438371"/>
            <DirectionalLight index="Back" Color="0.082353,0.121569,0.200000" ColorMultiplier="1.496000" Direction="-0.668793,-0.021251,0.743145"/>
        </ToDInfoArray>
        <EditorCategories value="LightGroup:Tilesets"/>
    </CLight>
    <CLight id="EndionAiurProtoss" parent="default">
        <ToDInfoArray index="0">
            <Id value="Endion"/>
            <AmbientColor value="0.388235,0.423529,0.533333"/>
            <Colorize value="1"/>
            <UseSeparateDetailSSAO value="0"/>
            <Param index="HDRExposure" value="1.550000"/>
            <Param index="HDRWhitePoint" value="1.850000"/>
            <Param index="TerrainSpecularExp" value="11.210000"/>
            <Param index="TerrainHDRSpecular" value="3.000000"/>
            <Param index="CreepSpecularExp" value="30.000000"/>
            <Param index="CreepHDRSpecMultiplier" value="3.000000"/>
            <Param index="ColorizationContrast" value="1.170000"/>
            <Param index="ColorizationHue" value="0.132000"/>
            <Param index="ColorizationSaturation" value="0.100000"/>
            <Param index="ColorizationLightness" value="0.160000"/>
            <Param index="ColorizationBlend" value="0.200000"/>
            <Param index="AOOcclusionRadius" value="0.600000"/>
            <Param index="AONoOcclusion" value="0.600000"/>
            <Param index="AOFullOcclusion" value="0.050000"/>
            <Param index="AOOcclusionPower" value="2.000000"/>
            <Param index="AODetailOcclusionRadius" value="0.020000"/>
            <Param index="AODetailNoOcclusion" value="0.030000"/>
            <Param index="AODetailOcclusionPower" value="16.000000"/>
            <DirectionalLight index="Key">
                <Color value="1.000000,1.000000,0.941177"/>
                <ColorMultiplier value="1.000000"/>
                <SpecularColor value="0.886275,0.713726,0.545098"/>
                <SpecColorMultiplier value="1.000000"/>
                <Direction value="0.369371,-0.593188,-0.715327"/>
            </DirectionalLight>
            <DirectionalLight index="Fill" Color="0.803922,0.678431,0.549020" ColorMultiplier="1.000000" Direction="-0.698992,-0.690745,-0.185153"/>
            <DirectionalLight index="Back" Color="0.337255,0.439216,0.611765" ColorMultiplier="0.400000" Direction="-0.177923,0.680135,-0.711168"/>
        </ToDInfoArray>
        <EditorCategories value="LightGroup:Tilesets"/>
    </CLight>
    <CLight id="JinaraPortrait" parent="default">
        <ToDInfoArray index="0">
            <Id value="BelShir"/>
            <AmbientColor value="0.470588,0.494118,0.305882"/>
            <DirectionalLightShadows value="0"/>
            <Colorize value="1"/>
            <Param index="HDRExposure" value="1.500000"/>
            <Param index="HDRWhitePoint" value="1.850000"/>
            <Param index="TerrainSpecularExp" value="11.210000"/>
            <Param index="TerrainHDRSpecular" value="3.750000"/>
            <Param index="CreepSpecularExp" value="30.000000"/>
            <Param index="CreepHDRSpecMultiplier" value="3.000000"/>
            <Param index="ColorizationContrast" value="1.066000"/>
            <Param index="ColorizationHue" value="0.001000"/>
            <Param index="ColorizationBlend" value="0.300000"/>
            <DirectionalLight index="Key">
                <Color value="0.937255,0.933333,0.811765"/>
                <ColorMultiplier value="1.080000"/>
                <SpecColorMultiplier value="1.250000"/>
                <Direction value="0.724693,-0.124265,-0.677775"/>
            </DirectionalLight>
            <DirectionalLight index="Fill" Color="0.211765,0.529412,0.529412" ColorMultiplier="1.500000" Direction="-0.463854,-0.769851,0.438371"/>
            <DirectionalLight index="Back" Color="0.082353,0.121569,0.200000" ColorMultiplier="1.400000" Direction="-0.668793,-0.021251,0.743145"/>
        </ToDInfoArray>
    </CLight>
    <CLight id="SnowRefinery" parent="default">
        <ToDInfoArray index="0">
            <Id value="EndionAiurProtoss"/>
            <AmbientColor value="0.388235,0.423529,0.533333"/>
            <Colorize value="1"/>
            <UseSeparateDetailSSAO value="0"/>
            <Param index="HDRExposure" value="1.550000"/>
            <Param index="HDRWhitePoint" value="1.850000"/>
            <Param index="TerrainSpecularExp" value="11.210000"/>
            <Param index="TerrainHDRSpecular" value="3.000000"/>
            <Param index="CreepSpecularExp" value="30.000000"/>
            <Param index="CreepHDRSpecMultiplier" value="3.000000"/>
            <Param index="ColorizationContrast" value="1.170000"/>
            <Param index="ColorizationHue" value="0.132000"/>
            <Param index="ColorizationSaturation" value="0.100000"/>
            <Param index="ColorizationLightness" value="0.160000"/>
            <Param index="ColorizationBlend" value="0.200000"/>
            <Param index="AOOcclusionRadius" value="0.600000"/>
            <Param index="AONoOcclusion" value="0.600000"/>
            <Param index="AOFullOcclusion" value="0.050000"/>
            <Param index="AOOcclusionPower" value="2.000000"/>
            <Param index="AODetailOcclusionRadius" value="0.020000"/>
            <Param index="AODetailNoOcclusion" value="0.030000"/>
            <Param index="AODetailOcclusionPower" value="16.000000"/>
            <DirectionalLight index="Key">
                <Color value="1.000000,1.000000,0.941177"/>
                <ColorMultiplier value="1.000000"/>
                <SpecularColor value="0.886275,0.713726,0.545098"/>
                <SpecColorMultiplier value="1.000000"/>
                <Direction value="0.369371,-0.593188,-0.715327"/>
            </DirectionalLight>
            <DirectionalLight index="Fill" Color="0.803922,0.678431,0.549020" ColorMultiplier="1.000000" Direction="-0.698992,-0.690745,-0.185153"/>
            <DirectionalLight index="Back" Color="0.337255,0.439216,0.611765" ColorMultiplier="0.400000" Direction="-0.177923,0.680135,-0.711168"/>
        </ToDInfoArray>
        <EditorCategories value="LightGroup:Tilesets"/>
    </CLight>
    <CLight id="BlackopsLab_A" parent="default">
        <ToDInfoArray index="0" Id="BlackopsLab_A" AmbientColor="0.411765,0.411765,0.411765" Colorize="1">
            <Param index="HDRExposure" value="1.500000"/>
            <Param index="HDRWhitePoint" value="1.850000"/>
            <Param index="TerrainSpecularExp" value="11.210000"/>
            <Param index="TerrainHDRSpecular" value="3.750000"/>
            <Param index="CreepSpecularExp" value="30.000000"/>
            <Param index="CreepHDRSpecMultiplier" value="3.000000"/>
            <Param index="ColorizationContrast" value="1.066000"/>
            <Param index="ColorizationHue" value="0.001000"/>
            <Param index="ColorizationBlend" value="0.300000"/>
            <DirectionalLight index="Key">
                <Color value="0.529412,0.619608,0.819608"/>
                <ColorMultiplier value="1.175000"/>
                <SpecColorMultiplier value="1.250000"/>
                <Direction value="0.750849,-0.010222,-0.660395"/>
            </DirectionalLight>
            <DirectionalLight index="Fill" Color="0.007843,0.113725,0.082353" ColorMultiplier="3.000000" Direction="-0.463854,-0.769851,0.438371"/>
            <DirectionalLight index="Back" Color="0.058824,0.164706,0.321569" ColorMultiplier="1.496000" Direction="-0.668793,-0.021251,0.743145"/>
        </ToDInfoArray>
        <EditorCategories value="LightGroup:Tilesets"/>
    </CLight>
    <CLight id="BlackopsLab_B" parent="default">
        <ToDInfoArray index="0" Id="AiurSunset" AmbientColor="0.176471,0.211765,0.352941" Colorize="1">
            <Param index="HDRExposure" value="1.300000"/>
            <Param index="HDRBloomThreshold" value="0.500000"/>
            <Param index="HDRWhitePoint" value="1.850000"/>
            <Param index="HDRSpecMultiplier" value="1.300000"/>
            <Param index="TerrainSpecularExp" value="15.760000"/>
            <Param index="TerrainHDRDiffuse" value="1.200000"/>
            <Param index="TerrainHDRSpecular" value="3.750000"/>
            <Param index="CreepSpecularExp" value="30.000000"/>
            <Param index="CreepHDRSpecMultiplier" value="3.000000"/>
            <Param index="ColorizationOutputLow" value="0.011000"/>
            <Param index="ColorizationBrightness" value="1.130000"/>
            <Param index="ColorizationContrast" value="1.020000"/>
            <Param index="ColorizationHue" value="0.035000"/>
            <Param index="ColorizationSaturation" value="0.378000"/>
            <Param index="ColorizationLightness" value="0.100000"/>
            <Param index="ColorizationBlend" value="0.300000"/>
            <Param index="ShadowPenumbraSize" value="0.100000"/>
            <DirectionalLight index="Key">
                <Color value="0.921569,0.811765,0.466667"/>
                <ColorMultiplier value="1.365000"/>
                <SpecularColor value="1.000000,0.600000,0.403922"/>
                <SpecColorMultiplier value="1.300000"/>
                <Direction value="-0.358991,-0.884532,-0.297874"/>
            </DirectionalLight>
            <DirectionalLight index="Fill" Color="0.164706,0.349020,0.819608" ColorMultiplier="1.000000" Direction="-0.575316,-0.647311,0.500000"/>
            <DirectionalLight index="Back" Color="0.976471,0.392157,0.376471" ColorMultiplier="0.400000" Direction="0.747486,-0.071711,0.660395"/>
        </ToDInfoArray>
        <EditorCategories value="LightGroup:Tilesets"/>
    </CLight>
    <CLight id="TarsonisCity">
        <ToDInfoArray index="0">
            <Id value=""/>
            <AmbientColor value="0.564706,0.549020,0.450980"/>
            <OperatorHDR value="1"/>
            <Colorize value="1"/>
            <Param index="HDRExposure" value="1.500000"/>
            <Param index="HDRWhitePoint" value="1.850000"/>
            <Param index="HDRGain" value="1.000000"/>
            <Param index="HDRScale" value="1.000000"/>
            <Param index="TerrainSpecularExp" value="11.210000"/>
            <Param index="TerrainHDRSpecular" value="3.750000"/>
            <Param index="CreepSpecularExp" value="30.000000"/>
            <Param index="CreepHDRSpecMultiplier" value="3.000000"/>
            <Param index="ColorizationContrast" value="1.066000"/>
            <Param index="ColorizationHue" value="0.001000"/>
            <Param index="ColorizationBlend" value="0.300000"/>
            <Param index="AOOcclusionRadius" value="0.100000"/>
            <Param index="AONoOcclusion" value="0.020000"/>
            <Param index="AOOcclusionPower" value="1.970000"/>
            <Param index="AODetailOcclusionRadius" value="0.023000"/>
            <Param index="AODetailNoOcclusion" value="0.015000"/>
            <Param index="AODetailOcclusionPower" value="3.610000"/>
            <DirectionalLight index="Key">
                <Color value="1.000000,0.996078,0.862745"/>
                <ColorMultiplier value="1.000000"/>
                <SpecColorMultiplier value="1.250000"/>
                <Direction value="0.724693,-0.124265,-0.677775"/>
            </DirectionalLight>
            <DirectionalLight index="Fill" Color="0.258824,0.184314,0.164706" ColorMultiplier="3.000000" Direction="-0.463854,-0.769851,0.438371"/>
            <DirectionalLight index="Back" Color="0.082353,0.121569,0.200000" ColorMultiplier="1.496000" Direction="-0.668793,-0.021251,0.743145"/>
        </ToDInfoArray>
        <EditorCategories value="LightGroup:Tilesets"/>
    </CLight>
    <CLight id="TarsonisInterior">
        <ToDInfoArray index="0">
            <Id value="TarsonisInterior"/>
            <AmbientColor value="0.176471,0.254902,0.333333"/>
            <OperatorHDR value="1"/>
            <Colorize value="1"/>
            <Param index="HDRExposure" value="1.500000"/>
            <Param index="HDRBloomThreshold" value="0.500000"/>
            <Param index="HDRWhitePoint" value="1.850000"/>
            <Param index="HDRSpecMultiplier" value="1.200000"/>
            <Param index="HDREmisMultiplier" value="1.750000"/>
            <Param index="HDRGain" value="1.000000"/>
            <Param index="HDRScale" value="1.000000"/>
            <Param index="TerrainSpecularExp" value="11.210000"/>
            <Param index="TerrainHDRDiffuse" value="1.500000"/>
            <Param index="TerrainHDRSpecular" value="3.650000"/>
            <Param index="CreepSpecularExp" value="30.000000"/>
            <Param index="CreepHDRSpecMultiplier" value="3.000000"/>
            <Param index="ColorizationContrast" value="1.066000"/>
            <Param index="ColorizationHue" value="0.001000"/>
            <Param index="ColorizationBlend" value="0.300000"/>
            <Param index="AOOcclusionRadius" value="0.100000"/>
            <Param index="AONoOcclusion" value="0.020000"/>
            <Param index="AOOcclusionPower" value="1.970000"/>
            <Param index="AODetailOcclusionRadius" value="0.023000"/>
            <Param index="AODetailNoOcclusion" value="0.015000"/>
            <Param index="AODetailOcclusionPower" value="3.610000"/>
            <Param index="ShadowPenumbraSize" value="0.300000"/>
            <DirectionalLight index="Key">
                <Color value="0.411765,0.447059,0.533333"/>
                <ColorMultiplier value="0.500000"/>
                <SpecColorMultiplier value="0.200000"/>
                <Direction value="0.126911,-0.149966,-0.980512"/>
            </DirectionalLight>
            <DirectionalLight index="Fill" Color="0.537255,0.423529,0.364706" ColorMultiplier="1.413000" Direction="-0.614154,0.043054,0.788011"/>
            <DirectionalLight index="Back" Color="0.082353,0.121569,0.200000" ColorMultiplier="1.496000" Direction="-0.212305,0.268150,0.939693"/>
        </ToDInfoArray>
        <EditorCategories value="LightGroup:Tilesets"/>
    </CLight>
</Catalog>
