<?xml version="1.0" encoding="us-ascii"?>
<Catalog>
    <CMoverMissile id="MissileTankLaserBatteryLMWeapon" parent="MissileDefault">
        <MotionPhases index="0">
            <Driver value="Guidance"/>
            <Acceleration value="150"/>
            <MaxSpeed value="18.75"/>
            <ClearanceAcceleration value="75"/>
            <Outro value="-1"/>
            <YawPitchRoll value="719.2968"/>
        </MotionPhases>
    </CMoverMissile>
    <CMoverMissile id="FungalGrowthWeapon">
        <MotionPhases index="0">
            <Driver value="Guidance"/>
            <Acceleration value="1000"/>
            <Speed value="100"/>
            <MaxSpeed value="12"/>
            <IgnoresTerrain value="1"/>
            <ActorTracking value="Actual"/>
            <ThrowBandYaw value="-360,-360,-360,-360"/>
            <ThrowBandPitch value="-360,-360,-360,-360"/>
            <YawPitchRoll value="119.8828"/>
            <YawPitchRollAccel value="180"/>
        </MotionPhases>
    </CMoverMissile>
    <CMoverMissile id="HunterSeekerMissile">
        <MotionPhases index="0">
            <Driver value="Throw"/>
            <Acceleration value="3200"/>
            <Speed value="1"/>
            <MaxSpeed value="1"/>
            <Clearance value="0.5"/>
            <ClearanceLookahead value="3"/>
            <ClearanceAcceleration value="75"/>
            <ClearanceIgnoresTargetProximity value="1"/>
            <Outro value="0.9"/>
            <Timeout value="0.9"/>
            <ThrowVector value="0,-1,0"/>
            <FlightTime value="0.9"/>
        </MotionPhases>
        <MotionPhases index="1">
            <Driver value="Throw"/>
            <Acceleration value="0"/>
            <Speed value="0.0078"/>
            <MaxSpeed value="0.0078"/>
            <Clearance value="0.5"/>
            <ClearanceLookahead value="3"/>
            <ClearanceAcceleration value="75"/>
            <ClearanceIgnoresTargetProximity value="1"/>
            <Outro value="4.9"/>
            <Timeout value="4.1"/>
            <ThrowVector value="0,-1,0"/>
            <YawPitchRoll value="MAX"/>
            <FlightTime value="4.1"/>
        </MotionPhases>
        <MotionPhases index="2">
            <Driver value="Guidance"/>
            <Acceleration value="4"/>
            <MaxSpeed value="16"/>
            <Clearance value="0.5"/>
            <ClearanceLookahead value="3"/>
            <Outro value="5"/>
            <YawPitchRoll value="MAX"/>
        </MotionPhases>
        <MotionPhases index="3">
            <Driver value="Guidance"/>
            <Acceleration value="4"/>
            <MaxSpeed value="16"/>
            <Clearance value="0.5"/>
            <ClearanceLookahead value="3"/>
            <Outro value="-2.25,-2"/>
            <YawPitchRoll value="MAX"/>
        </MotionPhases>
        <MotionPhases>
            <Driver value="Guidance"/>
            <Acceleration value="16"/>
            <MaxSpeed value="16"/>
            <Clearance value="0.25"/>
            <ClearanceLookahead value="3"/>
            <YawPitchRoll value="MAX"/>
        </MotionPhases>
    </CMoverMissile>
    <CMoverMissile id="OracleWeapon" parent="MissileDefault">
        <MotionPhases index="0">
            <Driver value="Guidance"/>
            <Acceleration value="3200"/>
            <MaxSpeed value="18"/>
            <ClearanceAcceleration value="75"/>
            <Outro value="-1"/>
            <YawPitchRoll value="719.2968"/>
        </MotionPhases>
    </CMoverMissile>
    <CMoverMissile id="ThorAALance">
        <MotionPhases>
            <Driver value="Guidance"/>
            <Acceleration value="3200"/>
            <MaxSpeed value="20"/>
            <Outro value="-1"/>
            <YawPitchRoll value="719.2968"/>
        </MotionPhases>
        <MotionPhases YawPitchRoll="MAX"/>
        <MotionPhases>
            <Driver value="Guidance"/>
            <Acceleration value="3200"/>
            <MaxSpeed value="20"/>
            <Outro value="-1"/>
            <YawPitchRoll value="719.2968"/>
        </MotionPhases>
        <MotionPhases YawPitchRoll="MAX"/>
    </CMoverMissile>
    <CMoverMissile id="ScoutMPGroundWeaponLeft">
        <MotionPhases>
            <Driver value="Throw"/>
            <Acceleration value="10"/>
            <Speed value="5"/>
            <MaxSpeed value="15"/>
            <Outro value="0.3,0.75"/>
            <ThrowRotationType value="ThrowForward"/>
            <ThrowVector value="-0.4,-1,0"/>
        </MotionPhases>
        <MotionPhases Outro="0.95,1.5" ThrowVector="-0.4,-1,0"/>
        <MotionPhases Driver="Guidance" Outro="1.51,1.75" YawPitchRoll="MAX"/>
        <MotionPhases Acceleration="60" MaxSpeed="40"/>
    </CMoverMissile>
    <CMoverMissile id="ScoutMPGroundWeaponRight">
        <MotionPhases>
            <Driver value="Throw"/>
            <Acceleration value="10"/>
            <Speed value="5"/>
            <MaxSpeed value="15"/>
            <Outro value="0.3,0.75"/>
            <ThrowRotationType value="ThrowForward"/>
            <ThrowVector value="0.4,-1,0"/>
        </MotionPhases>
        <MotionPhases Outro="0.95,1.5" ThrowVector="0.4,-1,0"/>
        <MotionPhases Driver="Guidance" Outro="1.51,1.75" YawPitchRoll="MAX"/>
        <MotionPhases Acceleration="60" MaxSpeed="40"/>
    </CMoverMissile>
    <CMoverMissile id="ScoutMPAirWeaponLeft">
        <MotionPhases>
            <Driver value="Throw"/>
            <Acceleration value="10"/>
            <Speed value="5"/>
            <MaxSpeed value="15"/>
            <Outro value="0.4,0.85"/>
            <ThrowRotationType value="ThrowForward"/>
            <ThrowVector value="-0.4,-1,0"/>
        </MotionPhases>
        <MotionPhases Outro="1,1.5" ThrowVector="-0.4,-1,0"/>
        <MotionPhases>
            <Driver value="Guidance"/>
            <Acceleration value="60"/>
            <MaxSpeed value="40"/>
            <YawPitchRoll value="MAX"/>
        </MotionPhases>
    </CMoverMissile>
    <CMoverMissile id="ScoutMPAirWeaponRight">
        <MotionPhases>
            <Driver value="Throw"/>
            <Acceleration value="10"/>
            <Speed value="5"/>
            <MaxSpeed value="15"/>
            <Outro value="0.4,0.85"/>
            <ThrowRotationType value="ThrowForward"/>
            <ThrowVector value="0.4,-1,0"/>
        </MotionPhases>
        <MotionPhases Outro="1,1.5" ThrowVector="0.4,-1,0"/>
        <MotionPhases>
            <Driver value="Guidance"/>
            <Acceleration value="60"/>
            <MaxSpeed value="40"/>
            <YawPitchRoll value="MAX"/>
        </MotionPhases>
    </CMoverMissile>
    <CMoverMissile id="ArbiterMPWeaponMissile">
        <MotionPhases>
            <Driver value="Guidance"/>
            <Acceleration value="3200"/>
            <MaxSpeed value="20"/>
            <YawPitchRoll value="MAX"/>
        </MotionPhases>
    </CMoverMissile>
    <CMoverMissile id="DevourerMPWeaponMissile">
        <MotionPhases>
            <Driver value="Guidance"/>
            <Acceleration value="3200"/>
            <MaxSpeed value="20"/>
            <YawPitchRoll value="MAX"/>
        </MotionPhases>
    </CMoverMissile>
    <CMoverMissile id="HydraliskImpaleMissile" parent="MissileDefault"/>
    <CMoverMissile id="RavagerCorrosiveBile">
        <MotionPhases>
            <Driver value="Guidance"/>
            <Acceleration value="3200"/>
            <MaxSpeed value="30"/>
            <ClearanceAcceleration value="75"/>
            <ArrivalTestType value="3D"/>
            <Outro value="-1"/>
            <ThrowBandYaw value="-360,-360,-360,-360"/>
            <ThrowBandPitch value="-360,-360,-360,-360"/>
            <YawPitchRoll value="719.2968"/>
        </MotionPhases>
    </CMoverMissile>
    <CMoverMissile id="LocustMPFlyingSwoop">
        <MotionPhases>
            <Driver value="Guidance"/>
            <Acceleration value="20"/>
            <MaxSpeed value="40"/>
            <YawPitchRoll value="MAX"/>
        </MotionPhases>
    </CMoverMissile>
    <CMoverMissile id="LightningBombWeapon">
        <MotionPhases>
            <Driver value="Guidance"/>
            <Acceleration value="3200"/>
            <MaxSpeed value="15"/>
            <ClearanceAcceleration value="75"/>
            <Outro value="-1"/>
            <RotationActorType value="Upright"/>
            <ThrowBandYaw value="-360,-360,-360,-360"/>
            <ThrowBandPitch value="-360,-360,-360,-360"/>
            <YawPitchRoll value="719.2968"/>
        </MotionPhases>
        <MotionPhases YawPitchRoll="MAX"/>
    </CMoverMissile>
    <CMoverMissile id="GrappleLaunchCaster">
        <Flags index="IgnoreMovementSuppression" value="1"/>
        <MotionPhases>
            <Driver value="Ballistic"/>
            <Acceleration value="-1"/>
            <Gravity value="10"/>
            <RotationActorType value="Upright"/>
            <YawPitchRoll value="MAX"/>
            <FlightTime value="0.75"/>
        </MotionPhases>
        <RotationIgnoredByUnit value="1"/>
        <PathMode value="Flying"/>
    </CMoverMissile>
    <CMoverMissile id="CycloneMissileLeft">
        <!--MotionPhases>
            <Driver value="Throw"/>
            <Acceleration value="10"/>
            <Speed value="10"/>
            <MaxSpeed value="20"/>
            <Outro value="1"/>
            <ThrowRotationType value="LookAtTarget2D"/>
            <ThrowVector value="0.5,-1,0"/>
            <Overlays Scale="0"/>
        </MotionPhases-->
        <MotionPhases>
            <Driver value="Guidance"/>
            <Acceleration value="5"/>
            <Speed value="20"/>
            <MaxSpeed value="35"/>
            <Outro value="-1"/>
            <YawPitchRoll value="719.2968"/>
            <Overlays Scale="0.2,0.2"/>
        </MotionPhases>
        <MotionPhases YawPitchRoll="MAX">
            <Overlays Scale="0"/>
        </MotionPhases>
        <MotionOverlays>
            <Type value="Revolver"/>
            <RevolverSpeed value="179.2968"/>
            <RevolverSpeedRange value="179.2968"/>
            <RevolverMaxSpeed value="719.2968"/>
            <RevolverMaxSpeedRange value="0"/>
            <RevolverAccel value="337.5"/>
            <RevolverAccelRange value="337.5"/>
        </MotionOverlays>
    </CMoverMissile>
    <CMoverMissile id="CycloneMissileRight">
        <!--MotionPhases>
            <Driver value="Throw"/>
            <Acceleration value="10"/>
            <Speed value="10"/>
            <MaxSpeed value="20"/>
            <Outro value="1"/>
            <ThrowRotationType value="LookAtTarget2D"/>
            <ThrowVector value="-0.5,-1,0"/>
            <Overlays Scale="0"/>
        </MotionPhases-->
        <MotionPhases>
            <Driver value="Guidance"/>
            <Acceleration value="5"/>
            <Speed value="20"/>
            <MaxSpeed value="35"/>
            <Outro value="-1"/>
            <YawPitchRoll value="719.2968"/>
            <Overlays Scale="0.2,0.2"/>
        </MotionPhases>
        <MotionPhases YawPitchRoll="MAX">
            <Overlays Scale="0"/>
        </MotionPhases>
        <MotionOverlays>
            <Type value="Revolver"/>
            <RevolverSpeed value="179.2968"/>
            <RevolverSpeedRange value="179.2968"/>
            <RevolverMaxSpeed value="719.2968"/>
            <RevolverMaxSpeedRange value="0"/>
            <RevolverAccel value="337.5"/>
            <RevolverAccelRange value="337.5"/>
        </MotionOverlays>
    </CMoverMissile>
    <CMoverMissile id="CausticSprayMissile">
        <MotionPhases>
            <Driver value="Throw"/>
            <Speed value="10"/>
            <MaxSpeed value="10"/>
            <Outro value="0.1,4,0.1,0.1"/>
            <ThrowVector value="0,-1,0.25"/>
            <ThrowBandYaw value="-360,-360,-360,-360"/>
            <ThrowBandPitch value="-360,-360,-360,-360"/>
            <YawPitchRoll value="719.2968"/>
        </MotionPhases>
        <MotionPhases>
            <Driver value="Guidance"/>
            <Acceleration value="20"/>
            <MaxSpeed value="20"/>
            <ActorTracking value="Actual"/>
            <YawPitchRoll value="119.8828"/>
            <YawPitchRollAccel value="180"/>
        </MotionPhases>
    </CMoverMissile>
    <CMoverMissile id="CausticSprayMissileClose">
        <MotionPhases>
            <Driver value="Throw"/>
            <Speed value="10"/>
            <MaxSpeed value="10"/>
            <Outro value="0.1,4,0.1,0.1"/>
            <ThrowVector value="0,-1,-0.25"/>
            <ThrowBandYaw value="-360,-360,-360,-360"/>
            <ThrowBandPitch value="-360,-360,-360,-360"/>
            <YawPitchRoll value="719.2968"/>
        </MotionPhases>
        <MotionPhases>
            <Driver value="Guidance"/>
            <Acceleration value="20"/>
            <MaxSpeed value="20"/>
            <ActorTracking value="Actual"/>
            <YawPitchRoll value="119.8828"/>
            <YawPitchRollAccel value="180"/>
        </MotionPhases>
    </CMoverMissile>
    <CMoverMissile id="GrappleUnitKnockbackMover5">
        <Flags index="IgnoreMovementSuppression" value="1"/>
        <MotionPhases>
            <Driver value="Ballistic"/>
            <Acceleration value="-1"/>
            <Gravity value="20"/>
            <RotationActorType value="Upright"/>
            <YawPitchRoll value="MAX"/>
            <FlightTime value="0.5"/>
        </MotionPhases>
        <RotationIgnoredByUnit value="1"/>
        <PathMode value="Flying"/>
    </CMoverMissile>
    <CMoverMissile id="ParasiticBombMissile" parent="MissileDefault">
        <MotionPhases index="0">
            <MaxSpeed value="13"/>
        </MotionPhases>
    </CMoverMissile>
    <CMoverMissile id="AdeptWeapon" parent="MissileDefault"/>
    <CMoverMissile id="AdeptUpgradeWeapon" parent="MissileDefault"/>
    <CMoverMissile id="HERCJump">
        <MotionPhases>
            <Driver value="Guidance"/>
            <Acceleration value="3200"/>
            <MaxSpeed value="30"/>
            <ClearanceAcceleration value="1000"/>
            <Outro value="-1"/>
            <ThrowBandYaw value="-360,-360,-360,-360"/>
            <ThrowBandPitch value="-360,-360,-360,-360"/>
            <YawPitchRoll value="719.2968"/>
        </MotionPhases>
    </CMoverMissile>
    <CMoverMissile id="LiberatorMissile">
        <MotionPhases>
            <Driver value="Throw"/>
            <Acceleration value="3200"/>
            <Speed value="1"/>
            <MaxSpeed value="8"/>
            <Outro value="2.5,3.5"/>
            <ThrowRotationType value="ThrowForward"/>
            <ThrowVector value="0,-1,0"/>
            <ThrowBandYaw value="74.9926,-74.9926,64.995,-64.995"/>
            <ThrowBandPitch value="45,-45,4.9987,-4.9987"/>
        </MotionPhases>
        <MotionPhases>
            <Driver value="Guidance"/>
            <Acceleration value="3200"/>
            <AccelerationRange value="7"/>
            <MaxSpeed value="16"/>
            <ActorTracking value="Actual"/>
            <Outro value="-2.5,-1.5"/>
            <YawPitchRoll value="359.2968"/>
            <Overlays Scale="1,1"/>
        </MotionPhases>
        <MotionPhases>
            <Driver value="Guidance"/>
            <ThrowBandYaw value="-360,-360,-360,-360"/>
            <ThrowBandPitch value="-360,-360,-360,-360"/>
            <YawPitchRoll value="5759.6484"/>
            <Overlays Scale="0.5,0.5"/>
        </MotionPhases>
        <MotionOverlays>
            <Type value="Revolver"/>
            <RevolverSpeed value="119.5312"/>
            <RevolverSpeedRange value="119.5312"/>
            <RevolverMaxSpeed value="719.2968"/>
            <RevolverMaxSpeedRange value="719.2968"/>
            <RevolverAccel value="45"/>
            <RevolverAccelRange value="337.5"/>
        </MotionOverlays>
    </CMoverMissile>
    <CMoverMissile id="LiberatorAGMissile" parent="MissileDefault">
        <MotionPhases index="0">
            <Driver value="Guidance"/>
            <Acceleration value="3200"/>
            <MaxSpeed value="40"/>
            <ClearanceAcceleration value="75"/>
            <ActorTracking value="Actual"/>
            <Outro value="-1"/>
            <RotationLaunchActorType value="LaunchToTarget"/>
            <YawPitchRoll value="719.2968"/>
        </MotionPhases>
    </CMoverMissile>
    <CMoverMissile id="KD8Charge" parent="MissileDefault">
        <MotionPhases index="0">
            <Driver value="Guidance"/>
            <Speed value="20"/>
            <MaxSpeed value="20"/>
            <YawPitchRoll value="MAX"/>
        </MotionPhases>
    </CMoverMissile>
    <CMoverMissile id="KD8ChargeWeapon" parent="MissileDefault">
        <MotionPhases index="0">
            <Driver value="Guidance"/>
            <Acceleration value="3200"/>
            <Speed value="12"/>
            <MaxSpeed value="12"/>
            <ClearanceAcceleration value="75"/>
            <Outro value="-1"/>
            <YawPitchRoll value="719.2968"/>
        </MotionPhases>
    </CMoverMissile>
    <CMoverMissile id="KD8ChargeWeaponCloseRange" parent="MissileDefault">
        <MotionPhases index="0">
            <Driver value="Guidance"/>
            <Acceleration value="3200"/>
            <Speed value="6"/>
            <MaxSpeed value="6"/>
            <ClearanceAcceleration value="75"/>
            <Outro value="-1"/>
            <YawPitchRoll value="719.2968"/>
        </MotionPhases>
    </CMoverMissile>
    <CMoverMissile id="UnitLaunchToTargetPoint">
        <Flags index="IgnoreMovementSuppression" value="1"/>
        <MotionPhases>
            <RotationActorType value="Upright"/>
            <Driver value="Ballistic"/>
            <Acceleration value="-1"/>
            <MinSpeed value="10"/>
            <MaxSpeed value="10"/>
            <Gravity value="20"/>
            <YawPitchRoll value="MAX"/>
        </MotionPhases>
        <RotationIgnoredByUnit value="1"/>
        <PathMode value="Flying"/>
    </CMoverMissile>
</Catalog>
