<?xml version="1.0" encoding="us-ascii"?>
<Catalog>
    <CRequirement id="HaveArmoryandAttachedBarracksTechLab">
        <EditorCategories value="Race:Terran,TechType:Unit"/>
        <CanBeSuppressed index="Use" value="0"/>
        <NodeArray index="Use" Link="AndCountUnitBarracksTechLabCompleteOnlyAtUnit2589852481TechTreeCheatCountUnitArmoryCompleteOnlyTechTreeCheat"/>
    </CRequirement>
    <CRequirement id="HaveFlyingLocusts">
        <EditorCategories value="Race:Zerg,TechType:Upgrade"/>
        <NodeArray index="Use" Link="CountUpgradeFlyingLocustsCompleteOnly3740435714"/>
    </CRequirement>
    <CRequirement id="HaveAdeptKillBounce">
        <EditorCategories value="Race:Protoss,TechType:Upgrade"/>
        <NodeArray index="Use" Link="CountUpgradeAdeptKillBounceCompleteOnly1911530429"/>
    </CRequirement>
    <CRequirement id="LearnFlyingLocusts">
        <EditorCategories value="Race:Zerg,TechType:Upgrade"/>
        <NodeArray index="Use" Link="Or1515591279CountUnitLairCompleteOnlyCountUnitHiveCompleteOnly"/>
        <NodeArray index="Show" Link="NotCountUpgradeFlyingLocustsQueuedOrBetter"/>
    </CRequirement>
    <CRequirement id="LearnImmortalBarrier">
        <EditorCategories value="Race:Protoss,TechType:Ability"/>
        <NodeArray index="Show" Link="NotCountUpgradeImmortalBarrierQueuedOrBetter"/>
    </CRequirement>
    <CRequirement id="LearnImmortalRevive">
        <EditorCategories value="Race:Protoss,TechType:Ability"/>
        <NodeArray index="Show" Link="NotCountUpgradeImmortalReviveQueuedOrBetter"/>
    </CRequirement>
    <CRequirement id="LearnRoachSupply">
        <EditorCategories value="Race:Zerg,TechType:Upgrade"/>
        <NodeArray index="Use" Link="Or1229866228CountUnitHiveCompleteOnlyTechTreeCheat"/>
        <NodeArray index="Show" Link="NotCountUpgradeRoachSupplyQueuedOrBetter"/>
    </CRequirement>
    <CRequirement id="HaveNexusPurifyActive"/>
    <CRequirement id="LearnBurrow">
        <NodeArray index="Use" Link=""/>
    </CRequirement>
    <CRequirement id="LearnDrillingClaws">
        <EditorCategories value="Race:Terran,TechType:Ability"/>
        <NodeArray index="Use" Link="CountUnitArmoryCompleteOnly"/>
        <NodeArray index="Show" Link="NotCountUpgradeDrillClawsQueuedOrBetter"/>
    </CRequirement>
    <CRequirement id="LearnHydraliskSpeedUpgrade">
        <NodeArray index="Use" Link="Or1515591279TechTreeCheatCountUnitLairCompleteOnly1515591279CountUnitHiveCompleteOnly1229866228"/>
    </CRequirement>
    <CRequirement id="LearnMedivacEnergyUpgradeDisplay">
        <EditorCategories value="Race:Terran,TechType:Upgrade"/>
        <NodeArray index="Show" Link="NotCountUpgradeMedivacCaduceusReactorCompleteOnly"/>
    </CRequirement>
    <CRequirement id="LearnPneumatizedCarapace">
        <NodeArray index="Use" Link=""/>
    </CRequirement>
    <CRequirement id="LearnReaperSpeed"/>
    <CRequirement id="LearnAdeptKillBounce">
        <EditorCategories value="Race:Protoss,TechType:Upgrade"/>
        <NodeArray index="Show" Link="NotCountUpgradeAdeptKillBounceQueuedOrBetter"/>
    </CRequirement>
    <CRequirement id="LearnTerranVehicleAndShipArmor1">
        <NodeArray index="Show" Link="EqCountUpgradeTerranVehicleAndShipArmorsLevel1QueuedOrBetter0"/>
    </CRequirement>
    <CRequirement id="LearnTerranVehicleAndShipArmor2">
        <NodeArray index="Use" Link="AndEq611800619CountUpgradeTerranVehicleAndShipArmorsLevel1CompleteOnly1"/>
        <NodeArray index="Show" Link="EqCountUpgradeTerranVehicleAndShipArmorsLevel2QueuedOrBetter0"/>
    </CRequirement>
    <CRequirement id="LearnTerranVehicleAndShipArmor3">
        <NodeArray index="Use" Link="AndEq2326683880CountUpgradeTerranVehicleAndShipArmorsLevel2CompleteOnly1"/>
        <NodeArray index="Show" Link="EqCountUpgradeTerranVehicleAndShipArmorsLevel3QueuedOrBetter0"/>
    </CRequirement>
    <CRequirement id="LearnTerranVehicleAndShipWeapon1">
        <NodeArray index="Show" Link="EqCountUpgradeTerranVehicleAndShipWeaponsLevel1QueuedOrBetter0"/>
    </CRequirement>
    <CRequirement id="LearnTerranVehicleAndShipWeapon2">
        <NodeArray index="Use" Link="AndEq1256514689CountUpgradeTerranVehicleAndShipWeaponsLevel1CompleteOnly1"/>
        <NodeArray index="Show" Link="EqCountUpgradeTerranVehicleAndShipWeaponsLevel2QueuedOrBetter0"/>
    </CRequirement>
    <CRequirement id="LearnTerranVehicleAndShipWeapon3">
        <NodeArray index="Use" Link="AndEq514164946CountUpgradeTerranVehicleAndShipWeaponsLevel2CompleteOnly1"/>
        <NodeArray index="Show" Link="EqCountUpgradeTerranVehicleAndShipWeaponsLevel3QueuedOrBetter0"/>
    </CRequirement>
    <CRequirement id="LearnTransformationServos"/>
    <CRequirement id="LockedOn">
        <EditorCategories value="Race:Terran,TechType:Ability"/>
        <NodeArray index="Show" Link="CountBehaviorLockOnDisableAttackCompleteOnlyAtUnit"/>
    </CRequirement>
    <CRequirement id="NearWarpgateorNexus">
        <EditorCategories value="Race:Protoss"/>
        <NodeArray index="Use" Link="CountBehaviorPowerSourceFastCompleteOnlyAtUnit2876499218"/>
    </CRequirement>
    <CRequirement id="NoLockedOn">
        <NodeArray index="Use" Link="Not361380870CountBehaviorLockOnDisableAttackCompleteOnlyAtUnit"/>
    </CRequirement>
    <CRequirement id="HaveCycloneLockOnAirUpgrade">
        <EditorCategories value="Race:Terran,TechType:Upgrade"/>
        <NodeArray index="Use" Link="CountUpgradeCycloneAirUpgradeCompleteOnly"/>
    </CRequirement>
    <CRequirement id="LearnCycloneLockOnAirUpgrade">
        <EditorCategories value="Race:Terran,TechType:Upgrade"/>
        <NodeArray index="Use" Link="CountUnitFusionCoreCompleteOnly"/>
        <NodeArray index="Show" Link="NotCountUpgradeCycloneAirUpgradeQueuedOrBetter"/>
    </CRequirement>
    <CRequirement id="NotInArmorpiercingMode">
        <EditorCategories value="TechType:Ability"/>
        <NodeArray index="Use" Link="LT2314084817CountBehaviorArmorpiercingModeCompleteOnlyAtUnit1"/>
        <NodeArray index="Show" Link="LTCountBehaviorArmorpiercingModeCompleteOnlyAtUnit1"/>
    </CRequirement>
    <CRequirement id="NotInExplosiveMode">
        <EditorCategories value="TechType:Ability"/>
        <NodeArray index="Use" Link="GTE3238024024CountBehaviorArmorpiercingModeCompleteOnlyAtUnit1"/>
        <NodeArray index="Show" Link="GTECountBehaviorArmorpiercingModeCompleteOnlyAtUnit1"/>
    </CRequirement>
    <CRequirement id="ArmInterceptor">
        <NodeArray index="Use" Link="LT2210218377CountUnitInterceptorQueuedOrBetterAtUnit8"/>
    </CRequirement>
    <CRequirement id="NotNearWarpgate">
        <EditorCategories value="Race:Protoss"/>
        <NodeArray index="Use" Link="AndEqCountBehaviorNearWarpgateCompleteOnlyAtUnit0"/>
    </CRequirement>
    <CRequirement id="ReleaseInterceptors">
        <EditorCategories value="Race:Protoss,TechType:Ability"/>
        <NodeArray index="Use" Link="CountUnitInterceptorCompleteOnlyAtUnit"/>
    </CRequirement>
    <CRequirement id="UseImmortalBarrier">
        <EditorCategories value="Race:Protoss,TechType:Ability"/>
        <NodeArray index="Use" Link="CountUpgradeImmortalBarrierCompleteOnly2784235986TechTreeCheat"/>
    </CRequirement>
    <CRequirement id="UseImmortalRevive">
        <EditorCategories value="Race:Protoss,TechType:Ability"/>
        <NodeArray index="Use" Link="CountUpgradeImmortalReviveCompleteOnly2484967998TechTreeCheat"/>
    </CRequirement>
    <CRequirement id="LearnCycloneLockOnRangeUpgrade">
        <EditorCategories value="Race:Terran,TechType:Upgrade"/>
        <NodeArray index="Use" Link="CountUnitArmoryCompleteOnly"/>
        <NodeArray index="Show" Link="NotCountUpgradeCycloneLockOnRangeUpgradeQueuedOrBetter"/>
    </CRequirement>
    <CRequirement id="HaveCycloneLockOnRangeUpgrade">
        <EditorCategories value="Race:Terran,TechType:Upgrade"/>
        <NodeArray index="Use" Link="CountUpgradeCycloneLockOnRangeUpgradeCompleteOnly"/>
    </CRequirement>
    <CRequirement id="HaveCinematicMode">
        <EditorCategories value="Race:Protoss,TechType:Upgrade"/>
        <NodeArray index="Show" Link="CountUpgradeCinematicModeCompleteOnly"/>
    </CRequirement>
    <CRequirement id="HaveCursorDebug">
        <EditorCategories value="Race:Protoss,TechType:Upgrade"/>
        <NodeArray index="Show" Link="CountUpgradeCursorDebugCompleteOnly"/>
    </CRequirement>
    <CRequirement id="LurkerHoldingFire">
        <EditorCategories value="Race:Zerg,TechType:Ability"/>
        <NodeArray index="Show" Link="CountBehaviorLurkerHoldFireBCompleteOnlyAtUnit"/>
    </CRequirement>
    <CRequirement id="LurkerNotHoldingFire">
        <EditorCategories value="Race:Zerg,TechType:Ability"/>
        <NodeArray index="Show" Link="NotCountBehaviorLurkerHoldFireBCompleteOnlyAtUnit"/>
    </CRequirement>
    <CRequirement id="LearnLiberatorMorph">
        <EditorCategories value="Race:Terran,TechType:Upgrade"/>
        <NodeArray index="Use" Link="CountUnitArmoryCompleteOnly"/>
        <NodeArray index="Show" Link="NotCountUpgradeLiberatorMorphQueuedOrBetter"/>
    </CRequirement>
    <CRequirement id="HaveLiberatorMorph">
        <EditorCategories value="Race:Terran,TechType:Ability"/>
        <NodeArray index="Use" Link="CountUpgradeLiberatorMorphCompleteOnly1725926371TechTreeCheat"/>
    </CRequirement>
    <CRequirement id="AdeptPhaseShifting">
        <EditorCategories value="Race:Protoss,TechType:Ability"/>
        <NodeArray index="Show" Link="CountBehaviorAdeptPhaseShiftCasterCompleteOnlyAtUnit"/>
    </CRequirement>
    <CRequirement id="HaveAdeptShieldUpgrade">
        <EditorCategories value="Race:Protoss,TechType:Upgrade"/>
        <NodeArray index="Use" Link="CountUpgradeAdeptShieldUpgradeCompleteOnly4225243259"/>
    </CRequirement>
    <CRequirement id="LearnAdeptShieldUpgrade">
        <NodeArray index="Show" Link="NotCountUpgradeAdeptShieldUpgradeQueuedOrBetter"/>
    </CRequirement>
    <CRequirement id="LearnAdeptPiercingAttack">
        <EditorCategories value="Race:Protoss,TechType:Upgrade"/>
        <NodeArray index="Show" Link="NotCountUpgradeAdeptPiercingAttackQueuedOrBetter"/>
    </CRequirement>
    <CRequirement id="HaveAdeptPiercingAttack">
        <EditorCategories value="Race:Protoss,TechType:Upgrade"/>
        <NodeArray index="Use" Link="CountUpgradeAdeptPiercingAttackCompleteOnly543136321"/>
    </CRequirement>
</Catalog>
