<?xml version="1.0" encoding="us-ascii"?>
<Catalog>
    <CRequirementAnd id="AndCountBehaviorMothershipCorePurifyNexusCompleteOnlyAtUnit1">
        <OperandArray value="CountBehaviorMothershipCorePurifyNexusCompleteOnlyAtUnit"/>
        <OperandArray value="1"/>
    </CRequirementAnd>
    <CRequirementAnd id="AndCountBehaviorPurifyCompleteOnlyAtUnit1">
        <OperandArray value="CountBehaviorPurifyCompleteOnlyAtUnit"/>
        <OperandArray value="1"/>
    </CRequirementAnd>
    <CRequirementAnd id="AndCountUnitBarracksTechLabCompleteOnlyAtUnit2589852481TechTreeCheatCountUnitArmoryCompleteOnlyTechTreeCheat">
        <Tooltip value=""/>
        <OperandArray value="CountUnitBarracksTechLabCompleteOnlyAtUnit2589852481TechTreeCheat"/>
        <OperandArray value="CountUnitArmoryCompleteOnlyTechTreeCheat"/>
    </CRequirementAnd>
    <CRequirementAnd id="AndEq1256514689CountUpgradeTerranVehicleAndShipWeaponsLevel1CompleteOnly1">
        <Tooltip value=""/>
        <OperandArray value="Eq1256514689CountUpgradeTerranVehicleAndShipWeaponsLevel1CompleteOnly1"/>
    </CRequirementAnd>
    <CRequirementAnd id="AndEq2326683880CountUpgradeTerranVehicleAndShipArmorsLevel2CompleteOnly1">
        <Tooltip value=""/>
        <OperandArray value="Eq2326683880CountUpgradeTerranVehicleAndShipArmorsLevel2CompleteOnly1"/>
    </CRequirementAnd>
    <CRequirementAnd id="AndEq514164946CountUpgradeTerranVehicleAndShipWeaponsLevel2CompleteOnly1">
        <Tooltip value=""/>
        <OperandArray value="Eq514164946CountUpgradeTerranVehicleAndShipWeaponsLevel2CompleteOnly1"/>
    </CRequirementAnd>
    <CRequirementAnd id="AndEq611800619CountUpgradeTerranVehicleAndShipArmorsLevel1CompleteOnly1">
        <Tooltip value=""/>
        <OperandArray value="Eq611800619CountUpgradeTerranVehicleAndShipArmorsLevel1CompleteOnly1"/>
    </CRequirementAnd>
    <CRequirementAnd id="AndEqCountBehaviorNearWarpgateCompleteOnlyAtUnit0">
        <OperandArray value="EqCountBehaviorNearWarpgateCompleteOnlyAtUnit0"/>
    </CRequirementAnd>
    <CRequirementCountBehavior id="CountBehaviorArmorpiercingModeCompleteOnlyAtUnit">
        <Flags index="TechTreeCheat" value="0"/>
        <Tooltip value=""/>
        <Count Link="ArmorpiercingMode" State="CompleteOnlyAtUnit"/>
    </CRequirementCountBehavior>
    <CRequirementCountBehavior id="CountBehaviorLockOnDisableAttackCompleteOnlyAtUnit">
        <Flags index="TechTreeCheat" value="0"/>
        <Tooltip value=""/>
        <Count Link="LockOnDisableAttack" State="CompleteOnlyAtUnit"/>
    </CRequirementCountBehavior>
    <CRequirementCountBehavior id="CountBehaviorMothershipCorePurifyNexusCompleteOnlyAtUnit"/>
    <CRequirementCountBehavior id="CountBehaviorNearWarpgateCompleteOnlyAtUnit">
        <Flags index="TechTreeCheat" value="0"/>
        <Count Link="NearWarpgate" State="CompleteOnlyAtUnit"/>
    </CRequirementCountBehavior>
    <CRequirementCountBehavior id="CountBehaviorPowerSourceFastCompleteOnlyAtUnit2876499218">
        <Flags index="TechTreeCheat" value="0"/>
        <Count Link="PowerSourceFast" State="CompleteOnlyAtUnit"/>
    </CRequirementCountBehavior>
    <CRequirementCountBehavior id="CountBehaviorPurifyCompleteOnlyAtUnit"/>
    <CRequirementCountUnit id="CountUnitArmoryCompleteOnly">
        <Flags index="TechTreeCheat" value="0"/>
        <Tooltip value=""/>
        <Count Link="Armory" State="CompleteOnly"/>
    </CRequirementCountUnit>
    <CRequirementCountUnit id="CountUnitArmoryCompleteOnly609241497TechTreeCheat"/>
    <CRequirementCountUnit id="CountUnitBarracksTechLabCompleteOnlyAtUnit2589852481TechTreeCheat">
        <Tooltip value="RequirementNode/Tooltip/CountUnitBarracksTechLabCompleteOnlyAtUnit2589852481TechTreeCheat"/>
    </CRequirementCountUnit>
    <CRequirementCountUnit id="CountUnitHiveCompleteOnly1229866228">
        <Flags index="TechTreeCheat" value="0"/>
        <Count Link="Hive" State="CompleteOnly"/>
    </CRequirementCountUnit>
    <CRequirementCountUnit id="CountUnitInterceptorCompleteOnlyAtUnit">
        <Flags index="TechTreeCheat" value="0"/>
        <Tooltip value=""/>
        <Count Link="Interceptor" State="CompleteOnlyAtUnit"/>
    </CRequirementCountUnit>
    <CRequirementCountUnit id="CountUnitLairCompleteOnly1515591279">
        <Flags index="TechTreeCheat" value="0"/>
        <Count Link="Lair" State="CompleteOnly"/>
    </CRequirementCountUnit>
    <CRequirementCountUnit id="CountUnitLairCompleteOnly1515591279TechTreeCheat">
        <Count Link="Lair" State="CompleteOnly"/>
    </CRequirementCountUnit>
    <CRequirementCountUnit id="CountUnitRoachWarrenCompleteOnly">
        <Flags index="TechTreeCheat" value="0"/>
    </CRequirementCountUnit>
    <CRequirementCountUpgrade id="CountUpgradeAdeptKillBounceCompleteOnly1911530429">
        <Flags index="TechTreeCheat" value="0"/>
        <Count Link="AdeptKillBounce" State="CompleteOnly"/>
    </CRequirementCountUpgrade>
    <CRequirementCountUpgrade id="CountUpgradeAdeptKillBounceQueuedOrBetter">
        <Flags index="TechTreeCheat" value="0"/>
        <Tooltip value=""/>
        <Count Link="AdeptKillBounce" State="QueuedOrBetter"/>
    </CRequirementCountUpgrade>
    <CRequirementCountUpgrade id="CountUpgradeAdeptPiercingAttackCompleteOnly543136321">
        <Flags index="TechTreeCheat" value="0"/>
        <Count Link="AdeptPiercingAttack" State="CompleteOnly"/>
    </CRequirementCountUpgrade>
    <CRequirementCountUpgrade id="CountUpgradeAdeptPiercingAttackQueuedOrBetter">
        <Flags index="TechTreeCheat" value="0"/>
        <Tooltip value="RequirementNode/Tooltip/##id##"/>
        <Count Link="AdeptPiercingAttack" State="QueuedOrBetter"/>
    </CRequirementCountUpgrade>
    <CRequirementCountUpgrade id="CountUpgradeCycloneAirUpgradeCompleteOnly">
        <Flags index="TechTreeCheat" value="0"/>
        <Count Link="CycloneAirUpgrade" State="CompleteOnly"/>
    </CRequirementCountUpgrade>
    <CRequirementCountUpgrade id="CountUpgradeCycloneLockOnRangeUpgradeCompleteOnly">
        <Flags index="TechTreeCheat" value="0"/>
        <Tooltip value=""/>
        <Count Link="CycloneLockOnRangeUpgrade" State="CompleteOnly"/>
    </CRequirementCountUpgrade>
    <CRequirementCountUpgrade id="CountUpgradeCycloneLockOnRangeUpgradeQueuedOrBetter">
        <Flags index="TechTreeCheat" value="0"/>
        <Tooltip value=""/>
        <Count Link="CycloneLockOnRangeUpgrade" State="QueuedOrBetter"/>
    </CRequirementCountUpgrade>
    <CRequirementCountUpgrade id="CountUpgradeFlyingLocustsCompleteOnly3740435714">
        <Flags index="TechTreeCheat" value="0"/>
        <Count Link="FlyingLocusts" State="CompleteOnly"/>
    </CRequirementCountUpgrade>
    <CRequirementCountUpgrade id="CountUpgradeFlyingLocustsQueuedOrBetter">
        <Flags index="TechTreeCheat" value="0"/>
        <Tooltip value=""/>
        <Count Link="FlyingLocusts" State="QueuedOrBetter"/>
    </CRequirementCountUpgrade>
    <CRequirementCountUpgrade id="CountUpgradeDrillClawsQueuedOrBetter">
        <Flags index="TechTreeCheat" value="0"/>
        <Tooltip value=""/>
        <Count Link="DrillClaws" State="QueuedOrBetter"/>
    </CRequirementCountUpgrade>
    <CRequirementCountUpgrade id="CountUpgradeImmortalBarrierCompleteOnly2784235986TechTreeCheat">
        <Count Link="ImmortalBarrier" State="CompleteOnly"/>
    </CRequirementCountUpgrade>
    <CRequirementCountUpgrade id="CountUpgradeImmortalBarrierQueuedOrBetter">
        <Flags index="TechTreeCheat" value="0"/>
        <Tooltip value=""/>
        <Count Link="ImmortalBarrier" State="QueuedOrBetter"/>
    </CRequirementCountUpgrade>
    <CRequirementCountUpgrade id="CountUpgradeImmortalReviveCompleteOnly2484967998TechTreeCheat">
        <Count Link="ImmortalRevive" State="CompleteOnly"/>
    </CRequirementCountUpgrade>
    <CRequirementCountUpgrade id="CountUpgradeImmortalReviveQueuedOrBetter">
        <Flags index="TechTreeCheat" value="0"/>
        <Tooltip value=""/>
        <Count Link="ImmortalRevive" State="QueuedOrBetter"/>
    </CRequirementCountUpgrade>
    <CRequirementCountUpgrade id="CountUpgradeLiberatorMorphCompleteOnly1725926371TechTreeCheat">
        <Count Link="LiberatorMorph" State="CompleteOnly"/>
    </CRequirementCountUpgrade>
    <CRequirementCountUpgrade id="CountUpgradeMedivacCaduceusReactorCompleteOnly">
        <Flags index="TechTreeCheat" value="0"/>
        <Tooltip value=""/>
        <Count Link="MedivacCaduceusReactor" State="CompleteOnly"/>
    </CRequirementCountUpgrade>
    <CRequirementCountUpgrade id="CountUpgradeRoachSupplyQueuedOrBetter">
        <Flags index="TechTreeCheat" value="0"/>
        <Tooltip value=""/>
        <Count Link="RoachSupply" State="QueuedOrBetter"/>
    </CRequirementCountUpgrade>
    <CRequirementCountUpgrade id="CountUpgradeTerranVehicleAndShipArmorsLevel1CompleteOnly">
        <Flags index="TechTreeCheat" value="0"/>
        <Tooltip value=""/>
        <Count Link="TerranVehicleAndShipArmorsLevel1" State="CompleteOnly"/>
    </CRequirementCountUpgrade>
    <CRequirementCountUpgrade id="CountUpgradeTerranVehicleAndShipArmorsLevel1QueuedOrBetter">
        <Flags index="TechTreeCheat" value="0"/>
        <Tooltip value=""/>
        <Count Link="TerranVehicleAndShipArmorsLevel1" State="QueuedOrBetter"/>
    </CRequirementCountUpgrade>
    <CRequirementCountUpgrade id="CountUpgradeTerranVehicleAndShipArmorsLevel2CompleteOnly">
        <Flags index="TechTreeCheat" value="0"/>
        <Tooltip value=""/>
        <Count Link="TerranVehicleAndShipArmorsLevel2" State="CompleteOnly"/>
    </CRequirementCountUpgrade>
    <CRequirementCountUpgrade id="CountUpgradeTerranVehicleAndShipArmorsLevel2QueuedOrBetter">
        <Flags index="TechTreeCheat" value="0"/>
        <Tooltip value=""/>
        <Count Link="TerranVehicleAndShipArmorsLevel2" State="QueuedOrBetter"/>
    </CRequirementCountUpgrade>
    <CRequirementCountUpgrade id="CountUpgradeTerranVehicleAndShipArmorsLevel3QueuedOrBetter">
        <Flags index="TechTreeCheat" value="0"/>
        <Tooltip value=""/>
        <Count Link="TerranVehicleAndShipArmorsLevel3" State="QueuedOrBetter"/>
    </CRequirementCountUpgrade>
    <CRequirementCountUpgrade id="CountUpgradeTerranVehicleAndShipWeaponsLevel1CompleteOnly">
        <Flags index="TechTreeCheat" value="0"/>
        <Tooltip value=""/>
        <Count Link="TerranVehicleAndShipWeaponsLevel1" State="CompleteOnly"/>
    </CRequirementCountUpgrade>
    <CRequirementCountUpgrade id="CountUpgradeTerranVehicleAndShipWeaponsLevel1QueuedOrBetter">
        <Flags index="TechTreeCheat" value="0"/>
        <Tooltip value=""/>
        <Count Link="TerranVehicleAndShipWeaponsLevel1" State="QueuedOrBetter"/>
    </CRequirementCountUpgrade>
    <CRequirementCountUpgrade id="CountUpgradeTerranVehicleAndShipWeaponsLevel2CompleteOnly">
        <Flags index="TechTreeCheat" value="0"/>
        <Tooltip value=""/>
        <Count Link="TerranVehicleAndShipWeaponsLevel2" State="CompleteOnly"/>
    </CRequirementCountUpgrade>
    <CRequirementCountUpgrade id="CountUpgradeTerranVehicleAndShipWeaponsLevel2QueuedOrBetter">
        <Flags index="TechTreeCheat" value="0"/>
        <Tooltip value=""/>
        <Count Link="TerranVehicleAndShipWeaponsLevel2" State="QueuedOrBetter"/>
    </CRequirementCountUpgrade>
    <CRequirementCountUpgrade id="CountUpgradeTerranVehicleAndShipWeaponsLevel3QueuedOrBetter">
        <Flags index="TechTreeCheat" value="0"/>
        <Tooltip value=""/>
        <Count Link="TerranVehicleAndShipWeaponsLevel3" State="QueuedOrBetter"/>
    </CRequirementCountUpgrade>
    <CRequirementCountUpgrade id="CountUpgradeTransformationServosCompleteOnly3716496382TechTreeCheat"/>
    <CRequirementCountUpgrade id="CountUpgradeTransformationServosQueuedOrBetterTechTreeCheat"/>
    <CRequirementEq id="Eq1256514689CountUpgradeTerranVehicleAndShipWeaponsLevel1CompleteOnly1">
        <OperandArray index="0" value="CountUpgradeTerranVehicleAndShipWeaponsLevel1CompleteOnly"/>
        <OperandArray index="1" value="1"/>
    </CRequirementEq>
    <CRequirementEq id="Eq2326683880CountUpgradeTerranVehicleAndShipArmorsLevel2CompleteOnly1">
        <OperandArray index="0" value="CountUpgradeTerranVehicleAndShipArmorsLevel2CompleteOnly"/>
        <OperandArray index="1" value="1"/>
    </CRequirementEq>
    <CRequirementEq id="Eq514164946CountUpgradeTerranVehicleAndShipWeaponsLevel2CompleteOnly1">
        <OperandArray index="0" value="CountUpgradeTerranVehicleAndShipWeaponsLevel2CompleteOnly"/>
        <OperandArray index="1" value="1"/>
    </CRequirementEq>
    <CRequirementEq id="Eq611800619CountUpgradeTerranVehicleAndShipArmorsLevel1CompleteOnly1">
        <OperandArray index="0" value="CountUpgradeTerranVehicleAndShipArmorsLevel1CompleteOnly"/>
        <OperandArray index="1" value="1"/>
    </CRequirementEq>
    <CRequirementEq id="EqCountBehaviorNearWarpgateCompleteOnlyAtUnit0">
        <OperandArray index="0" value="CountBehaviorNearWarpgateCompleteOnlyAtUnit"/>
        <OperandArray index="1" value="0"/>
    </CRequirementEq>
    <CRequirementEq id="EqCountUpgradeTerranVehicleAndShipArmorsLevel1QueuedOrBetter0">
        <Tooltip value=""/>
        <OperandArray index="0" value="CountUpgradeTerranVehicleAndShipArmorsLevel1QueuedOrBetter"/>
        <OperandArray index="1" value="0"/>
    </CRequirementEq>
    <CRequirementEq id="EqCountUpgradeTerranVehicleAndShipArmorsLevel2QueuedOrBetter0">
        <Tooltip value=""/>
        <OperandArray index="0" value="CountUpgradeTerranVehicleAndShipArmorsLevel2QueuedOrBetter"/>
        <OperandArray index="1" value="0"/>
    </CRequirementEq>
    <CRequirementEq id="EqCountUpgradeTerranVehicleAndShipArmorsLevel3QueuedOrBetter0">
        <Tooltip value=""/>
        <OperandArray index="0" value="CountUpgradeTerranVehicleAndShipArmorsLevel3QueuedOrBetter"/>
        <OperandArray index="1" value="0"/>
    </CRequirementEq>
    <CRequirementEq id="EqCountUpgradeTerranVehicleAndShipWeaponsLevel1QueuedOrBetter0">
        <Tooltip value=""/>
        <OperandArray index="0" value="CountUpgradeTerranVehicleAndShipWeaponsLevel1QueuedOrBetter"/>
        <OperandArray index="1" value="0"/>
    </CRequirementEq>
    <CRequirementEq id="EqCountUpgradeTerranVehicleAndShipWeaponsLevel2QueuedOrBetter0">
        <Tooltip value=""/>
        <OperandArray index="0" value="CountUpgradeTerranVehicleAndShipWeaponsLevel2QueuedOrBetter"/>
        <OperandArray index="1" value="0"/>
    </CRequirementEq>
    <CRequirementEq id="EqCountUpgradeTerranVehicleAndShipWeaponsLevel3QueuedOrBetter0">
        <Tooltip value=""/>
        <OperandArray index="0" value="CountUpgradeTerranVehicleAndShipWeaponsLevel3QueuedOrBetter"/>
        <OperandArray index="1" value="0"/>
    </CRequirementEq>
    <CRequirementEq id="EqCountUpgradeTransformationServosQueuedOrBetterTechTreeCheat0"/>
    <CRequirementCountBehavior id="CountBehaviorWidowMineArmedCompleteOnlyAtUnit"/>
    <CRequirementGTE id="GTE3238024024CountBehaviorArmorpiercingModeCompleteOnlyAtUnit1">
        <OperandArray index="0" value="CountBehaviorArmorpiercingModeCompleteOnlyAtUnit"/>
        <OperandArray index="1" value="1"/>
    </CRequirementGTE>
    <CRequirementGTE id="GTECountBehaviorArmorpiercingModeCompleteOnlyAtUnit1">
        <Tooltip value=""/>
        <OperandArray index="0" value="CountBehaviorArmorpiercingModeCompleteOnlyAtUnit"/>
        <OperandArray index="1" value="1"/>
    </CRequirementGTE>
    <CRequirementLT id="LT2314084817CountBehaviorArmorpiercingModeCompleteOnlyAtUnit1">
        <OperandArray index="0" value="CountBehaviorArmorpiercingModeCompleteOnlyAtUnit"/>
        <OperandArray index="1" value="1"/>
    </CRequirementLT>
    <CRequirementNot id="NotCountUpgradeAdeptKillBounceQueuedOrBetter">
        <Tooltip value=""/>
        <OperandArray index="0" value="CountUpgradeAdeptKillBounceQueuedOrBetter"/>
    </CRequirementNot>
    <CRequirementNot id="Not361380870CountBehaviorLockOnDisableAttackCompleteOnlyAtUnit">
        <OperandArray index="0" value="CountBehaviorLockOnDisableAttackCompleteOnlyAtUnit"/>
    </CRequirementNot>
    <CRequirementNot id="NotCountUpgradeAdeptPiercingAttackQueuedOrBetter">
        <Tooltip value="RequirementNode/Tooltip/##id##"/>
        <OperandArray index="0" value="CountUpgradeAdeptPiercingAttackQueuedOrBetter"/>
    </CRequirementNot>
    <CRequirementNot id="NotCountUpgradeCycloneAirUpgradeQueuedOrBetter">
        <Tooltip value=""/>
        <OperandArray index="0" value="CountUpgradeCycloneAirUpgradeQueuedOrBetter"/>
    </CRequirementNot>
    <CRequirementCountUnit id="CountUnitFusionCoreCompleteOnly">
        <Flags index="TechTreeCheat" value="0"/>
        <Tooltip value=""/>
        <Count Link="FusionCore" State="CompleteOnly"/>
    </CRequirementCountUnit>
    <CRequirementCountUpgrade id="CountUpgradeCycloneAirUpgradeQueuedOrBetter">
        <Flags index="TechTreeCheat" value="0"/>
        <Tooltip value=""/>
        <Count Link="CycloneAirUpgrade" State="QueuedOrBetter"/>
    </CRequirementCountUpgrade>
    <CRequirementNot id="NotCountUpgradeCycloneLockOnRangeUpgradeQueuedOrBetter">
        <Tooltip value=""/>
        <OperandArray index="0" value="CountUpgradeCycloneLockOnRangeUpgradeQueuedOrBetter"/>
    </CRequirementNot>
    <CRequirementNot id="NotCountUpgradeFlyingLocustsQueuedOrBetter">
        <Tooltip value=""/>
        <OperandArray index="0" value="CountUpgradeFlyingLocustsQueuedOrBetter"/>
    </CRequirementNot>
    <CRequirementNot id="NotCountUpgradeImmortalBarrierQueuedOrBetter">
        <Tooltip value=""/>
        <OperandArray index="0" value="CountUpgradeImmortalBarrierQueuedOrBetter"/>
    </CRequirementNot>
    <CRequirementLT id="LTCountBehaviorArmorpiercingModeCompleteOnlyAtUnit1">
        <Tooltip value=""/>
        <OperandArray index="0" value="CountBehaviorArmorpiercingModeCompleteOnlyAtUnit"/>
        <OperandArray index="1" value="1"/>
    </CRequirementLT>
    <CRequirementNot id="NotCountUpgradeImmortalReviveQueuedOrBetter">
        <Tooltip value=""/>
        <OperandArray index="0" value="CountUpgradeImmortalReviveQueuedOrBetter"/>
    </CRequirementNot>
    <CRequirementNot id="NotCountUpgradeDrillClawsQueuedOrBetter">
        <Tooltip value=""/>
        <OperandArray index="0" value="CountUpgradeDrillClawsQueuedOrBetter"/>
    </CRequirementNot>
    <CRequirementNot id="NotCountUpgradeRoachSupplyQueuedOrBetter">
        <Tooltip value=""/>
        <OperandArray index="0" value="CountUpgradeRoachSupplyQueuedOrBetter"/>
    </CRequirementNot>
    <CRequirementOr id="Or1229866228CountUnitHiveCompleteOnlyTechTreeCheat">
        <OperandArray value="CountUnitHiveCompleteOnlyTechTreeCheat"/>
    </CRequirementOr>
    <CRequirementNot id="NotCountUpgradeMedivacCaduceusReactorCompleteOnly">
        <Tooltip value=""/>
        <OperandArray index="0" value="CountUpgradeMedivacCaduceusReactorCompleteOnly"/>
    </CRequirementNot>
    <CRequirementOr id="Or1515591279TechTreeCheatCountUnitLairCompleteOnly1515591279CountUnitHiveCompleteOnly1229866228">
        <Flags index="TechTreeCheat" value="1"/>
        <OperandArray value="CountUnitLairCompleteOnly1515591279"/>
        <OperandArray value="CountUnitHiveCompleteOnly1229866228"/>
    </CRequirementOr>
    <CRequirementLT id="LT2210218377CountUnitInterceptorQueuedOrBetterAtUnit8">
        <OperandArray index="0" value="CountUnitInterceptorQueuedOrBetterAtUnit"/>
        <OperandArray index="1" value="8"/>
        <Tooltip value="RequirementNode/Tooltip/LT1066578242CountUnitInterceptorQueuedOrBetterAtUnit8"/>
    </CRequirementLT>
    <CRequirementCountUpgrade id="UpgradeInfestor2CompleteOnly">
        <Count Link="DefilerMP"/>
    </CRequirementCountUpgrade>
    <CRequirementCountUpgrade id="UpgradeInfestor2QueuedOrBetter">
        <Count Link="DefilerMP"/>
    </CRequirementCountUpgrade>
    <CRequirementCountUpgrade id="CountUpgradeCinematicModeCompleteOnly">
        <Flags index="TechTreeCheat" value="0"/>
        <Count Link="CinematicMode" State="CompleteOnly"/>
    </CRequirementCountUpgrade>
    <CRequirementCountUpgrade id="CountUpgradeCursorDebugCompleteOnly">
        <Flags index="TechTreeCheat" value="0"/>
        <Count Link="CursorDebug" State="CompleteOnly"/>
    </CRequirementCountUpgrade>
    <CRequirementCountBehavior id="CountBehaviorLurkerHoldFireBCompleteOnlyAtUnit">
        <Flags index="TechTreeCheat" value="0"/>
        <Tooltip value=""/>
        <Count Link="LurkerHoldFireB" State="CompleteOnlyAtUnit"/>
    </CRequirementCountBehavior>
    <CRequirementNot id="NotCountBehaviorLurkerHoldFireBCompleteOnlyAtUnit">
        <Tooltip value=""/>
        <OperandArray index="0" value="CountBehaviorLurkerHoldFireBCompleteOnlyAtUnit"/>
    </CRequirementNot>
    <CRequirementNot id="NotCountUpgradeLiberatorMorphQueuedOrBetter">
        <Tooltip value=""/>
        <OperandArray index="0" value="CountUpgradeLiberatorMorphQueuedOrBetter"/>
    </CRequirementNot>
    <CRequirementCountUpgrade id="CountUpgradeLiberatorMorphQueuedOrBetter">
        <Flags index="TechTreeCheat" value="0"/>
        <Tooltip value=""/>
        <Count Link="LiberatorMorph" State="QueuedOrBetter"/>
    </CRequirementCountUpgrade>
    <CRequirementCountBehavior id="CountBehaviorAdeptPhaseShiftCasterCompleteOnlyAtUnit">
        <Flags index="TechTreeCheat" value="0"/>
        <Tooltip value=""/>
        <Count Link="AdeptPhaseShiftCaster" State="CompleteOnlyAtUnit"/>
    </CRequirementCountBehavior>
    <CRequirementCountUpgrade id="CountUpgradeAdeptShieldUpgradeCompleteOnly4225243259">
        <Flags index="TechTreeCheat" value="0"/>
        <Count Link="AdeptShieldUpgrade" State="CompleteOnly"/>
    </CRequirementCountUpgrade>
    <CRequirementCountUpgrade id="CountUpgradeAdeptShieldUpgradeQueuedOrBetter">
        <Flags index="TechTreeCheat" value="0"/>
        <Tooltip value=""/>
        <Count Link="AdeptShieldUpgrade" State="QueuedOrBetter"/>
    </CRequirementCountUpgrade>
    <CRequirementNot id="NotCountUpgradeAdeptShieldUpgradeQueuedOrBetter">
        <Tooltip value=""/>
        <OperandArray index="0" value="CountUpgradeAdeptShieldUpgradeQueuedOrBetter"/>
    </CRequirementNot>
</Catalog>
