<?xml version="1.0" encoding="us-ascii"?>
<Catalog>
    <!-- Model Unlockables, need an off and on state -->
    <!-- They also need to be in order, Off then On. -->
    <!-- If the editor moves them around, please move them back. -->
    <CRewardModel id="AdeptCEOff" parent="MODELDEFAULT">
        <Category File="AdeptSkin" Tag="PAdp"/>
        <Flags index="Allowed" value="1"/>
        <Flags index="Default" value="1"/>
        <IconFile value="$Icons10"/>
        <IconCols value="9"/>
        <IconRows value="9"/>
        <IconSlot value="51"/>
    </CRewardModel>
    <CRewardModel id="AdeptCE" parent="MODELDEFAULT">
        <Category File="AdeptSkin" Tag="PAdp"/>
        <IconFile value="$Icons10"/>
        <IconCols value="9"/>
        <IconRows value="9"/>
        <IconSlot value="52"/>
        <Upgrades value="AdeptSkin"/>
        <Model value="AdeptPurifier"/>
    </CRewardModel>
    <CRewardModel id="ColossusCEOff" parent="MODELDEFAULT">
        <Category File="ColossusSkin" Tag="PCls"/>
        <Flags index="Allowed" value="1"/>
        <Flags index="Default" value="1"/>
        <IconFile value="$Icons10"/>
        <IconCols value="9"/>
        <IconRows value="9"/>
        <IconSlot value="53"/>
    </CRewardModel>
    <CRewardModel id="ColossusCE" parent="MODELDEFAULT">
        <Category File="ColossusSkin" Tag="PCls"/>
        <IconFile value="$Icons10"/>
        <IconCols value="9"/>
        <IconRows value="9"/>
        <IconSlot value="54"/>
        <Upgrades value="ColossusSkin"/>
    </CRewardModel>
    <CRewardModel id="ColossusTal" parent="MODELDEFAULT">
        <Category File="ColossusSkin" Tag="PCls"/>
        <IconFile value="$Icons10"/>
        <IconCols value="9"/>
        <IconRows value="9"/>
        <IconSlot value="59"/>
        <Upgrades value="ColossusTal"/>
    </CRewardModel>
    <!-- LotV Portrait CE -->
    <CRewardIcon id="FeatOfStrength_LotV_CE" parent="ICONDEFAULT">
        <IconFile value="$Icons10"/>
        <IconSlot value="55"/>
    </CRewardIcon>
    <CRewardPortrait id="Portrait_CE_Narud" parent="PORTRAITTERRAN">
        <Flags index="Cloaked" value="1"/>
        <Flags index="Hidden" value="1"/>
        <IconFile value="$Portraits6"/>
        <IconSlot value="33"/>
    </CRewardPortrait>
    <CRewardPortrait id="Portrait_CE_VoidThrasher" parent="PORTRAITTERRAN">
        <Flags index="Cloaked" value="1"/>
        <Flags index="Hidden" value="1"/>
        <IconFile value="$Portraits6"/>
        <IconSlot value="34"/>
    </CRewardPortrait>
    <CRewardPortrait id="Portrait_CE_PurifierZealot" parent="PORTRAITTERRAN">
        <Flags index="Cloaked" value="1"/>
        <Flags index="Hidden" value="1"/>
        <IconFile value="$Portraits6"/>
        <IconSlot value="35"/>
    </CRewardPortrait>
    <!-- Multiplayer -->
    <CRewardIcon id="ArchonPlayDifficultyCasual" parent="ICONDEFAULT">
        <IconFile value="$Achievements12"/>
        <IconSlot value="45"/>
    </CRewardIcon>
    <CRewardIcon id="ArchonPlayDifficultyNormal" parent="ICONDEFAULT">
        <IconFile value="$Achievements12"/>
        <IconSlot value="46"/>
    </CRewardIcon>
    <CRewardIcon id="ArchonPlayDifficultyHard" parent="ICONDEFAULT">
        <IconFile value="$Achievements12"/>
        <IconSlot value="47"/>
    </CRewardIcon>
    <CRewardIcon id="ArchonPlayDifficultyBrutal" parent="ICONDEFAULT">
        <IconFile value="$Achievements12"/>
        <IconSlot value="48"/>
    </CRewardIcon>
    <CRewardPortrait id="MP_Win_3" parent="PORTRAITUNLOCKABLE">
        <IconFile value="$Portraits7"/>
        <IconSlot value="23"/>
    </CRewardPortrait>
    <CRewardPortrait id="MP_AI_3" parent="PORTRAITUNLOCKABLE">
        <IconFile value="$Portraits7"/>
        <IconSlot value="24"/>
    </CRewardPortrait>
    <CRewardPortrait id="MP_Play_5" parent="PORTRAITUNLOCKABLE">
        <IconFile value="$Portraits7"/>
        <IconSlot value="25"/>
    </CRewardPortrait>
    <!-- February 2016 Reward -->
    <CRewardIcon id="TaldarimColossus" parent="ICONDEFAULT">
        <IconFile value="$Icons10"/>
        <IconSlot value="60"/>
    </CRewardIcon>
</Catalog>
