<?xml version="1.0" encoding="us-ascii"?>
<Catalog>
    <CSoundtrack id="Ambience_Aiur_Jungle_Quad" parent="Ambience_Map"/>
    <CSoundtrack id="Ambience_Aiur_Jungle_Rain_Quad" parent="Ambience_Map">
        <CueArray index="0">
            <MasterLayer Sound="Ambience_Aiur_Quad_Jungle_Rain"/>
        </CueArray>
    </CSoundtrack>
    <CSoundtrack id="Ambience_AiurInfested_Quad" parent="Ambience_Map"/>
    <CSoundtrack id="Ambience_Aiur_Caverns_Quad" parent="Ambience_Map"/>
    <CSoundtrack id="Ambience_Lab_Nova01_Quad" parent="Ambience_Map">
        <CueArray index="0">
            <MasterLayer Sound="Ambience_Nova01_Lab_Quad"/>
        </CueArray>
    </CSoundtrack>
    <CSoundtrack id="Ambience_City_Nova01_Quad" parent="Ambience_Map">
        <CueArray index="0">
            <MasterLayer Sound="Ambience_Nova01_City_Quad"/>
        </CueArray>
    </CSoundtrack>
    <CSoundtrack id="Ambience_TarsonisCityDecrepit_Quad" parent="Ambience_Map"/>
    <CSoundtrack id="Ambience_TarsonisCityUnderground_Quad" parent="Ambience_Map"/>
    <CSoundtrack id="Music_Takeover_Abathur">
        <CueArray>
            <MasterLayer Sound="Music_Takeover_Abathur"/>
            <SlaveLayers/>
            <SlaveLayers/>
            <SlaveLayers/>
            <SlaveLayers/>
        </CueArray>
        <Flags index="Continuous" value="0"/>
    </CSoundtrack>
    <CSoundtrack id="Music_VoidIntro" parent="Music">
        <CueArray>
            <MasterLayer Sound="GlueMusicVoidIntro"/>
        </CueArray>
        <Flags index="Continuous" value="0"/>
        <Next value="Music_VoidLoop"/>
    </CSoundtrack>
    <CSoundtrack id="Music_VoidLoop" parent="Music">
        <CueArray>
            <MasterLayer Sound="GlueMusicVoidLoop"/>
        </CueArray>
    </CSoundtrack>
    <CSoundtrack id="Music_VoidStartupA" parent="Music">
        <CueArray>
            <MasterLayer Sound="GlueMusicVoidStartupA"/>
        </CueArray>
        <Flags index="Continuous" value="0"/>
        <Next value="Music_VoidStartupB"/>
    </CSoundtrack>
    <CSoundtrack id="Music_VoidStartupB" parent="Music">
        <CueArray>
            <MasterLayer Sound="GlueMusicVoidStartupB"/>
        </CueArray>
        <Flags index="Continuous" value="0"/>
        <Next value="Music_VoidLoop"/>
    </CSoundtrack>
    <CSoundtrack id="nDLC_Music_Blank" parent="Music">
        <CueArray>
            <MasterLayer Sound="nDLC_Music_Blank"/>
            <SlaveLayers/>
            <SlaveLayers/>
            <SlaveLayers/>
            <SlaveLayers/>
        </CueArray>
        <Delay value="50,100"/>
    </CSoundtrack>
    <CSoundtrack id="nDLC_Music_Nova01_Main" parent="Music">
        <CueArray>
            <MasterLayer Sound="nDLC_Music_Nova01_Main"/>
        </CueArray>
        <Delay value="70,140"/>
        <Select value="Shuffle"/>
    </CSoundtrack>
    <CSoundtrack id="nDLC_Music_Nova01_FinalEscape">
        <CueArray>
            <MasterLayer Sound="nDLC_Music_Nova01_FinalEscape"/>
            <SlaveLayers/>
            <SlaveLayers/>
            <SlaveLayers/>
            <SlaveLayers/>
        </CueArray>
        <Delay value="120,180"/>
        <Flags index="Continuous" value="0"/>
    </CSoundtrack>
    <CSoundtrack id="nDLC_Music_Nova01_Intro">
        <CueArray>
            <MasterLayer Sound="nDLC_Music_Nova01_Intro"/>
            <SlaveLayers/>
            <SlaveLayers/>
            <SlaveLayers/>
            <SlaveLayers/>
        </CueArray>
        <Delay value="60,120"/>
        <Flags index="Continuous" value="0"/>
        <Next value="nDLC_Music_Blank"/>
    </CSoundtrack>
    <CSoundtrack id="nDLC_Music_Cue01" parent="Music">
        <CueArray>
            <MasterLayer Sound="nDLC_Music_Cue01"/>
            <SlaveLayers/>
            <SlaveLayers/>
            <SlaveLayers/>
            <SlaveLayers/>
        </CueArray>
        <Flags index="Continuous" value="0"/>
    </CSoundtrack>
    <CSoundtrack id="ZVoid_Credits_Static" parent="Music">
        <CueArray>
            <MasterLayer Sound="LOTV_Credits_Static"/>
            <SlaveLayers/>
            <SlaveLayers/>
            <SlaveLayers/>
            <SlaveLayers/>
        </CueArray>
        <Flags index="Continuous" value="0"/>
        <Next value="ZVoid_Credits_Static2"/>
    </CSoundtrack>
    <CSoundtrack id="LOTV_General_High" parent="Music">
        <CueArray>
            <MasterLayer Sound="LOTV_Music_General_High"/>
            <SlaveLayers/>
            <SlaveLayers/>
            <SlaveLayers/>
            <SlaveLayers/>
        </CueArray>
    </CSoundtrack>
    <CSoundtrack id="LOTV_General_Low" parent="Music">
        <CueArray>
            <MasterLayer Sound="LOTV_Music_General_Low"/>
            <SlaveLayers/>
            <SlaveLayers/>
            <SlaveLayers/>
            <SlaveLayers/>
        </CueArray>
    </CSoundtrack>
    <CSoundtrack id="PAiur02_Music_S3_Next" parent="Music">
        <CueArray>
            <MasterLayer Sound="PAiur02_Music_S3_Next"/>
            <SlaveLayers/>
            <SlaveLayers/>
            <SlaveLayers/>
            <SlaveLayers/>
        </CueArray>
        <Delay value="75,140"/>
        <Next value="LOTV_General_High"/>
    </CSoundtrack>
    <CSoundtrack id="PAiur04_Music_Main" parent="Music">
        <CueArray>
            <MasterLayer Sound="PAiur04_Music_Main"/>
            <SlaveLayers/>
            <SlaveLayers/>
            <SlaveLayers/>
            <SlaveLayers/>
        </CueArray>
        <Delay value="70,140"/>
    </CSoundtrack>
    <CSoundtrack id="PAiur05_Music_Outro" parent="Music">
        <CueArray>
            <MasterLayer Sound="PAiur05_Music_Outro"/>
        </CueArray>
        <Flags index="Continuous" value="0"/>
    </CSoundtrack>
    <CSoundtrack id="PAiur05_Music_Intro" parent="Music">
        <CueArray>
            <MasterLayer Sound="PAiur05_Music_Intro"/>
        </CueArray>
        <Flags index="Continuous" value="0"/>
    </CSoundtrack>
    <CSoundtrack id="PAiur05_Music_Main" parent="Music">
        <CueArray>
            <MasterLayer Sound="PAiur05_Music_Main"/>
            <SlaveLayers/>
            <SlaveLayers/>
            <SlaveLayers/>
            <SlaveLayers/>
        </CueArray>
        <Delay value="70,140"/>
    </CSoundtrack>
    <CSoundtrack id="PAiur06_Music_Outro" parent="Music">
        <CueArray>
            <MasterLayer Sound="PAiur06_Music_Outro"/>
            <SlaveLayers/>
            <SlaveLayers/>
            <SlaveLayers/>
            <SlaveLayers/>
        </CueArray>
        <Flags index="Continuous" value="0"/>
        <Select value="Sequential"/>
    </CSoundtrack>
    <CSoundtrack id="PAiur06_Music_Main" parent="Music">
        <CueArray>
            <MasterLayer Sound="PAiur06_Music_Main"/>
            <SlaveLayers/>
            <SlaveLayers/>
            <SlaveLayers/>
            <SlaveLayers/>
        </CueArray>
        <Select value="Sequential"/>
        <Delay value="70,140"/>
    </CSoundtrack>
    <CSoundtrack id="PEpilogue02_Music_Outro" parent="Music">
        <CueArray>
            <MasterLayer Sound="PEpilogue02_Music_Outro"/>
        </CueArray>
    </CSoundtrack>
    <CSoundtrack id="PEpilogue02_Music_Main" parent="Music">
        <CueArray>
            <MasterLayer Sound="PEpilogue02_Music_Main"/>
        </CueArray>
        <Delay value="70,140"/>
    </CSoundtrack>
    <CSoundtrack id="PEpilogue01_Music_Main" parent="Music">
        <CueArray>
            <MasterLayer Sound="PEpilogue01_Music_Main"/>
        </CueArray>
        <Delay value="70,140"/>
    </CSoundtrack>
    <CSoundtrack id="PEpilogue01_Music_Mid" parent="Music">
        <CueArray>
            <MasterLayer Sound="PEpilogue01_Music_Mid"/>
        </CueArray>
        <Delay value="120,180"/>
    </CSoundtrack>
    <CSoundtrack id="PEpilogue01_Music_Outro" parent="Music">
        <CueArray>
            <MasterLayer Sound="PEpilogue01_Music_Outro"/>
        </CueArray>
        <Flags index="Continuous" value="0"/>
    </CSoundtrack>
    <CSoundtrack id="PEpilogue01_Music_Intro" parent="Music">
        <CueArray>
            <MasterLayer Sound="PEpilogue01_Music_Intro"/>
        </CueArray>
        <Flags index="Continuous" value="0"/>
    </CSoundtrack>
    <CSoundtrack id="PAiur06_Music_Intro" parent="Music">
        <CueArray>
            <MasterLayer Sound="PAiur06_Music_Intro"/>
            <SlaveLayers/>
            <SlaveLayers/>
            <SlaveLayers/>
            <SlaveLayers/>
        </CueArray>
        <Flags index="Continuous" value="0"/>
        <Select value="Sequential"/>
    </CSoundtrack>
    <CSoundtrack id="PEpilogue02_Music_Intro" parent="Music">
        <CueArray>
            <MasterLayer Sound="PEpilogue02_Music_Intro"/>
        </CueArray>
    </CSoundtrack>
    <CSoundtrack id="PEpilogue02_Music_Mid" parent="Music">
        <CueArray>
            <MasterLayer Sound="PEpilogue02_Music_Mid"/>
        </CueArray>
    </CSoundtrack>
    <CSoundtrack id="PPurifier03_Music_Outro" parent="Music">
        <CueArray>
            <MasterLayer Sound="PPurifier03_Music_Outro"/>
        </CueArray>
        <Delay value="120,180"/>
    </CSoundtrack>
    <CSoundtrack id="PPurifier03_Music_Main" parent="Music">
        <CueArray>
            <MasterLayer Sound="PPurifier03_Music_Main"/>
        </CueArray>
        <Delay value="70,140"/>
    </CSoundtrack>
    <CSoundtrack id="PPurifier03_Music_Intro" parent="Music">
        <CueArray>
            <MasterLayer Sound="PPurifier03_Music_Intro"/>
        </CueArray>
        <Delay value="120,180"/>
    </CSoundtrack>
    <CSoundtrack id="PPurifier03_Music_Mid" parent="Music">
        <CueArray>
            <MasterLayer Sound="PPurifier03_Music_Mid"/>
        </CueArray>
        <Delay value="120,180"/>
    </CSoundtrack>
    <CSoundtrack id="PTaldarim01_Music_Terrazine" parent="Music">
        <CueArray>
            <MasterLayer Sound="PTaldarim01_Music_Terrazine"/>
        </CueArray>
        <Delay value="75,140"/>
    </CSoundtrack>
    <CSoundtrack id="PTaldarim02_Music_Main" parent="Music">
        <CueArray>
            <MasterLayer Sound="PTaldarim02_Music_Main"/>
        </CueArray>
        <Delay value="70,140"/>
    </CSoundtrack>
    <CSoundtrack id="PTaldarim02_Music_Intro" parent="Music">
        <CueArray>
            <MasterLayer Sound="PTaldarim02_Music_Intro"/>
        </CueArray>
    </CSoundtrack>
    <CSoundtrack id="PTaldarim02_Music_Outro" parent="Music">
        <CueArray>
            <MasterLayer Sound="PTaldarim02_Music_Outro"/>
        </CueArray>
    </CSoundtrack>
    <CSoundtrack id="PUlnar03_Music_Main" parent="Music">
        <CueArray>
            <MasterLayer Sound="PUlnar03_Music_Main"/>
        </CueArray>
        <Delay value="70,140"/>
    </CSoundtrack>
    <CSoundtrack id="ProtossMissionMusic" parent="Music">
        <CueArray>
            <MasterLayer Sound="ProtossMissionMusic"/>
        </CueArray>
        <Flags index="Continuous" value="0"/>
        <Select value="Shuffle"/>
    </CSoundtrack>
    <CSoundtrack id="PKorhal02_Music_Main" parent="Music">
        <CueArray>
            <MasterLayer Sound="PKorhal02_Music_Main"/>
            <SlaveLayers/>
            <SlaveLayers/>
            <SlaveLayers/>
            <SlaveLayers/>
        </CueArray>
        <Delay value="70,140"/>
    </CSoundtrack>
    <CSoundtrack id="PMoebius01_Music_Main" parent="Music">
        <CueArray>
            <MasterLayer Sound="PMoebius01_Music_Main"/>
            <SlaveLayers/>
            <SlaveLayers/>
            <SlaveLayers/>
            <SlaveLayers/>
        </CueArray>
        <Delay value="70,140"/>
    </CSoundtrack>
    <CSoundtrack id="PShakuras01_Music_Main" parent="Music">
        <CueArray>
            <MasterLayer Sound="PShakuras01_Music_Main"/>
        </CueArray>
        <Delay value="70,140"/>
    </CSoundtrack>
    <CSoundtrack id="TestMusic" parent="Music">
        <CueArray>
            <MasterLayer Sound="TestMusic"/>
            <SlaveLayers/>
            <SlaveLayers/>
            <SlaveLayers/>
            <SlaveLayers/>
        </CueArray>
        <Delay value="5,10"/>
        <Flags index="Continuous" value="0"/>
    </CSoundtrack>
    <CSoundtrack id="PKorhal01_Music_Outro" parent="Music">
        <CueArray>
            <MasterLayer Sound="PKorhal01_Music_Outro"/>
        </CueArray>
        <Flags index="Continuous" value="0"/>
    </CSoundtrack>
    <CSoundtrack id="PKorhal01_Music_OrbitalStrike" parent="Music">
        <CueArray>
            <MasterLayer Sound="PKorhal01_Music_OrbitalStrike"/>
        </CueArray>
        <Flags index="Continuous" value="0"/>
    </CSoundtrack>
    <CSoundtrack id="PKorhal01_Music_S1" parent="Music">
        <CueArray>
            <MasterLayer Sound="PKorhal01_Music_S1"/>
        </CueArray>
        <Flags index="Continuous" value="0"/>
    </CSoundtrack>
    <CSoundtrack id="PKorhal01_Music_Intro" parent="Music">
        <CueArray>
            <MasterLayer Sound="PKorhal01_Music_Intro"/>
        </CueArray>
        <Flags index="Continuous" value="0"/>
    </CSoundtrack>
    <CSoundtrack id="PKorhal01_Music_Main" parent="Music">
        <CueArray>
            <MasterLayer Sound="PKorhal01_Music_Main"/>
            <SlaveLayers/>
            <SlaveLayers/>
            <SlaveLayers/>
            <SlaveLayers/>
        </CueArray>
        <Delay value="70,140"/>
    </CSoundtrack>
    <CSoundtrack id="PKorhal02_Music_Disruption">
        <CueArray>
            <MasterLayer Sound="PKorhal02_Music_Disruption"/>
            <SlaveLayers/>
            <SlaveLayers/>
            <SlaveLayers/>
            <SlaveLayers/>
        </CueArray>
        <Flags index="Continuous" value="0"/>
    </CSoundtrack>
    <CSoundtrack id="PKorhal02_Music_Intro_1">
        <CueArray>
            <MasterLayer Sound="PKorhal02_Music_Intro_1"/>
            <SlaveLayers/>
            <SlaveLayers/>
            <SlaveLayers/>
            <SlaveLayers/>
        </CueArray>
        <Flags index="Continuous" value="0"/>
    </CSoundtrack>
    <CSoundtrack id="PKorhal02_Music_Intro_2">
        <CueArray>
            <MasterLayer Sound="PKorhal02_Music_Intro_2"/>
            <SlaveLayers/>
            <SlaveLayers/>
            <SlaveLayers/>
            <SlaveLayers/>
        </CueArray>
        <Flags index="Continuous" value="0"/>
    </CSoundtrack>
    <CSoundtrack id="PKorhal02_Music_Intro_3">
        <CueArray>
            <MasterLayer Sound="PKorhal02_Music_Intro_3"/>
            <SlaveLayers/>
            <SlaveLayers/>
            <SlaveLayers/>
            <SlaveLayers/>
        </CueArray>
        <Flags index="Continuous" value="0"/>
    </CSoundtrack>
    <CSoundtrack id="PKorhal02_Music_Outro">
        <CueArray>
            <MasterLayer Sound="PKorhal02_Music_Outro"/>
            <SlaveLayers/>
            <SlaveLayers/>
            <SlaveLayers/>
            <SlaveLayers/>
        </CueArray>
        <Flags index="Continuous" value="0"/>
    </CSoundtrack>
    <CSoundtrack id="PMoebius01_Music_Intro">
        <CueArray>
            <MasterLayer Sound="PMoebius01_Music_Intro"/>
            <SlaveLayers/>
            <SlaveLayers/>
            <SlaveLayers/>
            <SlaveLayers/>
        </CueArray>
        <Flags index="Continuous" value="0"/>
    </CSoundtrack>
    <CSoundtrack id="PMoebius01_Music_Outro">
        <CueArray>
            <MasterLayer Sound="PMoebius01_Music_Outro"/>
            <SlaveLayers/>
            <SlaveLayers/>
            <SlaveLayers/>
            <SlaveLayers/>
        </CueArray>
        <Flags index="Continuous" value="0"/>
    </CSoundtrack>
    <CSoundtrack id="PShakuras01_Music_Intro">
        <CueArray>
            <MasterLayer Sound="PShakuras01_Music_Intro"/>
            <SlaveLayers/>
            <SlaveLayers/>
            <SlaveLayers/>
            <SlaveLayers/>
        </CueArray>
        <Flags index="Continuous" value="0"/>
    </CSoundtrack>
    <CSoundtrack id="PShakuras01_Music_CS1" parent="Music">
        <CueArray>
            <MasterLayer Sound="PShakuras01_Music_CS1"/>
        </CueArray>
        <Flags index="Continuous" value="0"/>
    </CSoundtrack>
    <CSoundtrack id="PShakuras01_Music_OrbitalStrike" parent="Music">
        <CueArray>
            <MasterLayer Sound="PShakuras01_Music_OrbitalStrike"/>
        </CueArray>
        <Flags index="Continuous" value="0"/>
    </CSoundtrack>
    <CSoundtrack id="PShakuras01_Music_Outro">
        <CueArray>
            <MasterLayer Sound="PShakuras01_Music_Outro"/>
            <SlaveLayers/>
            <SlaveLayers/>
            <SlaveLayers/>
            <SlaveLayers/>
        </CueArray>
        <Flags index="Continuous" value="0"/>
    </CSoundtrack>
    <CSoundtrack id="PShakuras02_Music_Stinger" parent="Music">
        <CueArray>
            <MasterLayer Sound="PShakuras02_Music_Stinger"/>
        </CueArray>
        <Flags index="Continuous" value="0"/>
    </CSoundtrack>
    <CSoundtrack id="PShakuras02_Music_Outro" parent="Music">
        <CueArray>
            <MasterLayer Sound="PShakuras02_Music_Outro"/>
        </CueArray>
        <Flags index="Continuous" value="0"/>
    </CSoundtrack>
    <CSoundtrack id="PShakuras02_Music_Intro" parent="Music">
        <CueArray>
            <MasterLayer Sound="PShakuras02_Music_Intro"/>
        </CueArray>
        <Flags index="Continuous" value="0"/>
    </CSoundtrack>
    <CSoundtrack id="PShakuras02_Music_S1" parent="Music">
        <CueArray>
            <MasterLayer Sound="PShakuras02_Music_S1"/>
        </CueArray>
        <Flags index="Continuous" value="0"/>
    </CSoundtrack>
    <CSoundtrack id="PShakuras02_Music_Main" parent="Music">
        <CueArray>
            <MasterLayer Sound="PShakuras02_Music_Main"/>
        </CueArray>
        <Delay value="70,140"/>
    </CSoundtrack>
    <CSoundtrack id="PAiur01_Music_Main" parent="Music">
        <CueArray>
            <MasterLayer Sound="PAiur01_Music_Main"/>
        </CueArray>
        <Select value="Shuffle"/>
        <Delay value="70,140"/>
    </CSoundtrack>
    <CSoundtrack id="PAiur01_Music_Intro">
        <CueArray>
            <MasterLayer Sound="PAiur01_Music_Intro"/>
            <SlaveLayers/>
            <SlaveLayers/>
            <SlaveLayers/>
            <SlaveLayers/>
        </CueArray>
        <Flags index="Continuous" value="0"/>
        <Delay value="120,180"/>
    </CSoundtrack>
    <CSoundtrack id="PAiur01_Music_Outro">
        <CueArray>
            <MasterLayer Sound="PAiur01_Music_Outro"/>
            <SlaveLayers/>
            <SlaveLayers/>
            <SlaveLayers/>
            <SlaveLayers/>
        </CueArray>
        <Flags index="Continuous" value="0"/>
    </CSoundtrack>
    <CSoundtrack id="PAiur02_Music_CS1" parent="Music">
        <CueArray>
            <MasterLayer Sound="PAiur02_Music_CS1"/>
            <SlaveLayers/>
            <SlaveLayers/>
            <SlaveLayers/>
            <SlaveLayers/>
        </CueArray>
        <Flags index="Continuous" value="0"/>
    </CSoundtrack>
    <CSoundtrack id="PAiur02_Music_Intro" parent="Music">
        <CueArray>
            <MasterLayer Sound="PAiur02_Music_Intro"/>
            <SlaveLayers/>
            <SlaveLayers/>
            <SlaveLayers/>
            <SlaveLayers/>
        </CueArray>
        <Flags index="Continuous" value="0"/>
    </CSoundtrack>
    <CSoundtrack id="PAiur02_Music_Main" parent="Music">
        <CueArray>
            <MasterLayer Sound="PAiur02_Music_Main"/>
            <SlaveLayers/>
            <SlaveLayers/>
            <SlaveLayers/>
            <SlaveLayers/>
        </CueArray>
        <Delay value="70,140"/>
    </CSoundtrack>
    <CSoundtrack id="PAiur02_Music_S2" parent="Music">
        <CueArray>
            <MasterLayer Sound="PAiur02_Music_S2"/>
            <SlaveLayers/>
            <SlaveLayers/>
            <SlaveLayers/>
            <SlaveLayers/>
        </CueArray>
        <Delay value="75,140"/>
    </CSoundtrack>
    <CSoundtrack id="PAiur02_Music_S3" parent="Music">
        <CueArray>
            <MasterLayer Sound="PAiur02_Music_S3"/>
            <SlaveLayers/>
            <SlaveLayers/>
            <SlaveLayers/>
            <SlaveLayers/>
        </CueArray>
        <Delay value="75,140"/>
        <Select value="Sequential"/>
    </CSoundtrack>
    <CSoundtrack id="PAiur03_Music_Intro">
        <CueArray>
            <MasterLayer Sound="PAiur03_Music_Intro"/>
            <SlaveLayers/>
            <SlaveLayers/>
            <SlaveLayers/>
            <SlaveLayers/>
        </CueArray>
    </CSoundtrack>
    <CSoundtrack id="PAiur03_Music_LastObjective">
        <CueArray>
            <MasterLayer Sound="PAiur03_Music_LastObjective"/>
            <SlaveLayers/>
            <SlaveLayers/>
            <SlaveLayers/>
            <SlaveLayers/>
        </CueArray>
        <Flags index="Continuous" value="0"/>
    </CSoundtrack>
    <CSoundtrack id="PAiur03_Music_Main" parent="Music">
        <CueArray>
            <MasterLayer Sound="PAiur03_Music_Main"/>
            <SlaveLayers/>
            <SlaveLayers/>
            <SlaveLayers/>
            <SlaveLayers/>
        </CueArray>
        <Delay value="70,140"/>
    </CSoundtrack>
    <CSoundtrack id="PAiur03_Music_Outro">
        <CueArray>
            <MasterLayer Sound="PAiur03_Music_Outro"/>
            <SlaveLayers/>
            <SlaveLayers/>
            <SlaveLayers/>
            <SlaveLayers/>
        </CueArray>
        <Flags index="Continuous" value="0"/>
    </CSoundtrack>
    <CSoundtrack id="PUlnar01_Music_Intro" parent="Music">
        <CueArray>
            <MasterLayer Sound="PUlnar01_Music_Intro"/>
        </CueArray>
        <Flags index="Continuous" value="0"/>
    </CSoundtrack>
    <CSoundtrack id="PUlnar01_Music_Outro" parent="Music">
        <CueArray>
            <MasterLayer Sound="PUlnar01_Music_Outro"/>
        </CueArray>
        <Flags index="Continuous" value="0"/>
    </CSoundtrack>
    <CSoundtrack id="PUlnar01_Music_Main" parent="Music">
        <CueArray>
            <MasterLayer Sound="PUlnar01_Music_Main"/>
        </CueArray>
        <Delay value="70,140"/>
    </CSoundtrack>
    <CSoundtrack id="PUlnar02_Music_S3" parent="Music">
        <CueArray>
            <MasterLayer Sound="PUlnar02_Music_S3"/>
            <SlaveLayers/>
            <SlaveLayers/>
            <SlaveLayers/>
            <SlaveLayers/>
        </CueArray>
        <Flags index="Continuous" value="0"/>
    </CSoundtrack>
    <CSoundtrack id="PUlnar02_Music_ShrineUnderAttack" parent="Music">
        <CueArray>
            <MasterLayer Sound="PUlnar02_Music_ShrineUnderAttack"/>
            <SlaveLayers/>
            <SlaveLayers/>
            <SlaveLayers/>
            <SlaveLayers/>
        </CueArray>
        <Flags index="Continuous" value="0"/>
    </CSoundtrack>
    <CSoundtrack id="PUlnar02_Music_Holdout" parent="Music">
        <CueArray>
            <MasterLayer Sound="PUlnar02_Music_Holdout"/>
        </CueArray>
        <Flags index="Continuous" value="0"/>
    </CSoundtrack>
    <CSoundtrack id="PUlnar02_Music_Intro" parent="Music">
        <CueArray>
            <MasterLayer Sound="PUlnar02_Music_Intro"/>
        </CueArray>
        <Flags index="Continuous" value="0"/>
    </CSoundtrack>
    <CSoundtrack id="PUlnar02_Music_Main" parent="Music">
        <CueArray>
            <MasterLayer Sound="PUlnar02_Music_Main"/>
        </CueArray>
        <Delay value="70,140"/>
    </CSoundtrack>
    <CSoundtrack id="PUlnar02_Music_ShrineActivation" parent="Music">
        <CueArray>
            <MasterLayer Sound="PUlnar02_Music_ShrineActivation"/>
        </CueArray>
        <Flags index="Continuous" value="0"/>
    </CSoundtrack>
    <CSoundtrack id="PUlnar02_Music_Tableaux" parent="Music">
        <CueArray>
            <MasterLayer Sound="PUlnar02_Music_Tableaux"/>
        </CueArray>
        <Flags index="Continuous" value="0"/>
    </CSoundtrack>
    <CSoundtrack id="PUlnar03_Music_Intro">
        <CueArray>
            <MasterLayer Sound="PUlnar03_Music_Intro"/>
            <SlaveLayers/>
            <SlaveLayers/>
            <SlaveLayers/>
            <SlaveLayers/>
        </CueArray>
        <Flags index="Continuous" value="0"/>
    </CSoundtrack>
    <CSoundtrack id="PUlnar03_Music_Mid">
        <CueArray>
            <MasterLayer Sound="PUlnar03_Music_Mid"/>
            <SlaveLayers/>
            <SlaveLayers/>
            <SlaveLayers/>
            <SlaveLayers/>
        </CueArray>
        <Flags index="Continuous" value="0"/>
    </CSoundtrack>
    <CSoundtrack id="PUlnar03_Music_Outro">
        <CueArray>
            <MasterLayer Sound="PUlnar03_Music_Outro"/>
            <SlaveLayers/>
            <SlaveLayers/>
            <SlaveLayers/>
            <SlaveLayers/>
        </CueArray>
        <Flags index="Continuous" value="0"/>
    </CSoundtrack>
    <CSoundtrack id="PPurifier01_Music_Intro">
        <CueArray>
            <MasterLayer Sound="PPurifier01_Music_Intro"/>
            <SlaveLayers/>
            <SlaveLayers/>
            <SlaveLayers/>
            <SlaveLayers/>
        </CueArray>
    </CSoundtrack>
    <CSoundtrack id="PPurifier01_Music_Outro">
        <CueArray>
            <MasterLayer Sound="PPurifier01_Music_Outro"/>
            <SlaveLayers/>
            <SlaveLayers/>
            <SlaveLayers/>
            <SlaveLayers/>
        </CueArray>
    </CSoundtrack>
    <CSoundtrack id="PPurifier01_Music_Main">
        <CueArray>
            <MasterLayer Sound="PPurifier01_Music_Main"/>
            <SlaveLayers/>
            <SlaveLayers/>
            <SlaveLayers/>
            <SlaveLayers/>
        </CueArray>
        <Delay value="70,140"/>
    </CSoundtrack>
    <CSoundtrack id="PPurifier02_Music_Intro">
        <CueArray>
            <MasterLayer Sound="PPurifier02_Music_Intro"/>
            <SlaveLayers/>
            <SlaveLayers/>
            <SlaveLayers/>
            <SlaveLayers/>
        </CueArray>
        <Flags index="Continuous" value="0"/>
    </CSoundtrack>
    <CSoundtrack id="PPurifier02_Music_Mid">
        <CueArray>
            <MasterLayer Sound="PPurifier02_Music_Mid"/>
            <SlaveLayers/>
            <SlaveLayers/>
            <SlaveLayers/>
            <SlaveLayers/>
        </CueArray>
        <Flags index="Continuous" value="0"/>
    </CSoundtrack>
    <CSoundtrack id="PPurifier02_Music_Outro">
        <CueArray>
            <MasterLayer Sound="PPurifier02_Music_Outro"/>
            <SlaveLayers/>
            <SlaveLayers/>
            <SlaveLayers/>
            <SlaveLayers/>
        </CueArray>
        <Flags index="Continuous" value="0"/>
    </CSoundtrack>
    <CSoundtrack id="PPurifier02_Music_Main">
        <CueArray>
            <MasterLayer Sound="PPurifier02_Music_Main"/>
            <SlaveLayers/>
            <SlaveLayers/>
            <SlaveLayers/>
            <SlaveLayers/>
        </CueArray>
        <Delay value="70,140"/>
    </CSoundtrack>
    <CSoundtrack id="PTaldarim01_Music_Main" parent="Music">
        <CueArray>
            <MasterLayer Sound="PTaldarim01_Music_Main"/>
        </CueArray>
        <Delay value="70,140"/>
    </CSoundtrack>
    <CSoundtrack id="PTaldarim01_Music_Outro" parent="Music">
        <CueArray>
            <MasterLayer Sound="PTaldarim01_Music_Outro"/>
        </CueArray>
    </CSoundtrack>
    <CSoundtrack id="PTaldarim01_Music_Intro" parent="Music">
        <CueArray>
            <MasterLayer Sound="PTaldarim01_Music_Intro"/>
        </CueArray>
    </CSoundtrack>
    <CSoundtrack id="PEpilogue03_Music_Main">
        <CueArray>
            <MasterLayer Sound="PEpilogue03_Music_Main"/>
            <SlaveLayers/>
            <SlaveLayers/>
            <SlaveLayers/>
            <SlaveLayers/>
        </CueArray>
        <Select value="Sequential"/>
        <Delay value="70,140"/>
    </CSoundtrack>
    <CSoundtrack id="PEpilogue03_Music_Intro">
        <CueArray>
            <MasterLayer Sound="PEpilogue03_Music_Intro"/>
            <SlaveLayers/>
            <SlaveLayers/>
            <SlaveLayers/>
            <SlaveLayers/>
        </CueArray>
        <Flags index="Continuous" value="0"/>
        <Select value="Sequential"/>
    </CSoundtrack>
    <CSoundtrack id="PEpilogue03_Music_Mid">
        <CueArray>
            <MasterLayer Sound="PEpilogue03_Music_Mid"/>
            <SlaveLayers/>
            <SlaveLayers/>
            <SlaveLayers/>
            <SlaveLayers/>
        </CueArray>
        <Flags index="Continuous" value="0"/>
        <Select value="Sequential"/>
    </CSoundtrack>
    <CSoundtrack id="PEpilogue03_Music_Outro">
        <CueArray>
            <MasterLayer Sound="PEpilogue03_Music_Outro"/>
            <SlaveLayers/>
            <SlaveLayers/>
            <SlaveLayers/>
            <SlaveLayers/>
        </CueArray>
        <Flags index="Continuous" value="0"/>
        <Select value="Sequential"/>
    </CSoundtrack>
    <CSoundtrack id="PAiur04_Music_Intro">
        <CueArray>
            <MasterLayer Sound="PAiur04_Music_Intro"/>
            <SlaveLayers/>
            <SlaveLayers/>
            <SlaveLayers/>
            <SlaveLayers/>
        </CueArray>
        <Flags index="Continuous" value="0"/>
    </CSoundtrack>
    <CSoundtrack id="PAiur04_Music_MidTransition">
        <CueArray>
            <MasterLayer Sound="PAiur04_Music_MidTransition"/>
            <SlaveLayers/>
            <SlaveLayers/>
            <SlaveLayers/>
            <SlaveLayers/>
        </CueArray>
        <Flags index="Continuous" value="0"/>
    </CSoundtrack>
    <CSoundtrack id="PAiur04_Music_ProtectAlarak">
        <CueArray>
            <MasterLayer Sound="PAiur04_Music_ProtectAlarak"/>
            <SlaveLayers/>
            <SlaveLayers/>
            <SlaveLayers/>
            <SlaveLayers/>
        </CueArray>
        <Delay value="70,140"/>
    </CSoundtrack>
    <CSoundtrack id="PAiur04_Music_Outro">
        <CueArray>
            <MasterLayer Sound="PAiur04_Music_Outro"/>
            <SlaveLayers/>
            <SlaveLayers/>
            <SlaveLayers/>
            <SlaveLayers/>
        </CueArray>
        <Flags index="Continuous" value="0"/>
    </CSoundtrack>
    <CSoundtrack id="PAiur04_Music_MidTransitionDark">
        <CueArray>
            <MasterLayer Sound="PAiur04_Music_MidTransitionDark"/>
            <SlaveLayers/>
            <SlaveLayers/>
            <SlaveLayers/>
            <SlaveLayers/>
        </CueArray>
        <Flags index="Continuous" value="0"/>
    </CSoundtrack>
    <CSoundtrack id="PAiur04_Musc_Section1">
        <CueArray>
            <MasterLayer Sound="PAiur04_Music_Section1"/>
            <SlaveLayers/>
            <SlaveLayers/>
            <SlaveLayers/>
            <SlaveLayers/>
        </CueArray>
        <Delay value="70,140"/>
    </CSoundtrack>
    <CSoundtrack id="PAiur04_Music_Section2">
        <CueArray>
            <MasterLayer Sound="PAiur04_Music_Section2"/>
            <SlaveLayers/>
            <SlaveLayers/>
            <SlaveLayers/>
            <SlaveLayers/>
        </CueArray>
        <Delay value="70,140"/>
    </CSoundtrack>
    <CSoundtrack id="PAiur04_Music_Section3">
        <CueArray>
            <MasterLayer Sound="PAiur04_Music_Section3"/>
            <SlaveLayers/>
            <SlaveLayers/>
            <SlaveLayers/>
            <SlaveLayers/>
        </CueArray>
        <Delay value="70,140"/>
    </CSoundtrack>
    <CSoundtrack id="ZVoid_Credits_Static2" parent="Music">
        <CueArray>
            <MasterLayer Sound="LOTV_Credits_Static2"/>
            <SlaveLayers/>
            <SlaveLayers/>
            <SlaveLayers/>
            <SlaveLayers/>
        </CueArray>
        <Flags index="Continuous" value="0"/>
        <Next value="ZVoid_Credits_Static3"/>
    </CSoundtrack>
    <CSoundtrack id="ZVoid_Credits_Static3" parent="Music">
        <CueArray>
            <MasterLayer Sound="LOTV_Credits_Static3"/>
            <SlaveLayers/>
            <SlaveLayers/>
            <SlaveLayers/>
            <SlaveLayers/>
        </CueArray>
        <Flags index="Continuous" value="0"/>
        <Next value="ZVoid_Credits_Static4"/>
    </CSoundtrack>
    <CSoundtrack id="ZVoid_Credits_Static4" parent="Music">
        <CueArray>
            <MasterLayer Sound="LOTV_Credits_Static4"/>
            <SlaveLayers/>
            <SlaveLayers/>
            <SlaveLayers/>
            <SlaveLayers/>
        </CueArray>
        <Flags index="Continuous" value="0"/>
        <Next value="ZVoid_Credits_Shuffle"/>
    </CSoundtrack>
    <CSoundtrack id="ZVoid_Credits_Shuffle" parent="Music">
        <CueArray>
            <MasterLayer Sound="LOTV_Credits_Shuffle"/>
            <SlaveLayers/>
            <SlaveLayers/>
            <SlaveLayers/>
            <SlaveLayers/>
        </CueArray>
    </CSoundtrack>
    <CSoundtrack id="nDLC_Music_Cue02" parent="Music">
        <CueArray>
            <MasterLayer Sound="nDLC_Music_Cue02"/>
            <SlaveLayers/>
            <SlaveLayers/>
            <SlaveLayers/>
            <SlaveLayers/>
        </CueArray>
        <Flags index="Continuous" value="0"/>
    </CSoundtrack>
    <CSoundtrack id="nDLC_Music_Cue03" parent="Music">
        <CueArray>
            <MasterLayer Sound="nDLC_Music_Cue03"/>
            <SlaveLayers/>
            <SlaveLayers/>
            <SlaveLayers/>
            <SlaveLayers/>
        </CueArray>
        <Flags index="Continuous" value="0"/>
    </CSoundtrack>
    <CSoundtrack id="nDLC_Music_Cue04" parent="Music">
        <CueArray>
            <MasterLayer Sound="nDLC_Music_Cue04"/>
            <SlaveLayers/>
            <SlaveLayers/>
            <SlaveLayers/>
            <SlaveLayers/>
        </CueArray>
        <Flags index="Continuous" value="0"/>
    </CSoundtrack>
    <CSoundtrack id="nDLC_Music_Cue07" parent="Music">
        <CueArray>
            <MasterLayer Sound="nDLC_Music_Cue07"/>
            <SlaveLayers/>
            <SlaveLayers/>
            <SlaveLayers/>
            <SlaveLayers/>
        </CueArray>
        <Flags index="Continuous" value="0"/>
    </CSoundtrack>
    <CSoundtrack id="nDLC_Music_Cue06" parent="Music">
        <CueArray>
            <MasterLayer Sound="nDLC_Music_Cue06"/>
            <SlaveLayers/>
            <SlaveLayers/>
            <SlaveLayers/>
            <SlaveLayers/>
        </CueArray>
        <Flags index="Continuous" value="0"/>
    </CSoundtrack>
    <CSoundtrack id="nDLC_Music_Cue08" parent="Music">
        <CueArray>
            <MasterLayer Sound="nDLC_Music_Cue08"/>
            <SlaveLayers/>
            <SlaveLayers/>
            <SlaveLayers/>
            <SlaveLayers/>
        </CueArray>
        <Flags index="Continuous" value="0"/>
    </CSoundtrack>
    <CSoundtrack id="nDLC_Music_Cue09" parent="Music">
        <CueArray>
            <MasterLayer Sound="nDLC_Music_Cue09"/>
            <SlaveLayers/>
            <SlaveLayers/>
            <SlaveLayers/>
            <SlaveLayers/>
        </CueArray>
        <Flags index="Continuous" value="0"/>
    </CSoundtrack>
    <CSoundtrack id="nDLC_Music_Cue10" parent="Music">
        <CueArray>
            <MasterLayer Sound="nDLC_Music_Cue10"/>
            <SlaveLayers/>
            <SlaveLayers/>
            <SlaveLayers/>
            <SlaveLayers/>
        </CueArray>
        <Flags index="Continuous" value="0"/>
    </CSoundtrack>
    <CSoundtrack id="nDLC_Music_Cue11" parent="Music">
        <CueArray>
            <MasterLayer Sound="nDLC_Music_Cue11"/>
            <SlaveLayers/>
            <SlaveLayers/>
            <SlaveLayers/>
            <SlaveLayers/>
        </CueArray>
        <Flags index="Continuous" value="0"/>
    </CSoundtrack>
    <CSoundtrack id="nDLC_Music_Nova01_BossFight">
        <CueArray>
            <MasterLayer Sound="nDLC_Music_Nova01_BossFight"/>
            <SlaveLayers/>
            <SlaveLayers/>
            <SlaveLayers/>
            <SlaveLayers/>
        </CueArray>
        <Delay value="120,180"/>
        <Flags index="Continuous" value="0"/>
    </CSoundtrack>
    <CSoundtrack id="nDLC_Music_Nova01_VultureRide" parent="Music">
        <CueArray>
            <MasterLayer Sound="nDLC_Music_Nova01_VultureRide"/>
        </CueArray>
        <Delay value="70,140"/>
        <Select value="Shuffle"/>
    </CSoundtrack>
    <CSoundtrack id="nDLC_Music_Nova02_Main" parent="Music">
        <CueArray>
            <MasterLayer Sound="nDLC_Music_Nova02_Main"/>
        </CueArray>
        <Delay value="70,140"/>
        <Select value="Shuffle"/>
    </CSoundtrack>
    <CSoundtrack id="nDLC_Music_Nova01_Mid">
        <CueArray>
            <MasterLayer Sound="nDLC_Music_Nova01_Mid"/>
            <SlaveLayers/>
            <SlaveLayers/>
            <SlaveLayers/>
            <SlaveLayers/>
        </CueArray>
        <Delay value="120,180"/>
        <Flags index="Continuous" value="0"/>
    </CSoundtrack>
    <CSoundtrack id="nDLC_Music_Nova01_VultureEscape">
        <CueArray>
            <MasterLayer Sound="nDLC_Music_Nova01_VultureEscape"/>
            <SlaveLayers/>
            <SlaveLayers/>
            <SlaveLayers/>
            <SlaveLayers/>
        </CueArray>
        <Delay value="120,180"/>
        <Flags index="Continuous" value="0"/>
    </CSoundtrack>
    <CSoundtrack id="nDLC_Music_Nova02_Final">
        <CueArray>
            <MasterLayer Sound="nDLC_Music_Nova02_Final"/>
            <SlaveLayers/>
            <SlaveLayers/>
            <SlaveLayers/>
            <SlaveLayers/>
        </CueArray>
        <Delay value="120,180"/>
        <Flags index="Continuous" value="0"/>
    </CSoundtrack>
    <CSoundtrack id="nDLC_Music_Nova02_Intro">
        <CueArray>
            <MasterLayer Sound="nDLC_Music_Nova02_Intro"/>
            <SlaveLayers/>
            <SlaveLayers/>
            <SlaveLayers/>
            <SlaveLayers/>
        </CueArray>
        <Delay value="120,180"/>
        <Flags index="Continuous" value="0"/>
    </CSoundtrack>
    <CSoundtrack id="nDLC_Music_Nova03_Main_A" parent="Music">
        <CueArray>
            <MasterLayer Sound="nDLC_Music_Nova03_Main_A"/>
        </CueArray>
        <Delay value="70,140"/>
        <Select value="Shuffle"/>
    </CSoundtrack>
    <CSoundtrack id="nDLC_Music_Nova03_Escape">
        <CueArray>
            <MasterLayer Sound="nDLC_Music_Nova03_Escape"/>
            <SlaveLayers/>
            <SlaveLayers/>
            <SlaveLayers/>
            <SlaveLayers/>
        </CueArray>
        <Delay value="120,180"/>
        <Flags index="Continuous" value="0"/>
    </CSoundtrack>
    <CSoundtrack id="nDLC_Music_Nova03_Infiltrate">
        <CueArray>
            <MasterLayer Sound="nDLC_Music_Nova03_Infiltrate"/>
            <SlaveLayers/>
            <SlaveLayers/>
            <SlaveLayers/>
            <SlaveLayers/>
        </CueArray>
        <Delay value="120,180"/>
        <Flags index="Continuous" value="0"/>
    </CSoundtrack>
    <CSoundtrack id="nDLC_Music_Nova03_Intro">
        <CueArray>
            <MasterLayer Sound="nDLC_Music_Nova03_Intro"/>
            <SlaveLayers/>
            <SlaveLayers/>
            <SlaveLayers/>
            <SlaveLayers/>
        </CueArray>
        <Delay value="120,180"/>
        <Flags index="Continuous" value="0"/>
    </CSoundtrack>
    <CSoundtrack id="nDLC_Music_Nova03_ListenIn">
        <CueArray>
            <MasterLayer Sound="nDLC_Music_Nova03_ListenIn"/>
            <SlaveLayers/>
            <SlaveLayers/>
            <SlaveLayers/>
            <SlaveLayers/>
        </CueArray>
        <Delay value="120,180"/>
        <Flags index="Continuous" value="0"/>
    </CSoundtrack>
    <CSoundtrack id="nDLC_Music_Nova03_Main_B" parent="Music">
        <CueArray>
            <MasterLayer Sound="nDLC_Music_Nova03_Main_B"/>
        </CueArray>
        <Delay value="70,140"/>
        <Select value="Shuffle"/>
    </CSoundtrack>
</Catalog>
