<?xml version="1.0" encoding="us-ascii"?>
<Catalog>
    <CTacticalOrder id="LurkerMP">
        <Abil value="BurrowLurkerMPDown"/>
        <Validator value="TacticalBurrowLurkerMPDown"/>
    </CTacticalOrder>
    <CTacticalOrder id="LurkerMPBurrowed">
        <Abil value="BurrowLurkerMPUp"/>
        <Validator value="TacticalBurrowLurkerMPUp"/>
    </CTacticalOrder>
    <CTacticalOrder id="RavagerBurrowed">
        <Abil value="BurrowRavagerUp"/>
        <Validator value="TacticalBurrowRavagerUp"/>
    </CTacticalOrder>
    <CTacticalOrder id="DefilerMPBurrowed">
        <Abil value="DefilerMPUnburrow"/>
        <Validator value="TacticalBurrowDefilerMPUp"/>
    </CTacticalOrder>
</Catalog>
