<?xml version="1.0" encoding="us-ascii"?>
<Catalog>
    <CTerrain default="1">
        <CreepEdgeNormalMap value="Assets\Textures\CreepEdgeNormal_ex2.dds"/>
        <CreepSettingsArray index="Low" CreepOpaqueAlphaThreshold="0.200000" CreepTranslucentMinThreshold="0.000000" CreepTranslucentPassTint="1.100000,1.000000,1.100000"/>
        <CreepSettingsArray index="Medium">
            <CreepOpaqueAlphaThreshold value="0.200000"/>
            <CreepTranslucentMinThreshold value="0.000000"/>
            <CreepTranslucentMaxThreshold value="0.200000"/>
            <CreepTranslucentPassTint value="1.100000,1.000000,1.100000"/>
        </CreepSettingsArray>
        <CreepSettingsArray index="High">
            <CreepOpaqueAlphaThreshold value="0.200000"/>
            <CreepTranslucentMinThreshold value="0.000000"/>
            <CreepTranslucentMaxThreshold value="0.200000"/>
            <CreepTranslucentPassTint value="1.100000,1.000000,1.100000"/>
        </CreepSettingsArray>
        <CreepSettingsArray index="Ultra">
            <CreepOpaqueAlphaThreshold value="0.200000"/>
            <CreepTranslucentMinThreshold value="0.000000"/>
            <CreepTranslucentMaxThreshold value="0.200000"/>
            <CreepTranslucentPassTint value="1.100000,1.000000,1.100000"/>
        </CreepSettingsArray>
        <CreepSettingsArray index="Extreme">
            <CreepOpaqueAlphaThreshold value="0.200000"/>
            <CreepTranslucentMinThreshold value="0.000000"/>
            <CreepTranslucentMaxThreshold value="0.200000"/>
            <CreepTranslucentPassTint value="1.100000,1.000000,1.100000"/>
        </CreepSettingsArray>
    </CTerrain>
    <CTerrain id="ShakurasTemple">
        <EditorCategories value="Climate:Wasteland"/>
        <LoadingScreen value="Assets\Textures\loading-shakuras.dds"/>
        <Ambience value="Ambience_Shakuras"/>
        <ReverbAmbient value="BetaVerb"/>
        <BlendTextures value="ShakurasTemple1"/>
        <BlendTextures value="ShakurasTemple2"/>
        <BlendTextures value="ShakurasTemple3"/>
        <BlendTextures value="ShakurasTemple4"/>
        <BlendTextures value="ShakurasTemple5"/>
        <BlendTextures value="ShakurasTemple6"/>
        <BlendTextures value="ShakurasTemple7"/>
        <BlendTextures value="ShakurasTemple8"/>
        <HardTiles value="MarSaraTile"/>
        <CliffSets value="ShakurasTempleCliff0"/>
        <CliffSets value="ShakurasTempleCliff1"/>
        <FixedSkyboxModel value="ShakurasSkyBox"/>
        <FogEnabled value="1"/>
        <FogColor value="255,45,68,86"/>
        <FogDensity value="0.060000"/>
        <FogFalloff value="0.200000"/>
        <FogStartingHeight value="-0.900000"/>
        <CreepBaseTexture value="Assets\Textures\Creep_Shakuras.dds"/>
        <HeightMapEnabled value="1"/>
    </CTerrain>
    <CTerrain id="ShakurasCity">
        <EditorCategories value="Climate:Wasteland"/>
        <LoadingScreen value="Assets\Textures\loading-shakuras.dds"/>
        <Ambience value="Ambience_Shakuras"/>
        <ReverbAmbient value="BetaVerb"/>
        <BlendTextures value="ShakurasCity1"/>
        <BlendTextures value="ShakurasCity2"/>
        <BlendTextures value="ShakurasCity3"/>
        <BlendTextures value="ShakurasCity4"/>
        <BlendTextures value="ShakurasCity5"/>
        <BlendTextures value="ShakurasCity6"/>
        <BlendTextures value="ShakurasCity7"/>
        <BlendTextures value="ShakurasCity8"/>
        <HardTiles value="MarSaraTile"/>
        <CliffSets value="HybridLabXelNagaCliff0"/>
        <CliffSets value="HybridLabXelNagaCliff1"/>
        <FixedSkyboxModel value="ShakurasSkyBox"/>
        <FogEnabled value="1"/>
        <FogColor value="255,94,130,132"/>
        <FogDensity value="0.300000"/>
        <FogFalloff value="0.300000"/>
        <FogStartingHeight value="-1.500000"/>
        <CreepBaseTexture value="Assets\Textures\Creep_Shakuras.dds"/>
    </CTerrain>
    <CTerrain id="AiurCity">
        <EditorCategories value="Climate:Urban"/>
        <LoadingScreen value="Assets\Textures\loading-aiur.dds"/>
        <Ambience value="Ambience_Aiur"/>
        <ReverbAmbient value="BetaVerb"/>
        <BlendTextures value="AiurCity1"/>
        <BlendTextures value="AiurCity2"/>
        <BlendTextures value="AiurCity3"/>
        <BlendTextures value="AiurCity4"/>
        <BlendTextures value="AiurCity5"/>
        <BlendTextures value="AiurCity6"/>
        <BlendTextures value="AiurCity7"/>
        <BlendTextures value="AiurCity8"/>
        <HardTiles value="MarSaraTile"/>
        <CliffSets value="AiurTempleCliff0"/>
        <CliffSets value="AiurTempleCliff1"/>
        <CliffSets value="AiurCityCliff0"/>
        <FogEnabled value="1"/>
        <FogColor value="255,45,68,86"/>
        <FogDensity value="0.060000"/>
        <FogFalloff value="0.200000"/>
        <FogStartingHeight value="-0.900000"/>
        <HeightMapEnabled value="1"/>
    </CTerrain>
    <!-- Aiur02, same tileset, night time, different light -->
    <CTerrain id="AiurCityNight">
        <EditorCategories value="Climate:Urban"/>
        <LoadingScreen value="Assets\Textures\loading-aiur.dds"/>
        <Ambience value="Ambience_Aiur"/>
        <ReverbAmbient value="BetaVerb"/>
        <BlendTextures value="AiurTemple1"/>
        <BlendTextures value="AiurCity2"/>
        <BlendTextures value="AiurTemple4"/>
        <BlendTextures value="AiurCity4"/>
        <BlendTextures value="AiurCity5"/>
        <BlendTextures value="AiurCity6"/>
        <BlendTextures value="AiurCity7"/>
        <BlendTextures value="AiurCity8"/>
        <HardTiles value="MarSaraTile"/>
        <CliffSets value="BelShirEx1Cliff0"/>
        <CliffSets value="HybridLabXelNagaCliff1"/>
        <FogEnabled value="1"/>
        <FogColor value="255,45,68,86"/>
        <FogDensity value="0.060000"/>
        <FogFalloff value="0.200000"/>
        <FogStartingHeight value="-0.900000"/>
        <HeightMapEnabled value="1"/>
    </CTerrain>
    <CTerrain id="AiurTemple">
        <EditorCategories value="Climate:Urban"/>
        <LoadingScreen value="Assets\Textures\loading-aiur.dds"/>
        <Ambience value="Ambience_Aiur"/>
        <ReverbAmbient value="BetaVerb"/>
        <BlendTextures value="AiurTemple1"/>
        <BlendTextures value="AiurTemple2"/>
        <BlendTextures value="AiurTemple3"/>
        <BlendTextures value="AiurTemple4"/>
        <BlendTextures value="AiurTemple5"/>
        <BlendTextures value="AiurTemple6"/>
        <BlendTextures value="AiurTemple7"/>
        <BlendTextures value="AiurTemple8"/>
        <HardTiles value="MarSaraTile"/>
        <CliffSets value="AiurTempleCliff0"/>
        <CliffSets value="AiurTempleCliff1"/>
        <FogEnabled value="1"/>
        <FogColor value="255,45,68,86"/>
        <FogDensity value="0.060000"/>
        <FogFalloff value="0.200000"/>
        <FogStartingHeight value="-0.900000"/>
        <HeightMapEnabled value="1"/>
    </CTerrain>
    <CTerrain id="KorhalPlatformEx2">
        <EditorCategories value="Climate:SpacePlatform"/>
        <LoadingScreen value="Assets\Textures\UI_HotS_Loading_PlanetViewKorhal.dds"/>
        <Camera value="SpacePlatform"/>
        <Ambience value="Ambience_KorhalPlatform"/>
        <ReverbAmbient value="BetaVerb"/>
        <HideLowestLevel value="1"/>
        <BlendTextures value="KorhalPlatformEx2_1"/>
        <BlendTextures value="KorhalPlatformEx2_2"/>
        <BlendTextures value="KorhalPlatformEx2_3"/>
        <BlendTextures value="KorhalPlatformEx2_4"/>
        <BlendTextures value="KorhalPlatformEx2_5"/>
        <BlendTextures value="KorhalPlatformEx2_6"/>
        <BlendTextures value="KorhalPlatformEx2_7"/>
        <BlendTextures value="KorhalPlatformEx2_8"/>
        <HardTiles value="KorhalTile"/>
        <CliffSets value="KorhalPlatformEx2"/>
        <!--FixedSkyboxModel value="KorhalFallingSkybox"/-->
        <!--NonFixedSkyboxModel value="KorhalPlatformSkyParallax"/-->
        <FixedSkyboxActor value="KorhalFallingSkybox"/>
        <FogEnabled value="1"/>
        <FogColor value="255,55,69,89"/>
        <FogDensity value="0.100000"/>
        <FogFalloff value="0.220000"/>
        <FogStartingHeight value="-2.000000"/>
        <HeightMapEnabled value="1"/>
    </CTerrain>
    <CTerrain id="UlnarOuter">
        <EditorCategories value="Climate:InteriorInstallation"/>
        <LoadingScreen value="Assets\Textures\UI_HotS_Loading_PlanetViewHybrid.dds"/>
        <Ambience value="Ambience_Ulaan"/>
        <ReverbAmbient value="BetaVerb"/>
        <Camera value="SpacePlatform"/>
        <MinimapBackgroundColor value="255,0,0,32"/>
        <BlendTextures value="UlnarOuter1"/>
        <BlendTextures value="UlnarOuter2"/>
        <BlendTextures value="UlnarOuter3"/>
        <BlendTextures value="UlnarOuter4"/>
        <BlendTextures value="UlnarOuter5"/>
        <BlendTextures value="UlnarOuter6"/>
        <BlendTextures value="UlnarOuter7"/>
        <BlendTextures value="UlnarOuter8"/>
        <HardTiles value="MarSaraTile"/>
        <CliffSets value="UlnarOuterCliff0"/>
        <CliffSets value="UlnarOuterCliff1"/>
        <FixedSkyboxModel value="Ulnar_Skybox"/>
        <NonFixedSkyboxModel value="Ulnar_Skybox_Parallax"/>
        <FogColor value="255,45,68,86"/>
        <FogDensity value="0.060000"/>
        <FogFalloff value="0.200000"/>
        <FogStartingHeight value="-0.900000"/>
        <HideLowestLevel value="1"/>
    </CTerrain>
    <CTerrain id="UlnarInner">
        <EditorCategories value="Climate:InteriorInstallation"/>
        <LoadingScreen value="Assets\Textures\UI_HotS_Loading_PlanetViewHybrid.dds"/>
        <Ambience value="Ambience_Ulaan"/>
        <ReverbAmbient value="BetaVerb"/>
        <MinimapBackgroundColor value="255,0,0,32"/>
        <BlendTextures value="UlnarInner1"/>
        <BlendTextures value="UlnarInner2"/>
        <BlendTextures value="UlnarInner3"/>
        <BlendTextures value="UlnarInner4"/>
        <BlendTextures value="UlnarInner5"/>
        <BlendTextures value="UlnarInner6"/>
        <BlendTextures value="UlnarInner7"/>
        <BlendTextures value="UlnarInner8"/>
        <HardTiles value="MarSaraTile"/>
        <CliffSets value="UlnarInnerCliff0"/>
        <CliffSets value="UlnarInnerCliff1"/>
        <FixedSkyboxModel value="Ulnar_Skybox"/>
        <NonFixedSkyboxModel value="Ulnar_Skybox_Parallax"/>
        <FogColor value="255,45,68,86"/>
        <FogDensity value="0.060000"/>
        <FogFalloff value="0.200000"/>
        <FogStartingHeight value="-0.900000"/>
    </CTerrain>
    <CTerrain id="Slayn">
        <EditorCategories value="Climate:Wasteland"/>
        <LoadingScreen value="Assets\Textures\loading-shakuras.dds"/>
        <Ambience value="Ambience_Shakuras"/>
        <ReverbAmbient value="BetaVerb"/>
        <BlendTextures value="Slayn1"/>
        <BlendTextures value="Slayn2"/>
        <BlendTextures value="Slayn3"/>
        <BlendTextures value="Slayn4"/>
        <BlendTextures value="Slayn5"/>
        <BlendTextures value="Slayn6"/>
        <BlendTextures value="Slayn7"/>
        <BlendTextures value="Slayn8"/>
        <HardTiles value="MarSaraTile"/>
        <CliffSets value="SlaynCliff0"/>
        <CliffSets value="SlaynCliff1"/>
        <FixedSkyboxModel value="ShakurasSkyBox"/>
        <FogEnabled value="1"/>
        <FogColor value="255,45,68,86"/>
        <FogDensity value="0.060000"/>
        <FogFalloff value="0.200000"/>
        <FogStartingHeight value="-0.900000"/>
        <CreepBaseTexture value="Assets\Textures\Creep_Shakuras.dds"/>
        <HeightMapEnabled value="1"/>
    </CTerrain>
    <CTerrain id="SlaynTemple">
        <EditorCategories value="Climate:Wasteland"/>
        <LoadingScreen value="Assets\Textures\loading-shakuras.dds"/>
        <Ambience value="Ambience_Shakuras"/>
        <ReverbAmbient value="BetaVerb"/>
        <BlendTextures value="Slayn1"/>
        <BlendTextures value="Slayn2"/>
        <BlendTextures value="Slayn3"/>
        <BlendTextures value="Slayn4"/>
        <BlendTextures value="Slayn5"/>
        <BlendTextures value="Slayn6"/>
        <BlendTextures value="Slayn7"/>
        <BlendTextures value="Slayn8"/>
        <HardTiles value="MarSaraTile"/>
        <CliffSets value="SlaynCliff0"/>
        <CliffSets value="SlaynCliff1"/>
        <FixedSkyboxModel value="ShakurasSkyBox"/>
        <FogEnabled value="1"/>
        <FogColor value="255,45,68,86"/>
        <FogDensity value="0.060000"/>
        <FogFalloff value="0.200000"/>
        <FogStartingHeight value="-0.900000"/>
        <CreepBaseTexture value="Assets\Textures\Creep_Shakuras.dds"/>
        <HeightMapEnabled value="1"/>
    </CTerrain>
    <CTerrain id="SlaynGrass">
        <EditorCategories value="Climate:Wasteland"/>
        <LoadingScreen value="Assets\Textures\loading-shakuras.dds"/>
        <Ambience value="Ambience_Shakuras"/>
        <ReverbAmbient value="BetaVerb"/>
        <BlendTextures value="SlaynGrass7"/>
        <BlendTextures value="SlaynGrass2"/>
        <BlendTextures value="SlaynGrass5"/>
        <BlendTextures value="SlaynGrass1"/>
        <BlendTextures value="SlaynGrass8"/>
        <BlendTextures value="SlaynGrass6"/>
        <BlendTextures value="SlaynGrass3"/>
        <BlendTextures value="SlaynGrass4"/>
        <HardTiles value="MarSaraTile"/>
        <CliffSets value="SlaynCliff0"/>
        <CliffSets value="SlaynCliff1"/>
        <FixedSkyboxModel value="ShakurasSkyBox"/>
        <FogEnabled value="1"/>
        <FogColor value="255,45,68,86"/>
        <FogDensity value="0.060000"/>
        <FogFalloff value="0.200000"/>
        <FogStartingHeight value="-0.900000"/>
        <CreepBaseTexture value="Assets\Textures\Creep_Shakuras.dds"/>
        <HeightMapEnabled value="1"/>
    </CTerrain>
    <CTerrain id="Generic">
        <EditorCategories value="Climate:SpacePlatform"/>
        <LoadingScreen value="Assets\Textures\UI_HotS_Loading_MissionSelect_ZKaldir03.dds"/>
        <Ambience value="Ambience_Starship"/>
        <ReverbAmbient value="BetaVerb"/>
        <HideLowestLevel value="1"/>
        <MinimapBackgroundColor value="255,0,0,32"/>
        <BlendTextures value="Generic_1"/>
        <BlendTextures value="Generic_2"/>
        <BlendTextures value="Generic_3"/>
        <BlendTextures value="Generic_4"/>
        <BlendTextures value="Generic_5"/>
        <BlendTextures value="Generic_6"/>
        <BlendTextures value="Generic_7"/>
        <BlendTextures value="Generic_8"/>
        <HardTiles value="MarSaraTile"/>
        <CliffSets value="SlaynCliff0"/>
        <CliffSets value="StarshipCliff0"/>
        <FixedSkyboxModel value="StarshipSkyBoxMP"/>
        <FogEnabled value="1"/>
        <FogColor value="255,121,214,244"/>
        <FogDensity value="0.100000"/>
        <FogFalloff value="0.200000"/>
        <FogStartingHeight value="-20.000000"/>
    </CTerrain>
    <CTerrain id="Cybros">
        <EditorCategories value="Climate:SpacePlatform"/>
        <LoadingScreen value="Assets\Textures\UI_HotS_Loading_MissionSelect_ZKaldir03.dds"/>
        <Ambience value="Ambience_Starship"/>
        <ReverbAmbient value="BetaVerb"/>
        <HideLowestLevel value="1"/>
        <MinimapBackgroundColor value="255,0,0,32"/>
        <BlendTextures value="Cybros1"/>
        <BlendTextures value="Cybros2"/>
        <BlendTextures value="Cybros3"/>
        <BlendTextures value="Cybros4"/>
        <BlendTextures value="Cybros5"/>
        <BlendTextures value="Cybros6"/>
        <BlendTextures value="Cybros7"/>
        <BlendTextures value="Cybros8"/>
        <HardTiles value="MarSaraTile"/>
        <CliffSets value="CybrossCliff0"/>
        <FixedSkyboxModel value="StarshipSkyBoxMP"/>
        <FogEnabled value="1"/>
        <FogColor value="255,121,214,244"/>
        <FogDensity value="0.100000"/>
        <FogFalloff value="0.200000"/>
        <FogStartingHeight value="-20.000000"/>
    </CTerrain>
    <CTerrain id="UlnarPortal">
        <EditorCategories value="Climate:InteriorInstallation"/>
        <LoadingScreen value="Assets\Textures\UI_HotS_Loading_PlanetViewHybrid.dds"/>
        <Ambience value="Ambience_Ulaan"/>
        <ReverbAmbient value="BetaVerb"/>
        <MinimapBackgroundColor value="255,0,0,32"/>
        <BlendTextures value="UlnarPortal1"/>
        <BlendTextures value="UlnarPortal2"/>
        <BlendTextures value="UlnarPortal3"/>
        <BlendTextures value="UlnarPortal4"/>
        <BlendTextures value="UlnarPortal5"/>
        <BlendTextures value="UlnarPortal6"/>
        <BlendTextures value="UlnarPortal7"/>
        <BlendTextures value="UlnarPortal8"/>
        <HardTiles value="MarSaraTile"/>
        <CliffSets value="UlnarPortalCliff0"/>
        <CliffSets value="UlnarPortalCliff1"/>
        <FixedSkyboxModel value="Ulnar_Skybox"/>
        <NonFixedSkyboxModel value="Ulnar_Skybox_Parallax"/>
        <FogColor value="255,45,68,86"/>
        <FogDensity value="0.060000"/>
        <FogFalloff value="0.200000"/>
        <FogStartingHeight value="-0.900000"/>
    </CTerrain>
    <CTerrain id="ProtossBase">
        <EditorCategories value="Climate:Urban"/>
        <LoadingScreen value="Assets\Textures\loading-aiur.dds"/>
        <Ambience value="Ambience_Aiur"/>
        <ReverbAmbient value="BetaVerb"/>
        <BlendTextures value="ProtossBase1"/>
        <BlendTextures value="ProtossBase2"/>
        <BlendTextures value="ProtossBase3"/>
        <BlendTextures value="ProtossBase4"/>
        <BlendTextures value="ProtossBase5"/>
        <BlendTextures value="ProtossBase6"/>
        <BlendTextures value="ProtossBase7"/>
        <BlendTextures value="ProtossBase8"/>
        <HardTiles value="MarSaraTile"/>
        <FogEnabled value="1"/>
        <FogDensity value="0.120000"/>
        <FogStartingHeight value="2.000000"/>
        <HeightMapEnabled value="1"/>
        <FogColor value="255,111,142,166"/>
        <CliffSets value="ProtossBaseManmadeCliffs"/>
        <CliffSets value="ProtossBaseOrganicCliffs"/>
        <FogFalloff value="0.250000"/>
    </CTerrain>
    <CTerrain id="KorhalCityEx2">
        <EditorCategories value="Climate:Urban"/>
        <LoadingScreen value="Assets\Textures\UI_HotS_Loading_PlanetViewKorhal.dds"/>
        <Ambience value="Ambience_Korhal"/>
        <ReverbAmbient value="BetaVerb"/>
        <BlendTextures value="KorhalCityEx2_1"/>
        <BlendTextures value="KorhalCityEx2_2"/>
        <BlendTextures value="KorhalCityEx2_3"/>
        <BlendTextures value="KorhalCityEx2_4"/>
        <BlendTextures value="KorhalCityEx2_5"/>
        <BlendTextures value="KorhalCityEx2_6"/>
        <BlendTextures value="KorhalCityEx2_7"/>
        <BlendTextures value="KorhalCityEx2_8"/>
        <HardTiles value="KorhalTile"/>
        <CliffSets value="KorhalCityEx2"/>
        <FixedSkyboxModel value="KorhalCitySkybox"/>
        <FogEnabled value="1"/>
        <FogColor value="255,119,215,247"/>
        <FogDensity value="0.020000"/>
        <FogFalloff value="0.200000"/>
    </CTerrain>
    <CTerrain id="PurifierJungle">
        <EditorCategories value="Climate:Jungle"/>
        <LoadingScreen value="Assets\Textures\loading-haven.dds"/>
        <Ambience value="Ambience_Haven"/>
        <ReverbAmbient value="BetaVerb"/>
        <BlendTextures value="HavenDirt"/>
        <BlendTextures value="HavenLeaves"/>
        <BlendTextures value="HavenGrassDark"/>
        <BlendTextures value="HavenGrass"/>
        <BlendTextures value="HavenGrassLight"/>
        <BlendTextures value="HavenGrassRocky"/>
        <BlendTextures value="HavenRockSmooth"/>
        <BlendTextures value="HavenRockRough"/>
        <HardTiles value="MarSaraTile"/>
        <CliffSets value="HavenEx1Cliff0"/>
        <FogEnabled value="1"/>
        <FogColor value="255,43,52,77"/>
        <FogDensity value="0.050000"/>
        <FogFalloff value="0.100000"/>
        <FogStartingHeight value="-2.000000"/>
        <CreepBaseTexture value="Assets\Textures\Creep_Haven.dds"/>
    </CTerrain>
    <CTerrain id="SpearOfAdun">
        <EditorCategories value="Climate:SpacePlatform"/>
        <LoadingScreen value="Assets\Textures\UI_HotS_Loading_MissionSelect_ZKaldir03.dds"/>
        <Ambience value="Ambience_Starship"/>
        <ReverbAmbient value="BetaVerb"/>
        <HideLowestLevel value="1"/>
        <MinimapBackgroundColor value="255,0,0,32"/>
        <BlendTextures value="SpearOfAdun1"/>
        <BlendTextures value="SpearOfAdun2"/>
        <BlendTextures value="SpearOfAdun3"/>
        <BlendTextures value="SpearOfAdun4"/>
        <BlendTextures value="SpearOfAdun5"/>
        <BlendTextures value="SpearOfAdun6"/>
        <BlendTextures value="SpearOfAdun7"/>
        <BlendTextures value="SpearOfAdun8"/>
        <HardTiles value="TarsonisRail"/>
        <CliffSets value="StarshipCliff0"/>
        <FixedSkyboxModel value="StarshipSkyBoxMP"/>
        <FogEnabled value="1"/>
        <FogColor value="255,121,214,244"/>
        <FogDensity value="0.100000"/>
        <FogFalloff value="0.200000"/>
        <FogStartingHeight value="-20.000000"/>
        <Gravity value="-3.300000"/>
    </CTerrain>
    <CTerrain id="ShadowCorpsPlatform">
        <EditorCategories value="Climate:SpacePlatform"/>
        <LoadingScreen value="Assets\Textures\UI_HotS_Loading_PlanetViewHybrid.dds"/>
        <Camera value="SpacePlatform"/>
        <Ambience value="Ambience_BraxisAlpha"/>
        <ReverbAmbient value="BetaVerb"/>
        <HideLowestLevel value="1"/>
        <MinimapBackgroundColor value="255,0,0,32"/>
        <BlendTextures value="ShadowCorps1"/>
        <BlendTextures value="ShadowCorps2"/>
        <BlendTextures value="ShadowCorps3"/>
        <BlendTextures value="ShadowCorps4"/>
        <BlendTextures value="ShadowCorps5"/>
        <BlendTextures value="ShadowCorps6"/>
        <BlendTextures value="ShadowCorps7"/>
        <BlendTextures value="ShadowCorps8"/>
        <HardTiles value="MarSaraTile"/>
        <CliffSets value="ShadowCorpsPlatformCliff0"/>
        <CliffSets value="ShadowCorpsPlatformCliff1"/>
        <FixedSkyboxModel value="ShadowSkybox"/>
        <NonFixedSkyboxModel value="ShadowSkyboxParallax"/>
        <FogColor value="255,45,68,86"/>
        <FogDensity value="0.060000"/>
        <FogFalloff value="0.200000"/>
        <FogStartingHeight value="-0.900000"/>
        <MinimapBrightenFactor value="1.400000"/>
    </CTerrain>
    <CTerrain id="Aiur4City">
        <EditorCategories value="Climate:Urban"/>
        <LoadingScreen value="Assets\Textures\loading-aiur.dds"/>
        <Ambience value="Ambience_Aiur"/>
        <ReverbAmbient value="BetaVerb"/>
        <BlendTextures value="Aiur4City1"/>
        <BlendTextures value="Aiur4City2"/>
        <BlendTextures value="Aiur4City3"/>
        <BlendTextures value="Aiur4City4"/>
        <BlendTextures value="Aiur4City5"/>
        <BlendTextures value="Aiur4City6"/>
        <BlendTextures value="Aiur4City7"/>
        <BlendTextures value="Aiur4City8"/>
        <HardTiles value="MarSaraTile"/>
        <CliffSets value="ProtossBaseManmadeCliffs"/>
        <CliffSets value="ProtossBaseOrganicCliffs"/>
        <FogEnabled value="1"/>
        <FogColor value="255,45,68,86"/>
        <FogDensity value="0.060000"/>
        <FogFalloff value="0.200000"/>
        <FogStartingHeight value="-0.900000"/>
        <HeightMapEnabled value="1"/>
    </CTerrain>
    <CTerrain id="Aiur4Temple">
        <EditorCategories value="Climate:Urban"/>
        <LoadingScreen value="Assets\Textures\loading-aiur.dds"/>
        <Ambience value="Ambience_Aiur"/>
        <ReverbAmbient value="BetaVerb"/>
        <BlendTextures value="Aiur4Temple1"/>
        <BlendTextures value="Aiur4Temple2"/>
        <BlendTextures value="Aiur4Temple3"/>
        <BlendTextures value="Aiur4Temple4"/>
        <BlendTextures value="Aiur4Temple5"/>
        <BlendTextures value="Aiur4Temple6"/>
        <BlendTextures value="Aiur4Temple7"/>
        <BlendTextures value="Aiur4Temple8"/>
        <HardTiles value="MarSaraTile"/>
        <CliffSets value="AiurTempleCliff0"/>
        <CliffSets value="AiurTempleCliff1"/>
        <FogEnabled value="1"/>
        <FogColor value="255,45,68,86"/>
        <FogDensity value="0.060000"/>
        <FogFalloff value="0.200000"/>
        <FogStartingHeight value="-0.900000"/>
        <HeightMapEnabled value="1"/>
    </CTerrain>
    <CTerrain id="AiurTempleJungle">
        <EditorCategories value="Climate:Urban"/>
        <LoadingScreen value="Assets\Textures\loading-aiur.dds"/>
        <Ambience value="Ambience_Aiur_Jungle_Quad"/>
        <ReverbAmbient value="BetaVerb"/>
        <BlendTextures value="AiurTempleJungle1"/>
        <BlendTextures value="AiurTempleJungle2"/>
        <BlendTextures value="AiurTempleJungle3"/>
        <BlendTextures value="AiurTempleJungle4"/>
        <BlendTextures value="AiurTempleJungle5"/>
        <BlendTextures value="AiurTempleJungle6"/>
        <BlendTextures value="AiurTempleJungle7"/>
        <BlendTextures value="AiurTempleJungle8"/>
        <HardTiles value="MarSaraTile"/>
        <CliffSets value="ProtossBaseOrganicCliffs"/>
        <CliffSets value="AiurTempleCliff1"/>
        <FogEnabled value="1"/>
        <FogColor value="255,45,68,86"/>
        <FogDensity value="0.060000"/>
        <FogFalloff value="0.200000"/>
        <FogStartingHeight value="-0.900000"/>
        <HeightMapEnabled value="1"/>
    </CTerrain>
    <CTerrain id="TheVoid">
        <LoadingScreen value="Assets\Textures\loading-ulnar.dds"/>
        <Camera value="SpacePlatform"/>
        <EditorCategories value="Climate:SpacePlatform"/>
        <HideLowestLevel value="1"/>
        <MinimapBackgroundColor value="255,0,0,32"/>
        <MinimapBrightenFactor value="1.300000"/>
        <FixedSkyboxModel value="Void_Skybox"/>
        <NonFixedSkyboxModel value="Void_Skybox_Parallax"/>
        <BlendTextures value="Void1"/>
        <BlendTextures value="Void2"/>
        <BlendTextures value="Void3"/>
        <BlendTextures value="Void4"/>
        <BlendTextures value="Void5"/>
        <BlendTextures value="Void6"/>
        <BlendTextures value="Void7"/>
        <BlendTextures value="Void8"/>
        <CliffSets value="TheVoidCliff0"/>
        <CliffSets value="TheVoidCliff1"/>
        <HeightMapEnabled value="1"/>
        <HardTiles value="MarSaraTile"/>
        <FogColor value="255,45,68,86"/>
        <FogFalloff value="0.200000"/>
        <FogStartingHeight value="-0.900000"/>
        <ReverbAmbient value="BetaVerb"/>
        <Ambience value="Ambience_BraxisAlpha"/>
    </CTerrain>
    <CTerrain id="Endion">
        <EditorCategories value="Climate:Jungle"/>
        <LoadingScreen value="Assets\Textures\loading-haven.dds"/>
        <Ambience value="Ambience_Haven"/>
        <ReverbAmbient value="BetaVerb"/>
        <BlendTextures value="Endion1"/>
        <BlendTextures value="Endion2"/>
        <BlendTextures value="Endion3"/>
        <BlendTextures value="Endion4"/>
        <BlendTextures value="Endion5"/>
        <BlendTextures value="Endion6"/>
        <BlendTextures value="Endion7"/>
        <BlendTextures value="Endion8"/>
        <HardTiles value="MarSaraTile"/>
        <CliffSets value="EndionCliff0"/>
        <CliffSets value="EndionCliff1"/>
        <FogEnabled value="1"/>
        <FogColor value="255,43,52,77"/>
        <FogDensity value="0.050000"/>
        <FogFalloff value="0.100000"/>
        <FogStartingHeight value="-2.000000"/>
        <CreepBaseTexture value="Assets\Textures\Creep_Haven.dds"/>
    </CTerrain>
    <CTerrain id="EndionAiurProtoss">
        <EditorCategories value="Climate:Jungle"/>
        <LoadingScreen value="Assets\Textures\loading-haven.dds"/>
        <Ambience value="Ambience_Haven"/>
        <ReverbAmbient value="BetaVerb"/>
        <BlendTextures value="Endion1"/>
        <BlendTextures value="Endion2"/>
        <BlendTextures value="Endion3"/>
        <BlendTextures value="Endion4"/>
        <BlendTextures value="EndionAiurProtoss1"/>
        <BlendTextures value="Endion6"/>
        <BlendTextures value="Endion7"/>
        <BlendTextures value="EndionAiurProtoss2"/>
        <HardTiles value="MarSaraTile"/>
        <CliffSets value="EndionCliff0"/>
        <CliffSets value="EndionProtossCliff1"/>
        <FogEnabled value="1"/>
        <FogColor value="255,43,52,77"/>
        <FogDensity value="0.050000"/>
        <FogFalloff value="0.100000"/>
        <FogStartingHeight value="-2.000000"/>
        <CreepBaseTexture value="Assets\Textures\Creep_Haven.dds"/>
    </CTerrain>
    <CTerrain id="BelShirEx1">
        <EditorHidden value="1"/>
    </CTerrain>
    <CTerrain id="BelShirEx2">
        <EditorCategories value="Climate:Jungle"/>
        <LoadingScreen value="Assets\Textures\loading-belshir.dds"/>
        <TextureProp value="belshir"/>
        <Ambience value="Ambience_BelShir"/>
        <ReverbAmbient value="BetaVerb"/>
        <BlendTextures value="BelShirDirtLightEx2"/>
        <BlendTextures value="BelShirDirtDarkEx2"/>
        <BlendTextures value="BelShirBrushEx2"/>
        <BlendTextures value="BelShirGrassLightEx2"/>
        <BlendTextures value="BelShirGrassDarkEx2"/>
        <BlendTextures value="BelShirSmallTilesEx2"/>
        <BlendTextures value="BelShirBricksSmallEx2"/>
        <BlendTextures value="BelShirBricksLargeEx2"/>
        <HardTiles value="MarSaraTile"/>
        <CliffSets value="BelShirEx1Cliff0"/>
        <CliffSets value="BelShirEx1Cliff1"/>
        <FixedSkyboxModel value="BelShirSkyBox"/>
        <EnvironmentMap value="Assets\Textures\Reflection_BelShir.dds"/>
        <FogEnabled value="1"/>
        <FogColor value="255,45,68,100"/>
        <FogDensity value="0.090000"/>
        <FogFalloff value="0.320000"/>
        <FogStartingHeight value="-5.000000"/>
        <CreepBaseTexture value="Assets\Textures\Creep_BelShir.dds"/>
        <HeightMapEnabled value="1"/>
    </CTerrain>
    <CTerrain id="MarSaraEx1">
        <EditorHidden value="1"/>
    </CTerrain>
    <CTerrain id="MarSaraEx2">
        <EditorCategories value="Climate:Wasteland"/>
        <LoadingScreen value="Assets\Textures\loading-marsara.dds"/>
        <TextureProp value="marsara"/>
        <Ambience value="Ambience_MarSara"/>
        <ReverbAmbient value="BetaVerb"/>
        <BlendTextures value="MarSaraDirtEx2"/>
        <BlendTextures value="MarSaraSandEx2"/>
        <BlendTextures value="MarSaraRockyEx2"/>
        <BlendTextures value="MarSaraDirtCrackedEx2"/>
        <BlendTextures value="MarSaraDarkSandEx2"/>
        <BlendTextures value="MarSaraBlackenedRockEx2"/>
        <BlendTextures value="MarSaraConcreteEx2"/>
        <BlendTextures value="MarSaraPanelsEx2"/>
        <HardTiles value="MarSaraTile"/>
        <CliffSets value="MarSaraEx2Cliff0"/>
        <CliffSets value="MarSaraEx2Cliff1"/>
        <FixedSkyboxModel value="MarSaraSkyBox"/>
        <FogEnabled value="1"/>
        <FogColor value="255,92,89,78"/>
        <FogDensity value="0.100000"/>
        <FogFalloff value="0.250000"/>
        <FogStartingHeight value="-0.900000"/>
        <HeightMapEnabled value="1"/>
    </CTerrain>
    <CTerrain id="BraxisAlphaEx1">
        <EditorHidden value="1"/>
    </CTerrain>
    <CTerrain id="BraxisAlphaEx2">
        <EditorCategories value="Climate:SpacePlatform"/>
        <LoadingScreen value="Assets\Textures\loading-braxisalpha.dds"/>
        <TextureProp value="braxisalpha"/>
        <Camera value="SpacePlatform"/>
        <Ambience value="Ambience_BraxisAlpha"/>
        <ReverbAmbient value="BetaVerb"/>
        <HideLowestLevel value="1"/>
        <MinimapBackgroundColor value="255,0,0,32"/>
        <BlendTextures value="BraxisAlphaMetalEx2"/>
        <BlendTextures value="BraxisAlphaMetalDetailEx2"/>
        <BlendTextures value="BraxisAlphaPlatesEx2"/>
        <BlendTextures value="BraxisAlphaDarkPlatesEx2"/>
        <BlendTextures value="BraxisAlphaWreckedPlatesEx2"/>
        <BlendTextures value="BraxisAlphaMeshEx2"/>
        <BlendTextures value="BraxisAlphaRustEx2"/>
        <BlendTextures value="BraxisAlphaRockEx2"/>
        <CliffSets value="BraxisAlphaEx1Cliff0"/>
        <CliffSets value="BraxisAlphaEx1Cliff1"/>
        <FixedSkyboxModel value="BraxisAlphaSkyBox"/>
        <NonFixedSkyboxModel value="BraxisAlphaSkyParallax"/>
        <FogColor value="255,51,45,40"/>
        <FogDensity value="0.050000"/>
        <FogFalloff value="0.150000"/>
        <FogStartingHeight value="-5.000000"/>
        <HeightMapEnabled value="1"/>
    </CTerrain>
    <CTerrain id="CharEx1">
        <EditorHidden value="1"/>
    </CTerrain>
    <CTerrain id="CharEx2">
        <EditorCategories value="Climate:Volcanic"/>
        <LoadingScreen value="Assets\Textures\loading-char.dds"/>
        <TextureProp value="char"/>
        <Ambience value="Ambience_Char"/>
        <ReverbAmbient value="BetaVerb"/>
        <BlendTextures value="CharDirtLightEx2"/>
        <BlendTextures value="CharDirtEx2"/>
        <BlendTextures value="CharDirtCrackedEx2"/>
        <BlendTextures value="CharSpongeEx2"/>
        <BlendTextures value="CharMudEx2"/>
        <BlendTextures value="CharRockEx2"/>
        <BlendTextures value="CharRedCracksEx2"/>
        <BlendTextures value="CharLavaCracksEx2"/>
        <HardTiles value="MarSaraTile"/>
        <CliffSets value="CharEx1Cliff0"/>
        <CliffSets value="CharEx1Cliff1"/>
        <FogEnabled value="1"/>
        <FogColor value="255,255,54,54"/>
        <FogDensity value="0.160000"/>
        <FogFalloff value="0.350000"/>
        <FogStartingHeight value="-0.900000"/>
        <HeightMapEnabled value="1"/>
    </CTerrain>
    <CTerrain id="CharEx2_Fortress">
        <EditorCategories value="Climate:Volcanic"/>
        <LoadingScreen value="Assets\Textures\loading-char.dds"/>
        <TextureProp value="char"/>
        <Ambience value="Ambience_Char"/>
        <ReverbAmbient value="BetaVerb"/>
        <BlendTextures value="CharDirtLightEx2"/>
        <BlendTextures value="CharDirtEx2"/>
        <BlendTextures value="CharDirtCrackedEx2"/>
        <BlendTextures value="CharSpongeEx2"/>
        <BlendTextures value="CharMudEx2"/>
        <BlendTextures value="CharRockEx2"/>
        <BlendTextures value="CharRedCracksEx2"/>
        <BlendTextures value="CharLavaCracksEx2"/>
        <HardTiles value="MarSaraTile"/>
        <CliffSets value="CharEx1Cliff0"/>
        <CliffSets value="CharEx1Cliff1"/>
        <FogEnabled value="1"/>
        <FogColor value="255,255,54,54"/>
        <FogDensity value="0.160000"/>
        <FogFalloff value="0.350000"/>
        <FogStartingHeight value="-0.900000"/>
    </CTerrain>
    <CTerrain id="IceWorld">
        <EditorHidden value="1"/>
    </CTerrain>
    <CTerrain id="IceWorldEx2">
        <EditorCategories value="Climate:Ice"/>
        <Lighting value="IceWorld"/>
        <LoadingScreen value="Assets\Textures\UI_HotS_Loading_PlanetViewKaldir.dds"/>
        <TextureProp value="iceworld"/>
        <Ambience value="Ambience_IceWorld"/>
        <ReverbAmbient value="BetaVerb"/>
        <BlendTextures value="IceWorldEx2_1"/>
        <BlendTextures value="IceWorldEx2_2"/>
        <BlendTextures value="IceWorldEx2_3"/>
        <BlendTextures value="IceWorldEx2_4"/>
        <BlendTextures value="IceWorldEx2_5"/>
        <BlendTextures value="IceWorldEx2_6"/>
        <BlendTextures value="IceWorldEx2_7"/>
        <BlendTextures value="IceWorldEx2_8"/>
        <HardTiles value="MarSaraTile"/>
        <CliffSets value="IceWorldCliff0"/>
        <CliffSets value="IceWorldCliff1"/>
        <FogEnabled value="1"/>
        <FogColor value="255,121,214,244"/>
        <FogDensity value="0.100000"/>
        <FogFalloff value="0.200000"/>
        <FogStartingHeight value="-2.000000"/>
    </CTerrain>
    <CTerrain id="IceWorldEx2_Fortress">
        <EditorCategories value="Climate:Ice"/>
        <Lighting value="IceWorld"/>
        <LoadingScreen value="Assets\Textures\UI_HotS_Loading_PlanetViewKaldir.dds"/>
        <TextureProp value="iceworld"/>
        <Ambience value="Ambience_IceWorld"/>
        <ReverbAmbient value="BetaVerb"/>
        <BlendTextures value="IceWorldEx2_1"/>
        <BlendTextures value="IceWorldEx2_2"/>
        <BlendTextures value="IceWorldEx2_3"/>
        <BlendTextures value="IceWorldEx2_4"/>
        <BlendTextures value="IceWorldEx2_5"/>
        <BlendTextures value="IceWorldEx2_6"/>
        <BlendTextures value="IceWorldEx2_7"/>
        <BlendTextures value="IceWorldEx2_8"/>
        <HardTiles value="MarSaraTile"/>
        <CliffSets value="IceWorldCliff0"/>
        <CliffSets value="IceWorldCliff1"/>
        <FogEnabled value="1"/>
        <FogColor value="255,121,214,244"/>
        <FogDensity value="0.100000"/>
        <FogFalloff value="0.200000"/>
        <FogStartingHeight value="-2.000000"/>
    </CTerrain>
    <CTerrain id="Castanar"/>
    <CTerrain id="CastanarEx2">
        <EditorCategories value="Climate:Installation"/>
        <LoadingScreen value="Assets\Textures\loading-castanar.dds"/>
        <Camera value="Installation"/>
        <Ambience value="Ambience_Castanar"/>
        <ReverbAmbient value="BetaVerb"/>
        <HideLowestLevel value="1"/>
        <MinimapBackgroundColor value="255,0,0,32"/>
        <BlendTextures value="CastanarPanelsEx2"/>
        <BlendTextures value="CastanarTilesEx2"/>
        <BlendTextures value="CastanarSmallTilesEx2"/>
        <BlendTextures value="CastanarGridEx2"/>
        <BlendTextures value="CastanarRockEx2"/>
        <BlendTextures value="CastanarMetalEx2"/>
        <BlendTextures value="CastanarMeshEx2"/>
        <BlendTextures value="CastanarGratingEx2"/>
        <HardTiles value="MarSaraTile"/>
        <CliffSets value="CastanarCliff0"/>
        <CliffSets value="CastanarCliff1"/>
        <FixedSkyboxModel value="CastanarSkybox"/>
        <FogEnabled value="1"/>
        <FogColor value="255,45,68,86"/>
        <FogDensity value="0.060000"/>
        <FogFalloff value="0.200000"/>
        <FogStartingHeight value="-0.900000"/>
    </CTerrain>
    <CTerrain id="TarsonisCity">
        <EditorCategories value="Climate:Urban"/>
        <LoadingScreen value="Assets\Textures\loading-tarsonis.dds"/>
        <TextureProp value="tarsonis"/>
        <Ambience value="Ambience_Tarsonis"/>
        <ReverbAmbient value="BetaVerb"/>
        <BlendTextures value="TarsonisCity1"/>
        <BlendTextures value="TarsonisCity2"/>
        <BlendTextures value="TarsonisCity3"/>
        <BlendTextures value="TarsonisCity4"/>
        <BlendTextures value="TarsonisCity5"/>
        <BlendTextures value="TarsonisCity6"/>
        <BlendTextures value="TarsonisCity7"/>
        <BlendTextures value="TarsonisCity8"/>
        <HardTiles value="TarsonisRail"/>
        <CliffSets value="TarsonisCityCliff0"/>
        <CliffSets value="TarsonisCityCliff1"/>
        <FogEnabled value="1"/>
        <FogColor value="255,3,65,114"/>
        <FogDensity value="0.050000"/>
        <FogFalloff value="0.150000"/>
        <FogStartingHeight value="-0.900000"/>
    </CTerrain>
    <CTerrain id="TarsonisInterior">
        <EditorCategories value="Climate:Urban"/>
        <LoadingScreen value="Assets\Textures\loading-tarsonis.dds"/>
        <TextureProp value="tarsonis"/>
        <Ambience value="Ambience_Tarsonis"/>
        <ReverbAmbient value="BetaVerb"/>
        <BlendTextures value="TarsonisInterior1"/>
        <BlendTextures value="TarsonisInterior2"/>
        <BlendTextures value="TarsonisInterior3"/>
        <BlendTextures value="TarsonisInterior4"/>
        <BlendTextures value="TarsonisInterior5"/>
        <BlendTextures value="TarsonisInterior6"/>
        <BlendTextures value="TarsonisInterior7"/>
        <BlendTextures value="TarsonisInterior8"/>
        <HardTiles value="TarsonisRail"/>
        <CliffSets value="TarsonisEx1Cliff0"/>
        <CliffSets value="TarsonisEx1Cliff1"/>
        <FogEnabled value="1"/>
        <FogColor value="255,3,65,114"/>
        <FogDensity value="0.050000"/>
        <FogFalloff value="0.150000"/>
        <FogStartingHeight value="-0.900000"/>
    </CTerrain>
    <CTerrain id="BlackopsLab_A">
        <EditorCategories value="Climate:InteriorInstallation"/>
        <Ambience value="Ambience_Ulaan"/>
        <ReverbAmbient value="BetaVerb"/>
        <HideLowestLevel value="1"/>
        <MinimapBackgroundColor value="255,0,0,32"/>
        <BlendTextures value="BlackOpsLabA1"/>
        <BlendTextures value="BlackOpsLabA2"/>
        <BlendTextures value="BlackOpsLabA3"/>
        <BlendTextures value="BlackOpsLabA4"/>
        <BlendTextures value="BlackOpsLabA5"/>
        <BlendTextures value="BlackOpsLabA6"/>
        <BlendTextures value="BlackOpsLabA7"/>
        <BlendTextures value="BlackOpsLabA8"/>
        <HardTiles value="MarSaraTile"/>
        <CliffSets value="BlackopsLabCliff0"/>
        <FogColor value="255,45,68,86"/>
        <FogDensity value="0.060000"/>
        <FogFalloff value="0.200000"/>
        <FogStartingHeight value="-0.900000"/>
    </CTerrain>
    <CTerrain id="BlackopsLab_B">
        <EditorCategories value="Climate:InteriorInstallation"/>
        <Ambience value="Ambience_Ulaan"/>
        <ReverbAmbient value="BetaVerb"/>
        <MinimapBackgroundColor value="255,0,0,32"/>
        <BlendTextures value="BlackOpsLabB1"/>
        <BlendTextures value="BlackOpsLabB2"/>
        <BlendTextures value="BlackOpsLabB3"/>
        <BlendTextures value="BlackOpsLabB4"/>
        <BlendTextures value="BlackOpsLabB5"/>
        <BlendTextures value="BlackOpsLabB6"/>
        <BlendTextures value="BlackOpsLabB7"/>
        <BlendTextures value="BlackOpsLabB8"/>
        <HardTiles value="MarSaraTile"/>
        <CliffSets value="BlackopsLabCliff0"/>
        <FogColor value="255,45,68,86"/>
        <FogDensity value="0.060000"/>
        <FogFalloff value="0.200000"/>
        <FogStartingHeight value="-0.900000"/>
    </CTerrain>
    <CTerrain id="SnowRefinery">
        <EditorCategories value="Climate:Ice"/>
        <LoadingScreen value="Assets\Textures\UI_HotS_Loading_PlanetViewKaldir.dds"/>
        <Ambience value="Ambience_IceWorld"/>
        <ReverbAmbient value="BetaVerb"/>
        <MinimapBackgroundColor value="255,0,0,32"/>
        <BlendTextures value="SnowRefinery1"/>
        <BlendTextures value="SnowRefinery2"/>
        <BlendTextures value="SnowRefinery3"/>
        <BlendTextures value="SnowRefinery4"/>
        <BlendTextures value="SnowRefinery5"/>
        <BlendTextures value="SnowRefinery6"/>
        <BlendTextures value="SnowRefinery7"/>
        <BlendTextures value="SnowRefinery8"/>
        <HardTiles value="MarSaraTile"/>
        <CliffSets value="SnowRefineryCliff1"/>
        <CliffSets value="SnowRefineryCliff0"/>
        <FogEnabled value="1"/>
        <FogColor value="255,121,214,244"/>
        <FogDensity value="0.100000"/>
        <FogFalloff value="0.200000"/>
        <FogStartingHeight value="-2.000000"/>
    </CTerrain>
</Catalog>
