<?xml version="1.0" encoding="us-ascii"?>
<Catalog>
    <CTurret id="Cyclone" parent="FreeRotate">
        <Idle value="FollowMovement"/>
        <YawIdleRate value="360"/>
        <Fidget>
            <ChanceArray index="Turn" value="0"/>
        </Fidget>
    </CTurret>
    <CTurret id="CycloneWeaponTurret" parent="FreeRotate">
        <Idle value="FollowMovement"/>
        <YawIdleRate value="360"/>
    </CTurret>
    <CTurret id="Lurker">
        <Fidget DelayMax="30" DelayMin="10"/>
        <Idle value="Hold"/>
        <YawArc value="360"/>
        <YawRate value="2799.8437"/>
    </CTurret>
    <CTurret id="Liberator" parent="FreeRotate">
        <Idle value="ResetIfMoving"/>
        <Fidget>
            <ChanceArray index="Anim" value="0"/>
            <ChanceArray index="Idle" value="100"/>
            <ChanceArray index="Turn" value="0"/>
        </Fidget>
    </CTurret>
    <CTurret id="LiberatorAG" parent="FreeRotate">
        <Idle value="ResetIfMoving"/>
        <Fidget>
            <ChanceArray index="Anim" value="0"/>
            <ChanceArray index="Idle" value="100"/>
            <ChanceArray index="Turn" value="0"/>
        </Fidget>
    </CTurret>
</Catalog>
