<?xml version="1.0" encoding="us-ascii"?>
<Catalog>
    <CUpgrade default="1" id="TerranVehicleAndShipWeapons">
        <Race value="Terr"/>
        <EditorCategories value="Race:Terran,UpgradeType:AttackBonus"/>
        <ScoreResult value="BuildOrder"/>
        <!--  Thor -->
        <EffectArray Reference="Weapon,ThorsHammer,Level" Value="1"/>
        <EffectArray Reference="Weapon,JavelinMissileLaunchers,Level" Value="1"/>
        <EffectArray Reference="Effect,ThorsHammerDamage,Amount" Value="3"/>
        <EffectArray Reference="Effect,JavelinMissileLaunchersDamage,Amount" Value="1.000000"/>
        <EffectArray Reference="Weapon,LanceMissileLaunchers,Level" Value="1"/>
        <EffectArray Reference="Effect,LanceMissileLaunchersDamage,Amount" Value="2"/>
        <!--  Siege Tank -->
        <EffectArray Reference="Weapon,90mmCannons,Level" Value="1"/>
        <EffectArray Reference="Effect,90mmCannons,Amount" Value="2"/>
        <!--  Siege Tank (Sieged) -->
        <EffectArray Reference="Weapon,CrucioShockCannon,Level" Value="1"/>
        <EffectArray Reference="Effect,CrucioShockCannonBlast,Amount" Value="3.000000"/>
        <EffectArray Reference="Effect,CrucioShockCannonDirected,Amount" Value="3.000000"/>
        <EffectArray Reference="Effect,CrucioShockCannonDummy,Amount" Value="3.000000"/>
        <EffectArray Reference="Effect,CrucioShockCannonBlast,AttributeBonus[Armored]" Value="2"/>
        <EffectArray Reference="Effect,CrucioShockCannonDirected,AttributeBonus[Armored]" Value="2"/>
        <EffectArray Reference="Effect,CrucioShockCannonDummy,AttributeBonus[Armored]" Value="2"/>
        <!--  Hellion -->
        <EffectArray Reference="Effect,InfernalFlameThrower,Amount" Value="1.000000"/>
        <EffectArray Reference="Weapon,InfernalFlameThrower,Level" Value="1"/>
        <EffectArray Reference="Effect,90mmCannons,AttributeBonus[Armored]" Value="1.000000"/>
        <EffectArray Reference="Effect,JavelinMissileLaunchersDamage,AttributeBonus[Light]" Value="1"/>
        <EffectArray Reference="Effect,InfernalFlameThrower,AttributeBonus[Light]" Value="1.000000"/>
        <!--  Banshee -->
        <EffectArray Reference="Weapon,BacklashRockets,Level" Value="1"/>
        <EffectArray Reference="Effect,BacklashRocketsU,Amount" Value="1"/>
        <!--  Battlecruiser (Anti Ground) -->
        <EffectArray Reference="Weapon,ATSLaserBattery,Level" Value="1"/>
        <EffectArray Reference="Effect,ATSLaserBatteryU,Amount" Value="1.000000"/>
        <!--  Battlecruiser (Anti Air) -->
        <EffectArray Reference="Weapon,ATALaserBattery,Level" Value="1"/>
        <EffectArray Reference="Effect,ATALaserBatteryU,Amount" Value="1.000000"/>
        <!--  Viking -->
        <EffectArray Reference="Weapon,LanzerTorpedoes,Level" Value="1"/>
        <EffectArray Reference="Weapon,TwinGatlingCannon,Level" Value="1"/>
        <EffectArray Reference="Effect,LanzerTorpedoesDamage,Amount" Value="1.000000"/>
        <EffectArray Reference="Effect,TwinGatlingCannons,Amount" Value="1"/>
        <!-- Widow mine -->
        <EffectArray Reference="Weapon,WidowMineDummy,Level" Value="1"/>
        <EffectArray Reference="Effect,MineDroneDirectDamage,Amount" Value="5"/>
        <EffectArray Reference="Effect,MineDroneExplodeDamage,Amount" Value="1"/>
        <!-- Hellion Tank -->
        <EffectArray Reference="Effect,HellionTankDamage,Amount" Value="1.000000"/>
        <EffectArray Reference="Weapon,HellionTank,Level" Value="1"/>
        <EffectArray Reference="Effect,HellionTankDamage,AttributeBonus[Light]" Value="1.000000"/>
        <AffectedUnitArray value="Hellion"/>
        <AffectedUnitArray value="SiegeTankSieged"/>
        <AffectedUnitArray value="SiegeTank"/>
        <AffectedUnitArray value="Thor"/>
        <AffectedUnitArray value="ThorAP"/>
        <AffectedUnitArray value="Banshee"/>
        <AffectedUnitArray value="Battlecruiser"/>
        <AffectedUnitArray value="VikingAssault"/>
        <AffectedUnitArray value="VikingFighter"/>
        <AffectedUnitArray value="HellionTank"/>
        <AffectedUnitArray value="WidowMine"/>
        <AffectedUnitArray value="WidowMineBurrowed"/>
        <ScoreCount value="WeaponTechnologyCount"/>
        <ScoreValue value="WeaponTechnologyValue"/>
        <Name value="Upgrade/Name/TerranVehicleAndShipWeapons"/>
        <WebPriority value="0"/>
        <LeaderAlias value="TechVehicleAndShipWeapons"/>
    </CUpgrade>
    <CUpgrade default="1" id="TerranVehicleAndShipArmors">
        <Race value="Terr"/>
        <EditorCategories value="Race:Terran,UpgradeType:ArmorBonus"/>
        <ScoreResult value="BuildOrder"/>
        <!--  Thor -->
        <EffectArray Reference="Unit,Thor,LifeArmorLevel" Value="1"/>
        <EffectArray Reference="Unit,Thor,LifeArmor" Value="1"/>
        <EffectArray Reference="Unit,ThorAP,LifeArmorLevel" Value="1"/>
        <EffectArray Reference="Unit,ThorAP,LifeArmor" Value="1"/>
        <!--  Siege Tank -->
        <EffectArray Reference="Unit,SiegeTank,LifeArmorLevel" Value="1"/>
        <EffectArray Reference="Unit,SiegeTank,LifeArmor" Value="1"/>
        <!--  Siege Tank (Sieged) -->
        <EffectArray Reference="Unit,SiegeTankSieged,LifeArmorLevel" Value="1"/>
        <EffectArray Reference="Unit,SiegeTankSieged,LifeArmor" Value="1"/>
        <!--  Hellion -->
        <EffectArray Reference="Unit,Hellion,LifeArmor" Value="1.000000"/>
        <EffectArray Reference="Unit,Hellion,LifeArmorLevel" Value="1"/>
        <!--  Banshee -->
        <EffectArray Reference="Unit,Banshee,LifeArmorLevel" Value="1"/>
        <EffectArray Reference="Unit,Banshee,LifeArmor" Value="1"/>
        <!--  Battlecruiser -->
        <EffectArray Reference="Unit,Battlecruiser,LifeArmorLevel" Value="1"/>
        <EffectArray Reference="Unit,Battlecruiser,LifeArmor" Value="1"/>
        <!--  Medivac -->
        <EffectArray Reference="Unit,Medivac,LifeArmorLevel" Value="1"/>
        <EffectArray Reference="Unit,Medivac,LifeArmor" Value="1"/>
        <!--  Raven -->
        <EffectArray Reference="Unit,Raven,LifeArmorLevel" Value="1"/>
        <EffectArray Reference="Unit,Raven,LifeArmor" Value="1"/>
        <!--  Viking -->
        <EffectArray Reference="Unit,VikingAssault,LifeArmor" Value="1.000000"/>
        <EffectArray Reference="Unit,VikingAssault,LifeArmorLevel" Value="1"/>
        <EffectArray Reference="Unit,VikingFighter,LifeArmor" Value="1.000000"/>
        <EffectArray Reference="Unit,VikingFighter,LifeArmorLevel" Value="1"/>
        <!-- Hellion Tank -->
        <EffectArray Reference="Unit,HellionTank,LifeArmor" Value="1"/>
        <EffectArray Reference="Unit,HellionTank,LifeArmorLevel" Value="1"/>
        <!-- Widow mine -->
        <EffectArray Reference="Unit,WidowMine,LifeArmor" Value="1"/>
        <EffectArray Reference="Unit,WidowMine,LifeArmorLevel" Value="1"/>
        <EffectArray Reference="Unit,WidowMineBurrowed,LifeArmor" Value="1"/>
        <EffectArray Reference="Unit,WidowMineBurrowed,LifeArmorLevel" Value="1"/>
        <AffectedUnitArray value="Hellion"/>
        <AffectedUnitArray value="SiegeTankSieged"/>
        <AffectedUnitArray value="SiegeTank"/>
        <AffectedUnitArray value="Thor"/>
        <AffectedUnitArray value="ThorAP"/>
        <AffectedUnitArray value="Banshee"/>
        <AffectedUnitArray value="Battlecruiser"/>
        <AffectedUnitArray value="Medivac"/>
        <AffectedUnitArray value="Raven"/>
        <AffectedUnitArray value="VikingAssault"/>
        <AffectedUnitArray value="VikingFighter"/>
        <AffectedUnitArray value="HellionTank"/>
        <AffectedUnitArray value="WidowMine"/>
        <AffectedUnitArray value="WidowMineBurrowed"/>
        <AffectedUnitArray value="Liberator"/>
        <AffectedUnitArray value="LiberatorAG"/>
        <ScoreCount value="ArmorTechnologyCount"/>
        <ScoreValue value="ArmorTechnologyValue"/>
        <Name value="Upgrade/Name/TerranVehicleAndShipArmors"/>
        <WebPriority value="0"/>
        <LeaderAlias value="TerranVehicleAndShipArmors"/>
    </CUpgrade>
    <CUpgrade id="ExtendedThermalLance">
        <EffectArray Reference="Weapon,ThermalLanceAir,Range" Value="3"/>
    </CUpgrade>
    <CUpgrade id="FlyingLocusts">
        <Icon value="Assets\Textures\btn-unit-zerg-locustflyer.dds"/>
        <EditorCategories value="Race:Zerg,UpgradeType:Talents"/>
    </CUpgrade>
    <CUpgrade id="HiSecAutoTracking">
        <EffectArray Reference="Effect,PointDefenseSearch,AreaArray[0].Radius" Value="1"/>
    </CUpgrade>
    <CUpgrade id="HighCapacityBarrels">
        <EffectArray index="1" removed="1"/>
        <AffectedUnitArray index="1" removed="1"/>
    </CUpgrade>
    <CUpgrade id="ImmortalRevive">
        <Alert value="ResearchComplete"/>
        <Race value="Prot"/>
        <Icon value="Assets\Textures\btn-techupgrade-terran-immortalityprotocol.dds"/>
        <EditorCategories value="Race:Protoss,UpgradeType:SpellResearch"/>
        <ScoreResult value="BuildOrder"/>
        <AffectedUnitArray value="Immortal"/>
        <ScoreAmount value="200"/>
    </CUpgrade>
    <CUpgrade id="TerranShipArmorsLevel1">
        <EffectArray Operation="Set" Reference="Actor,Liberator,LifeArmorIcon" Value="Assets\Textures\btn-upgrade-terran-shipplatinglevel1.dds"/>
        <EffectArray Reference="Unit,Liberator,LifeArmor" Value="1"/>
        <EffectArray Reference="Unit,Liberator,LifeArmorLevel" Value="1"/>
        <EffectArray Reference="Unit,LiberatorAG,LifeArmor" Value="1"/>
        <EffectArray Reference="Unit,LiberatorAG,LifeArmorLevel" Value="1"/>
    </CUpgrade>
    <CUpgrade id="TerranShipArmorsLevel2">
        <EffectArray Operation="Set" Reference="Actor,Liberator,LifeArmorIcon" Value="Assets\Textures\btn-upgrade-terran-shipplatinglevel2.dds"/>
        <EffectArray Reference="Unit,Liberator,LifeArmor" Value="1"/>
        <EffectArray Reference="Unit,Liberator,LifeArmorLevel" Value="1"/>
        <EffectArray Reference="Unit,LiberatorAG,LifeArmor" Value="1"/>
        <EffectArray Reference="Unit,LiberatorAG,LifeArmorLevel" Value="1"/>
    </CUpgrade>
    <CUpgrade id="TerranShipArmorsLevel3">
        <EffectArray Operation="Set" Reference="Actor,Liberator,LifeArmorIcon" Value="Assets\Textures\btn-upgrade-terran-shipplatinglevel3.dds"/>
        <EffectArray Reference="Unit,Liberator,LifeArmor" Value="1"/>
        <EffectArray Reference="Unit,Liberator,LifeArmorLevel" Value="1"/>
        <EffectArray Reference="Unit,LiberatorAG,LifeArmor" Value="1"/>
        <EffectArray Reference="Unit,LiberatorAG,LifeArmorLevel" Value="1"/>
    </CUpgrade>
    <CUpgrade id="TerranShipWeaponsLevel1">
        <EffectArray Reference="Effect,LiberatorMissileDamage,Amount" Value="1"/>
        <EffectArray Operation="Set" Reference="Weapon,LiberatorMissileLaunchers,Icon" Value="Assets\Textures\btn-upgrade-terran-shipweaponslevel1.dds"/>
        <EffectArray Reference="Weapon,LiberatorMissileLaunchers,Level" Value="1"/>
        <EffectArray Reference="Effect,LiberatorAGDamage,Amount" Value="5"/>
        <EffectArray Operation="Set" Reference="Weapon,LiberatorAGWeapon,Icon" Value="Assets\Textures\btn-upgrade-terran-shipweaponslevel1.dds"/>
        <EffectArray Reference="Weapon,LiberatorAGWeapon,Level" Value="1"/>
    </CUpgrade>
    <CUpgrade id="TerranShipWeaponsLevel2">
        <EffectArray Reference="Effect,LiberatorMissileDamage,Amount" Value="1"/>
        <EffectArray Operation="Set" Reference="Weapon,LiberatorMissileLaunchers,Icon" Value="Assets\Textures\btn-upgrade-terran-shipweaponslevel2.dds"/>
        <EffectArray Reference="Weapon,LiberatorMissileLaunchers,Level" Value="1"/>
        <EffectArray Reference="Effect,LiberatorAGDamage,Amount" Value="5"/>
        <EffectArray Operation="Set" Reference="Weapon,LiberatorAGWeapon,Icon" Value="Assets\Textures\btn-upgrade-terran-shipweaponslevel2.dds"/>
        <EffectArray Reference="Weapon,LiberatorAGWeapon,Level" Value="1"/>
    </CUpgrade>
    <CUpgrade id="TerranShipWeaponsLevel3">
        <EffectArray Reference="Effect,LiberatorMissileDamage,Amount" Value="1"/>
        <EffectArray Operation="Set" Reference="Weapon,LiberatorMissileLaunchers,Icon" Value="Assets\Textures\btn-upgrade-terran-shipweaponslevel3.dds"/>
        <EffectArray Reference="Weapon,LiberatorMissileLaunchers,Level" Value="1"/>
        <EffectArray Reference="Effect,LiberatorAGDamage,Amount" Value="5"/>
        <EffectArray Operation="Set" Reference="Weapon,LiberatorAGWeapon,Icon" Value="Assets\Textures\btn-upgrade-terran-shipweaponslevel3.dds"/>
        <EffectArray Reference="Weapon,LiberatorAGWeapon,Level" Value="1"/>
    </CUpgrade>
    <CUpgrade id="TerranVehicleAndShipWeaponsLevel1" parent="TerranVehicleAndShipWeapons">
        <Icon value="Assets\Textures\btn-upgrade-terran-vehicleweaponslevel1.dds"/>
        <ScoreAmount value="200"/>
        <EffectArray index="33" Reference="Effect,HellionTankDamage,Amount" Value="2"/>
        <EffectArray Operation="Set" Reference="Weapon,JavelinMissileLaunchers,Icon" Value="Assets\Textures\btn-upgrade-terran-vehicleweaponslevel1.dds"/>
        <EffectArray Operation="Set" Reference="Weapon,ThorsHammer,Icon" Value="Assets\Textures\btn-upgrade-terran-vehicleweaponslevel1.dds"/>
        <EffectArray Operation="Set" Reference="Weapon,90mmCannons,Icon" Value="Assets\Textures\btn-upgrade-terran-vehicleweaponslevel1.dds"/>
        <EffectArray Operation="Set" Reference="Weapon,CrucioShockCannon,Icon" Value="Assets\Textures\btn-upgrade-terran-vehicleweaponslevel1.dds"/>
        <EffectArray Operation="Set" Reference="Weapon,InfernalFlameThrower,Icon" Value="Assets\Textures\btn-upgrade-terran-vehicleweaponslevel1.dds"/>
        <EffectArray Operation="Set" Reference="Weapon,LanceMissileLaunchers,Icon" Value="Assets\Textures\btn-upgrade-terran-vehicleweaponslevel1.dds"/>
        <EffectArray Operation="Set" Reference="Weapon,WidowMineDummy,Icon" Value="Assets\Textures\btn-upgrade-terran-vehicleweaponslevel1.dds"/>
        <EffectArray Operation="Set" Reference="Weapon,HellionTank,Icon" Value="Assets\Textures\btn-upgrade-terran-vehicleweaponslevel1.dds"/>
        <EffectArray Operation="Set" Reference="Weapon,BacklashRockets,Icon" Value="Assets\Textures\btn-upgrade-terran-shipweaponslevel1.dds"/>
        <EffectArray Operation="Set" Reference="Weapon,ATALaserBattery,Icon" Value="Assets\Textures\btn-upgrade-terran-shipweaponslevel1.dds"/>
        <EffectArray Operation="Set" Reference="Weapon,ATSLaserBattery,Icon" Value="Assets\Textures\btn-upgrade-terran-shipweaponslevel1.dds"/>
        <EffectArray Operation="Set" Reference="Weapon,TwinGatlingCannon,Icon" Value="Assets\Textures\btn-upgrade-terran-shipweaponslevel1.dds"/>
        <EffectArray Operation="Set" Reference="Weapon,LanzerTorpedoes,Icon" Value="Assets\Textures\btn-upgrade-terran-shipweaponslevel1.dds"/>
        <EffectArray Reference="Effect,CycloneAttackWeaponDamage,Amount" Value="2"/>
        <EffectArray Operation="Set" Reference="Weapon,TyphoonMissilePod,Icon" Value="Assets\Textures\btn-upgrade-terran-vehicleweaponslevel1.dds"/>
        <EffectArray Reference="Weapon,TyphoonMissilePod,Level" Value="1"/>
        <EffectArray Reference="Effect,LiberatorMissileDamage,Amount" Value="1"/>
        <EffectArray Operation="Set" Reference="Weapon,LiberatorMissileLaunchers,Icon" Value="Assets\Textures\btn-upgrade-terran-shipweaponslevel1.dds"/>
        <EffectArray Reference="Weapon,LiberatorMissileLaunchers,Level" Value="1"/>
        <EffectArray Reference="Effect,LiberatorAGDamage,Amount" Value="5"/>
        <EffectArray Operation="Set" Reference="Weapon,LiberatorAGWeapon,Icon" Value="Assets\Textures\btn-upgrade-terran-shipweaponslevel1.dds"/>
        <EffectArray Reference="Weapon,LiberatorAGWeapon,Level" Value="1"/>
        <Name value="Upgrade/Name/TerranVehicleAndShipWeaponsLevel1"/>
        <LeaderLevel value="1"/>
    </CUpgrade>
    <CUpgrade id="TerranVehicleAndShipWeaponsLevel2" parent="TerranVehicleAndShipWeapons">
        <Icon value="Assets\Textures\btn-upgrade-terran-vehicleweaponslevel2.dds"/>
        <ScoreAmount value="350"/>
        <EffectArray index="33" Reference="Effect,HellionTankDamage,Amount" Value="2"/>
        <EffectArray Operation="Set" Reference="Weapon,JavelinMissileLaunchers,Icon" Value="Assets\Textures\btn-upgrade-terran-vehicleweaponslevel2.dds"/>
        <EffectArray Operation="Set" Reference="Weapon,ThorsHammer,Icon" Value="Assets\Textures\btn-upgrade-terran-vehicleweaponslevel2.dds"/>
        <EffectArray Operation="Set" Reference="Weapon,90mmCannons,Icon" Value="Assets\Textures\btn-upgrade-terran-vehicleweaponslevel2.dds"/>
        <EffectArray Operation="Set" Reference="Weapon,CrucioShockCannon,Icon" Value="Assets\Textures\btn-upgrade-terran-vehicleweaponslevel2.dds"/>
        <EffectArray Operation="Set" Reference="Weapon,InfernalFlameThrower,Icon" Value="Assets\Textures\btn-upgrade-terran-vehicleweaponslevel2.dds"/>
        <EffectArray Operation="Set" Reference="Weapon,LanceMissileLaunchers,Icon" Value="Assets\Textures\btn-upgrade-terran-vehicleweaponslevel2.dds"/>
        <EffectArray Operation="Set" Reference="Weapon,WidowMineDummy,Icon" Value="Assets\Textures\btn-upgrade-terran-vehicleweaponslevel2.dds"/>
        <EffectArray Operation="Set" Reference="Weapon,HellionTank,Icon" Value="Assets\Textures\btn-upgrade-terran-vehicleweaponslevel2.dds"/>
        <EffectArray Operation="Set" Reference="Weapon,BacklashRockets,Icon" Value="Assets\Textures\btn-upgrade-terran-shipweaponslevel2.dds"/>
        <EffectArray Operation="Set" Reference="Weapon,ATALaserBattery,Icon" Value="Assets\Textures\btn-upgrade-terran-shipweaponslevel2.dds"/>
        <EffectArray Operation="Set" Reference="Weapon,ATSLaserBattery,Icon" Value="Assets\Textures\btn-upgrade-terran-shipweaponslevel2.dds"/>
        <EffectArray Operation="Set" Reference="Weapon,TwinGatlingCannon,Icon" Value="Assets\Textures\btn-upgrade-terran-shipweaponslevel2.dds"/>
        <EffectArray Operation="Set" Reference="Weapon,LanzerTorpedoes,Icon" Value="Assets\Textures\btn-upgrade-terran-shipweaponslevel2.dds"/>
        <EffectArray Reference="Effect,CycloneAttackWeaponDamage,Amount" Value="2"/>
        <EffectArray Operation="Set" Reference="Weapon,TyphoonMissilePod,Icon" Value="Assets\Textures\btn-upgrade-terran-vehicleweaponslevel2.dds"/>
        <EffectArray Reference="Weapon,TyphoonMissilePod,Level" Value="1"/>
        <EffectArray Reference="Effect,LiberatorMissileDamage,Amount" Value="1"/>
        <EffectArray Operation="Set" Reference="Weapon,LiberatorMissileLaunchers,Icon" Value="Assets\Textures\btn-upgrade-terran-shipweaponslevel2.dds"/>
        <EffectArray Reference="Weapon,LiberatorMissileLaunchers,Level" Value="1"/>
        <EffectArray Reference="Effect,LiberatorAGDamage,Amount" Value="5"/>
        <EffectArray Operation="Set" Reference="Weapon,LiberatorAGWeapon,Icon" Value="Assets\Textures\btn-upgrade-terran-shipweaponslevel2.dds"/>
        <EffectArray Reference="Weapon,LiberatorAGWeapon,Level" Value="1"/>
        <Name value="Upgrade/Name/TerranVehicleAndShipWeaponsLevel2"/>
        <LeaderLevel value="2"/>
    </CUpgrade>
    <CUpgrade id="TerranVehicleAndShipWeaponsLevel3" parent="TerranVehicleAndShipWeapons">
        <Icon value="Assets\Textures\btn-upgrade-terran-vehicleweaponslevel3.dds"/>
        <ScoreAmount value="500"/>
        <EffectArray index="33" Reference="Effect,HellionTankDamage,Amount" Value="2"/>
        <EffectArray Operation="Set" Reference="Weapon,JavelinMissileLaunchers,Icon" Value="Assets\Textures\btn-upgrade-terran-vehicleweaponslevel3.dds"/>
        <EffectArray Operation="Set" Reference="Weapon,ThorsHammer,Icon" Value="Assets\Textures\btn-upgrade-terran-vehicleweaponslevel3.dds"/>
        <EffectArray Operation="Set" Reference="Weapon,90mmCannons,Icon" Value="Assets\Textures\btn-upgrade-terran-vehicleweaponslevel3.dds"/>
        <EffectArray Operation="Set" Reference="Weapon,CrucioShockCannon,Icon" Value="Assets\Textures\btn-upgrade-terran-vehicleweaponslevel3.dds"/>
        <EffectArray Operation="Set" Reference="Weapon,InfernalFlameThrower,Icon" Value="Assets\Textures\btn-upgrade-terran-vehicleweaponslevel3.dds"/>
        <EffectArray Operation="Set" Reference="Weapon,LanceMissileLaunchers,Icon" Value="Assets\Textures\btn-upgrade-terran-vehicleweaponslevel3.dds"/>
        <EffectArray Operation="Set" Reference="Weapon,WidowMineDummy,Icon" Value="Assets\Textures\btn-upgrade-terran-vehicleweaponslevel3.dds"/>
        <EffectArray Operation="Set" Reference="Weapon,HellionTank,Icon" Value="Assets\Textures\btn-upgrade-terran-vehicleweaponslevel3.dds"/>
        <EffectArray Operation="Set" Reference="Weapon,BacklashRockets,Icon" Value="Assets\Textures\btn-upgrade-terran-shipweaponslevel3.dds"/>
        <EffectArray Operation="Set" Reference="Weapon,ATALaserBattery,Icon" Value="Assets\Textures\btn-upgrade-terran-shipweaponslevel3.dds"/>
        <EffectArray Operation="Set" Reference="Weapon,ATSLaserBattery,Icon" Value="Assets\Textures\btn-upgrade-terran-shipweaponslevel3.dds"/>
        <EffectArray Operation="Set" Reference="Weapon,TwinGatlingCannon,Icon" Value="Assets\Textures\btn-upgrade-terran-shipweaponslevel3.dds"/>
        <EffectArray Operation="Set" Reference="Weapon,LanzerTorpedoes,Icon" Value="Assets\Textures\btn-upgrade-terran-shipweaponslevel3.dds"/>
        <EffectArray Reference="Effect,CycloneAttackWeaponDamage,Amount" Value="2"/>
        <EffectArray Operation="Set" Reference="Weapon,TyphoonMissilePod,Icon" Value="Assets\Textures\btn-upgrade-terran-vehicleweaponslevel3.dds"/>
        <EffectArray Reference="Weapon,TyphoonMissilePod,Level" Value="1"/>
        <EffectArray Reference="Effect,LiberatorMissileDamage,Amount" Value="1"/>
        <EffectArray Operation="Set" Reference="Weapon,LiberatorMissileLaunchers,Icon" Value="Assets\Textures\btn-upgrade-terran-shipweaponslevel3.dds"/>
        <EffectArray Reference="Weapon,LiberatorMissileLaunchers,Level" Value="1"/>
        <EffectArray Reference="Effect,LiberatorAGDamage,Amount" Value="5"/>
        <EffectArray Operation="Set" Reference="Weapon,LiberatorAGWeapon,Icon" Value="Assets\Textures\btn-upgrade-terran-shipweaponslevel3.dds"/>
        <EffectArray Reference="Weapon,LiberatorAGWeapon,Level" Value="1"/>
        <Name value="Upgrade/Name/TerranVehicleAndShipWeaponsLevel3"/>
        <LeaderLevel value="3"/>
    </CUpgrade>
    <CUpgrade id="TerranVehicleAndShipArmorsLevel1" parent="TerranVehicleAndShipArmors">
        <Icon value="Assets\Textures\btn-upgrade-terran-vehicleplatinglevel1.dds"/>
        <ScoreAmount value="200"/>
        <EffectArray Operation="Set" Reference="Actor,Thor,LifeArmorIcon" Value="Assets\Textures\btn-upgrade-terran-vehicleplatinglevel1.dds"/>
        <EffectArray Operation="Set" Reference="Actor,SiegeTank,LifeArmorIcon" Value="Assets\Textures\btn-upgrade-terran-vehicleplatinglevel1.dds"/>
        <EffectArray Operation="Set" Reference="Actor,SiegeTankSieged,LifeArmorIcon" Value="Assets\Textures\btn-upgrade-terran-vehicleplatinglevel1.dds"/>
        <EffectArray Operation="Set" Reference="Actor,Hellion,LifeArmorIcon" Value="Assets\Textures\btn-upgrade-terran-vehicleplatinglevel1.dds"/>
        <EffectArray Operation="Set" Reference="Actor,HellionTank,LifeArmorIcon" Value="Assets\Textures\btn-upgrade-terran-vehicleplatinglevel1.dds"/>
        <EffectArray Operation="Set" Reference="Actor,WidowMine,LifeArmorIcon" Value="Assets\Textures\btn-upgrade-terran-vehicleplatinglevel1.dds"/>
        <EffectArray Operation="Set" Reference="Actor,Banshee,LifeArmorIcon" Value="Assets\Textures\btn-upgrade-terran-shipplatinglevel1.dds"/>
        <EffectArray Operation="Set" Reference="Actor,Battlecruiser,LifeArmorIcon" Value="Assets\Textures\btn-upgrade-terran-shipplatinglevel1.dds"/>
        <EffectArray Operation="Set" Reference="Actor,Raven,LifeArmorIcon" Value="Assets\Textures\btn-upgrade-terran-shipplatinglevel1.dds"/>
        <EffectArray Operation="Set" Reference="Actor,Medivac,LifeArmorIcon" Value="Assets\Textures\btn-upgrade-terran-shipplatinglevel1.dds"/>
        <EffectArray Operation="Set" Reference="Actor,VikingAssault,LifeArmorIcon" Value="Assets\Textures\btn-upgrade-terran-shipplatinglevel1.dds"/>
        <EffectArray Operation="Set" Reference="Actor,VikingFighter,LifeArmorIcon" Value="Assets\Textures\btn-upgrade-terran-shipplatinglevel1.dds"/>
        <EffectArray Operation="Set" Reference="Actor,Cyclone,LifeArmorIcon" Value="Assets\Textures\btn-upgrade-terran-vehicleplatinglevel1.dds"/>
        <EffectArray Reference="Unit,Cyclone,LifeArmor" Value="1"/>
        <EffectArray Reference="Unit,Cyclone,LifeArmorLevel" Value="1"/>
        <EffectArray Operation="Set" Reference="Actor,Liberator,LifeArmorIcon" Value="Assets\Textures\btn-upgrade-terran-shipplatinglevel1.dds"/>
        <EffectArray Operation="Set" Reference="Actor,LiberatorAG,LifeArmorIcon" Value="Assets\Textures\btn-upgrade-terran-shipplatinglevel1.dds"/>
        <EffectArray Reference="Unit,Liberator,LifeArmor" Value="1"/>
        <EffectArray Reference="Unit,Liberator,LifeArmorLevel" Value="1"/>
        <EffectArray Reference="Unit,LiberatorAG,LifeArmor" Value="1"/>
        <EffectArray Reference="Unit,LiberatorAG,LifeArmorLevel" Value="1"/>
        <Name value="Upgrade/Name/TerranVehicleAndShipArmorsLevel1"/>
        <LeaderLevel value="1"/>
    </CUpgrade>
    <CUpgrade id="TerranVehicleAndShipArmorsLevel2" parent="TerranVehicleAndShipArmors">
        <Icon value="Assets\Textures\btn-upgrade-terran-vehicleplatinglevel2.dds"/>
        <ScoreAmount value="350"/>
        <EffectArray Operation="Set" Reference="Actor,Thor,LifeArmorIcon" Value="Assets\Textures\btn-upgrade-terran-vehicleplatinglevel2.dds"/>
        <EffectArray Operation="Set" Reference="Actor,SiegeTank,LifeArmorIcon" Value="Assets\Textures\btn-upgrade-terran-vehicleplatinglevel2.dds"/>
        <EffectArray Operation="Set" Reference="Actor,SiegeTankSieged,LifeArmorIcon" Value="Assets\Textures\btn-upgrade-terran-vehicleplatinglevel2.dds"/>
        <EffectArray Operation="Set" Reference="Actor,Hellion,LifeArmorIcon" Value="Assets\Textures\btn-upgrade-terran-vehicleplatinglevel2.dds"/>
        <EffectArray Operation="Set" Reference="Actor,HellionTank,LifeArmorIcon" Value="Assets\Textures\btn-upgrade-terran-vehicleplatinglevel2.dds"/>
        <EffectArray Operation="Set" Reference="Actor,WidowMine,LifeArmorIcon" Value="Assets\Textures\btn-upgrade-terran-vehicleplatinglevel2.dds"/>
        <EffectArray Operation="Set" Reference="Actor,Banshee,LifeArmorIcon" Value="Assets\Textures\btn-upgrade-terran-shipplatinglevel2.dds"/>
        <EffectArray Operation="Set" Reference="Actor,Battlecruiser,LifeArmorIcon" Value="Assets\Textures\btn-upgrade-terran-shipplatinglevel2.dds"/>
        <EffectArray Operation="Set" Reference="Actor,Raven,LifeArmorIcon" Value="Assets\Textures\btn-upgrade-terran-shipplatinglevel2.dds"/>
        <EffectArray Operation="Set" Reference="Actor,Medivac,LifeArmorIcon" Value="Assets\Textures\btn-upgrade-terran-shipplatinglevel2.dds"/>
        <EffectArray Operation="Set" Reference="Actor,VikingAssault,LifeArmorIcon" Value="Assets\Textures\btn-upgrade-terran-shipplatinglevel2.dds"/>
        <EffectArray Operation="Set" Reference="Actor,VikingFighter,LifeArmorIcon" Value="Assets\Textures\btn-upgrade-terran-shipplatinglevel2.dds"/>
        <EffectArray Operation="Set" Reference="Actor,Cyclone,LifeArmorIcon" Value="Assets\Textures\btn-upgrade-terran-vehicleplatinglevel2.dds"/>
        <EffectArray Reference="Unit,Cyclone,LifeArmor" Value="1"/>
        <EffectArray Reference="Unit,Cyclone,LifeArmorLevel" Value="1"/>
        <EffectArray Operation="Set" Reference="Actor,Liberator,LifeArmorIcon" Value="Assets\Textures\btn-upgrade-terran-shipplatinglevel2.dds"/>
        <EffectArray Operation="Set" Reference="Actor,LiberatorAG,LifeArmorIcon" Value="Assets\Textures\btn-upgrade-terran-shipplatinglevel2.dds"/>
        <EffectArray Reference="Unit,Liberator,LifeArmor" Value="1"/>
        <EffectArray Reference="Unit,Liberator,LifeArmorLevel" Value="1"/>
        <EffectArray Reference="Unit,LiberatorAG,LifeArmor" Value="1"/>
        <EffectArray Reference="Unit,LiberatorAG,LifeArmorLevel" Value="1"/>
        <Name value="Upgrade/Name/TerranVehicleAndShipArmorsLevel2"/>
        <LeaderLevel value="2"/>
    </CUpgrade>
    <CUpgrade id="TerranVehicleAndShipArmorsLevel3" parent="TerranVehicleAndShipArmors">
        <Icon value="Assets\Textures\btn-upgrade-terran-vehicleplatinglevel3.dds"/>
        <ScoreAmount value="500"/>
        <EffectArray Operation="Set" Reference="Actor,Thor,LifeArmorIcon" Value="Assets\Textures\btn-upgrade-terran-vehicleplatinglevel3.dds"/>
        <EffectArray Operation="Set" Reference="Actor,SiegeTank,LifeArmorIcon" Value="Assets\Textures\btn-upgrade-terran-vehicleplatinglevel3.dds"/>
        <EffectArray Operation="Set" Reference="Actor,SiegeTankSieged,LifeArmorIcon" Value="Assets\Textures\btn-upgrade-terran-vehicleplatinglevel3.dds"/>
        <EffectArray Operation="Set" Reference="Actor,Hellion,LifeArmorIcon" Value="Assets\Textures\btn-upgrade-terran-vehicleplatinglevel3.dds"/>
        <EffectArray Operation="Set" Reference="Actor,HellionTank,LifeArmorIcon" Value="Assets\Textures\btn-upgrade-terran-vehicleplatinglevel3.dds"/>
        <EffectArray Operation="Set" Reference="Actor,WidowMine,LifeArmorIcon" Value="Assets\Textures\btn-upgrade-terran-vehicleplatinglevel3.dds"/>
        <EffectArray Operation="Set" Reference="Actor,Banshee,LifeArmorIcon" Value="Assets\Textures\btn-upgrade-terran-shipplatinglevel3.dds"/>
        <EffectArray Operation="Set" Reference="Actor,Battlecruiser,LifeArmorIcon" Value="Assets\Textures\btn-upgrade-terran-shipplatinglevel3.dds"/>
        <EffectArray Operation="Set" Reference="Actor,Raven,LifeArmorIcon" Value="Assets\Textures\btn-upgrade-terran-shipplatinglevel3.dds"/>
        <EffectArray Operation="Set" Reference="Actor,Medivac,LifeArmorIcon" Value="Assets\Textures\btn-upgrade-terran-shipplatinglevel3.dds"/>
        <EffectArray Operation="Set" Reference="Actor,VikingAssault,LifeArmorIcon" Value="Assets\Textures\btn-upgrade-terran-shipplatinglevel3.dds"/>
        <EffectArray Operation="Set" Reference="Actor,VikingFighter,LifeArmorIcon" Value="Assets\Textures\btn-upgrade-terran-shipplatinglevel3.dds"/>
        <EffectArray Operation="Set" Reference="Actor,Cyclone,LifeArmorIcon" Value="Assets\Textures\btn-upgrade-terran-vehicleplatinglevel3.dds"/>
        <EffectArray Reference="Unit,Cyclone,LifeArmor" Value="1"/>
        <EffectArray Reference="Unit,Cyclone,LifeArmorLevel" Value="1"/>
        <EffectArray Operation="Set" Reference="Actor,Liberator,LifeArmorIcon" Value="Assets\Textures\btn-upgrade-terran-shipplatinglevel3.dds"/>
        <EffectArray Operation="Set" Reference="Actor,LiberatorAG,LifeArmorIcon" Value="Assets\Textures\btn-upgrade-terran-shipplatinglevel3.dds"/>
        <EffectArray Reference="Unit,Liberator,LifeArmor" Value="1"/>
        <EffectArray Reference="Unit,Liberator,LifeArmorLevel" Value="1"/>
        <EffectArray Reference="Unit,LiberatorAG,LifeArmor" Value="1"/>
        <EffectArray Reference="Unit,LiberatorAG,LifeArmorLevel" Value="1"/>
        <Name value="Upgrade/Name/TerranVehicleAndShipArmorsLevel3"/>
        <LeaderLevel value="3"/>
    </CUpgrade>
    <CUpgrade id="TerranVehicleWeaponsLevel1">
        <EffectArray index="32" Reference="Effect,HellionTankDamage,Amount" Value="2"/>
        <EffectArray Reference="Weapon,LanceMissileLaunchers,Level" Value="1"/>
        <EffectArray Reference="Effect,LanceMissileLaunchersDamage,Amount" Value="2"/>
        <EffectArray Reference="Effect,CycloneAttackWeaponDamage,Amount" Value="2"/>
        <EffectArray Reference="Effect,CycloneAirWeaponDamage,Amount" Value="2"/>
        <EffectArray Operation="Set" Reference="Weapon,LanceMissileLaunchers,Icon" Value="Assets\Textures\btn-upgrade-terran-vehicleweaponslevel1.dds"/>
        <EffectArray Reference="Weapon,TyphoonMissilePod,Level" Value="1"/>
        <EffectArray Operation="Set" Reference="Weapon,TyphoonMissilePod,Icon" Value="Assets\Textures\btn-upgrade-terran-vehicleweaponslevel1.dds"/>
        <AffectedUnitArray value="ThorAP"/>
    </CUpgrade>
    <CUpgrade id="TerranVehicleWeaponsLevel2">
        <EffectArray index="32" Reference="Effect,HellionTankDamage,Amount" Value="2"/>
        <EffectArray Reference="Weapon,LanceMissileLaunchers,Level" Value="1"/>
        <EffectArray Reference="Effect,LanceMissileLaunchersDamage,Amount" Value="2"/>
        <EffectArray Reference="Effect,CycloneAttackWeaponDamage,Amount" Value="2"/>
        <EffectArray Reference="Effect,CycloneAirWeaponDamage,Amount" Value="2"/>
        <EffectArray Operation="Set" Reference="Weapon,LanceMissileLaunchers,Icon" Value="Assets\Textures\btn-upgrade-terran-vehicleweaponslevel2.dds"/>
        <EffectArray Reference="Weapon,TyphoonMissilePod,Level" Value="1"/>
        <EffectArray Operation="Set" Reference="Weapon,TyphoonMissilePod,Icon" Value="Assets\Textures\btn-upgrade-terran-vehicleweaponslevel2.dds"/>
        <AffectedUnitArray value="ThorAP"/>
    </CUpgrade>
    <CUpgrade id="TerranVehicleWeaponsLevel3">
        <EffectArray index="32" Reference="Effect,HellionTankDamage,Amount" Value="2"/>
        <EffectArray Reference="Weapon,LanceMissileLaunchers,Level" Value="1"/>
        <EffectArray Reference="Effect,LanceMissileLaunchersDamage,Amount" Value="2"/>
        <EffectArray Reference="Effect,CycloneAttackWeaponDamage,Amount" Value="2"/>
        <EffectArray Reference="Effect,CycloneAirWeaponDamage,Amount" Value="2"/>
        <EffectArray Operation="Set" Reference="Weapon,LanceMissileLaunchers,Icon" Value="Assets\Textures\btn-upgrade-terran-vehicleweaponslevel3.dds"/>
        <EffectArray Reference="Weapon,TyphoonMissilePod,Level" Value="1"/>
        <EffectArray Operation="Set" Reference="Weapon,TyphoonMissilePod,Icon" Value="Assets\Textures\btn-upgrade-terran-vehicleweaponslevel3.dds"/>
        <AffectedUnitArray value="ThorAP"/>
    </CUpgrade>
    <CUpgrade id="TerranVehicleArmorsLevel1">
        <AffectedUnitArray value="ThorAP"/>
        <EffectArray Reference="Unit,ThorAP,LifeArmorLevel" Value="1"/>
        <EffectArray Reference="Unit,ThorAP,LifeArmor" Value="1"/>
        <EffectArray Operation="Set" Reference="Actor,Cyclone,LifeArmorIcon" Value="Assets\Textures\btn-upgrade-terran-vehicleplatinglevel1.dds"/>
        <EffectArray Reference="Unit,Cyclone,LifeArmor" Value="1"/>
        <EffectArray Reference="Unit,Cyclone,LifeArmorLevel" Value="1"/>
    </CUpgrade>
    <CUpgrade id="TerranVehicleArmorsLevel2">
        <AffectedUnitArray value="ThorAP"/>
        <EffectArray Reference="Unit,ThorAP,LifeArmorLevel" Value="1"/>
        <EffectArray Reference="Unit,ThorAP,LifeArmor" Value="1"/>
        <EffectArray Operation="Set" Reference="Actor,Cyclone,LifeArmorIcon" Value="Assets\Textures\btn-upgrade-terran-vehicleplatinglevel2.dds"/>
        <EffectArray Reference="Unit,Cyclone,LifeArmor" Value="1"/>
        <EffectArray Reference="Unit,Cyclone,LifeArmorLevel" Value="1"/>
    </CUpgrade>
    <CUpgrade id="TerranVehicleArmorsLevel3">
        <AffectedUnitArray value="ThorAP"/>
        <EffectArray Reference="Unit,ThorAP,LifeArmorLevel" Value="1"/>
        <EffectArray Reference="Unit,ThorAP,LifeArmor" Value="1"/>
        <EffectArray Operation="Set" Reference="Actor,Cyclone,LifeArmorIcon" Value="Assets\Textures\btn-upgrade-terran-vehicleplatinglevel3.dds"/>
        <EffectArray Reference="Unit,Cyclone,LifeArmor" Value="1"/>
        <EffectArray Reference="Unit,Cyclone,LifeArmorLevel" Value="1"/>
    </CUpgrade>
    <CUpgrade id="AnionPulseCrystals">
        <EffectArray Reference="Weapon,IonCannons,Range" Value="2"/>
        <AffectedUnitArray value="Phoenix"/>
    </CUpgrade>
    <CUpgrade id="DrillClaws">
        <Flags index="TechTreeCheat" value="1"/>
        <Icon value="Assets\Textures\BTN-Upgrade-Terran-ResearchDrillingClaws.dds"/>
        <Alert value="ResearchComplete"/>
        <Race value="Terr"/>
        <ScoreAmount value="300"/>
        <ScoreResult value="BuildOrder"/>
        <EffectArray Operation="Subtract" Reference="Abil,WidowMineBurrow,InfoArray[0].SectionArray[Actor].DurationArray[Duration]" Value="2.000000"/>
        <!--EffectArray Operation="Subtract" Reference="Abil,WidowMineBurrow,InfoArray[0].SectionArray[Mover].DurationArray[Duration]" Value="2.000000"/-->
        <EffectArray Operation="Subtract" Reference="Abil,WidowMineBurrow,InfoArray[0].SectionArray[Stats].DurationArray[Delay]" Value="2.000000"/>
        <EditorCategories value="Race:Terran,UpgradeType:Talents"/>
        <AffectedUnitArray value="WidowMine"/>
        <AffectedUnitArray value="WidowMineBurrowed"/>
    </CUpgrade>
    <CUpgrade id="ProtossAirWeaponsLevel1">
        <EffectArray index="21" Operation="Set" Reference="Weapon,RepulsorCannon,Icon" Value="Assets\Textures\btn-upgrade-protoss-airweaponslevel1.dds"/>
        <EffectArray index="22" Reference="Weapon,RepulsorCannon,Level" Value="1"/>
        <EffectArray index="23" Reference="Effect,MothershipCoreRepulsorCannonDamage,Amount" Value="1"/>
        <EffectArray Operation="Set" Reference="Weapon,VoidRaySwarmDummy,Icon" Value="Assets\Textures\btn-upgrade-protoss-airweaponslevel1.dds"/>
        <EffectArray Reference="Weapon,VoidRaySwarmDummy,Level" Value="1"/>
        <EffectArray Reference="Effect,VoidRaySwarmDamage,Amount" Value="1"/>
        <EffectArray Reference="Effect,VoidRaySwarmEnhancedDamage,Amount" Value="1"/>
        <EffectArray Operation="Set" Reference="Weapon,TempestGround,Icon" Value="Assets\Textures\btn-upgrade-protoss-airweaponslevel1.dds"/>
        <EffectArray Reference="Weapon,TempestGround,Level" Value="1"/>
        <EffectArray Reference="Effect,TempestDamageGround,Amount" Value="3"/>
    </CUpgrade>
    <CUpgrade id="ProtossAirWeaponsLevel2">
        <EffectArray index="21" Operation="Set" Reference="Weapon,RepulsorCannon,Icon" Value="Assets\Textures\btn-upgrade-protoss-airweaponslevel2.dds"/>
        <EffectArray index="22" Reference="Weapon,RepulsorCannon,Level" Value="1"/>
        <EffectArray index="23" Reference="Effect,MothershipCoreRepulsorCannonDamage,Amount" Value="1"/>
        <EffectArray Operation="Set" Reference="Weapon,VoidRaySwarmDummy,Icon" Value="Assets\Textures\btn-upgrade-protoss-airweaponslevel2.dds"/>
        <EffectArray Reference="Weapon,VoidRaySwarmDummy,Level" Value="1"/>
        <EffectArray Reference="Effect,VoidRaySwarmDamage,Amount" Value="1"/>
        <EffectArray Reference="Effect,VoidRaySwarmEnhancedDamage,Amount" Value="1"/>
        <EffectArray Operation="Set" Reference="Weapon,TempestGround,Icon" Value="Assets\Textures\btn-upgrade-protoss-airweaponslevel2.dds"/>
        <EffectArray Reference="Weapon,TempestGround,Level" Value="1"/>
        <EffectArray Reference="Effect,TempestDamageGround,Amount" Value="3"/>
    </CUpgrade>
    <CUpgrade id="ProtossAirWeaponsLevel3">
        <EffectArray index="21" Operation="Set" Reference="Weapon,RepulsorCannon,Icon" Value="Assets\Textures\btn-upgrade-protoss-airweaponslevel3.dds"/>
        <EffectArray index="22" Reference="Weapon,RepulsorCannon,Level" Value="1"/>
        <EffectArray index="23" Reference="Effect,MothershipCoreRepulsorCannonDamage,Amount" Value="1"/>
        <EffectArray Operation="Set" Reference="Weapon,VoidRaySwarmDummy,Icon" Value="Assets\Textures\btn-upgrade-protoss-airweaponslevel3.dds"/>
        <EffectArray Reference="Weapon,VoidRaySwarmDummy,Level" Value="1"/>
        <EffectArray Reference="Effect,VoidRaySwarmDamage,Amount" Value="1"/>
        <EffectArray Reference="Effect,VoidRaySwarmEnhancedDamage,Amount" Value="1"/>
        <EffectArray Operation="Set" Reference="Weapon,TempestGround,Icon" Value="Assets\Textures\btn-upgrade-protoss-airweaponslevel3.dds"/>
        <EffectArray Reference="Weapon,TempestGround,Level" Value="1"/>
        <EffectArray Reference="Effect,TempestDamageGround,Amount" Value="3"/>
    </CUpgrade>
    <CUpgrade id="TempestRangeUpgrade">
        <!--EffectArray index="0" Operation="Set" Reference="Effect,TempestDamage,AttributeBonus[Massive]" Value="30"/-->
    </CUpgrade>
    <CUpgrade id="TransformationServos">
        <AffectedUnitArray value="Hellion"/>
        <AffectedUnitArray value="HellionTank"/>
    </CUpgrade>
    <CUpgrade id="ZergMissileWeaponsLevel1">
        <EffectArray index="10" Value="0"/>
        <EffectArray index="11" Value="0"/>
        <EffectArray index="16" Operation="Set" Reference="Weapon,InfestedGuassRifle,Icon" Value="Assets\Textures\btn-upgrade-zerg-missileattacks-level0.dds"/>
        <EffectArray index="23" Reference="Effect,LocustMPMeleeDamage,Amount" Value="1"/>
        <EffectArray index="24" Reference="Effect,LocustMPDamage,Amount" Value="1"/>
        <EffectArray Operation="Set" Reference="Weapon,RavagerWeapon,Icon" Value="Assets\Textures\btn-upgrade-zerg-missileattacks-level1.dds"/>
        <EffectArray Reference="Weapon,RavagerWeapon,Level" Value="1"/>
        <EffectArray Reference="Effect,RavagerWeaponDamage,Amount" Value="2"/>
        <AffectedUnitArray value="Ravager"/>
    </CUpgrade>
    <CUpgrade id="ZergMissileWeaponsLevel2">
        <EffectArray index="10" Value="0"/>
        <EffectArray index="11" Value="0"/>
        <EffectArray index="16" Operation="Set" Reference="Weapon,InfestedGuassRifle,Icon" Value="Assets\Textures\btn-upgrade-zerg-missileattacks-level0.dds"/>
        <EffectArray index="23" Reference="Effect,LocustMPMeleeDamage,Amount" Value="1"/>
        <EffectArray index="24" Reference="Effect,LocustMPDamage,Amount" Value="1"/>
        <EffectArray Operation="Set" Reference="Weapon,RavagerWeapon,Icon" Value="Assets\Textures\btn-upgrade-zerg-missileattacks-level2.dds"/>
        <EffectArray Reference="Weapon,RavagerWeapon,Level" Value="1"/>
        <EffectArray Reference="Effect,RavagerWeaponDamage,Amount" Value="2"/>
        <AffectedUnitArray value="Ravager"/>
    </CUpgrade>
    <CUpgrade id="ZergMissileWeaponsLevel3">
        <EffectArray index="10" Value="0"/>
        <EffectArray index="11" Value="0"/>
        <EffectArray index="16" Operation="Set" Reference="Weapon,InfestedGuassRifle,Icon" Value="Assets\Textures\btn-upgrade-zerg-missileattacks-level0.dds"/>
        <EffectArray index="23" Reference="Effect,LocustMPMeleeDamage,Amount" Value="1"/>
        <EffectArray index="24" Reference="Effect,LocustMPDamage,Amount" Value="1"/>
        <EffectArray Operation="Set" Reference="Weapon,RavagerWeapon,Icon" Value="Assets\Textures\btn-upgrade-zerg-missileattacks-level3.dds"/>
        <EffectArray Reference="Weapon,RavagerWeapon,Level" Value="1"/>
        <EffectArray Reference="Effect,RavagerWeaponDamage,Amount" Value="2"/>
        <AffectedUnitArray value="Ravager"/>
    </CUpgrade>
    <CUpgrade id="ZergGroundArmorsLevel1">
        <EffectArray index="34" Value="0"/>
        <EffectArray index="35" Value="0"/>
        <EffectArray index="36" Value="0"/>
        <EffectArray index="37" Value="0"/>
        <EffectArray index="49" Operation="Set" Reference="Actor,InfestorTerran,LifeArmorIcon" Value="Assets\Textures\btn-upgrade-zerg-groundcarapace-level0.dds"/>
        <EffectArray Operation="Set" Reference="Actor,LurkerMP,LifeArmorIcon" Value="Assets\Textures\btn-upgrade-zerg-groundcarapace-level1.dds"/>
        <EffectArray Reference="Unit,LurkerMP,LifeArmorLevel" Value="1"/>
        <EffectArray Reference="Unit,LurkerMP,LifeArmor" Value="1"/>
        <EffectArray Reference="Unit,LurkerMPBurrowed,LifeArmorLevel" Value="1"/>
        <EffectArray Reference="Unit,LurkerMPBurrowed,LifeArmor" Value="1"/>
        <EffectArray Operation="Set" Reference="Actor,Ravager,LifeArmorIcon" Value="Assets\Textures\btn-upgrade-zerg-groundcarapace-level1.dds"/>
        <EffectArray Reference="Unit,Ravager,LifeArmorLevel" Value="1"/>
        <EffectArray Reference="Unit,Ravager,LifeArmor" Value="1"/>
        <EffectArray Reference="Unit,RavagerBurrowed,LifeArmorLevel" Value="1"/>
        <EffectArray Reference="Unit,RavagerBurrowed,LifeArmor" Value="1"/>
        <EffectArray Operation="Set" Reference="Actor,LocustMPFlying,LifeArmorIcon" Value="Assets\Textures\btn-upgrade-zerg-groundcarapace-level1.dds"/>
        <EffectArray Reference="Unit,LocustMPFlying,LifeArmorLevel" Value="1"/>
        <EffectArray Reference="Unit,LocustMPFlying,LifeArmor" Value="1"/>
        <AffectedUnitArray value="LurkerMP"/>
        <AffectedUnitArray value="LurkerMPBurrowed"/>
        <AffectedUnitArray value="Ravager"/>
        <AffectedUnitArray value="RavagerBurrowed"/>
        <AffectedUnitArray value="LocustMPFlying"/>
    </CUpgrade>
    <CUpgrade id="ZergGroundArmorsLevel2">
        <EffectArray index="34" Value="0"/>
        <EffectArray index="35" Value="0"/>
        <EffectArray index="36" Value="0"/>
        <EffectArray index="37" Value="0"/>
        <EffectArray index="49" Operation="Set" Reference="Actor,InfestorTerran,LifeArmorIcon" Value="Assets\Textures\btn-upgrade-zerg-groundcarapace-level0.dds"/>
        <EffectArray Operation="Set" Reference="Actor,LurkerMP,LifeArmorIcon" Value="Assets\Textures\btn-upgrade-zerg-groundcarapace-level2.dds"/>
        <EffectArray Reference="Unit,LurkerMP,LifeArmorLevel" Value="1"/>
        <EffectArray Reference="Unit,LurkerMP,LifeArmor" Value="1"/>
        <EffectArray Reference="Unit,LurkerMPBurrowed,LifeArmorLevel" Value="1"/>
        <EffectArray Reference="Unit,LurkerMPBurrowed,LifeArmor" Value="1"/>
        <EffectArray Operation="Set" Reference="Actor,Ravager,LifeArmorIcon" Value="Assets\Textures\btn-upgrade-zerg-groundcarapace-level2.dds"/>
        <EffectArray Reference="Unit,Ravager,LifeArmorLevel" Value="1"/>
        <EffectArray Reference="Unit,Ravager,LifeArmor" Value="1"/>
        <EffectArray Reference="Unit,RavagerBurrowed,LifeArmorLevel" Value="1"/>
        <EffectArray Reference="Unit,RavagerBurrowed,LifeArmor" Value="1"/>
        <EffectArray Operation="Set" Reference="Actor,LocustMPFlying,LifeArmorIcon" Value="Assets\Textures\btn-upgrade-zerg-groundcarapace-level2.dds"/>
        <EffectArray Reference="Unit,LocustMPFlying,LifeArmorLevel" Value="1"/>
        <EffectArray Reference="Unit,LocustMPFlying,LifeArmor" Value="1"/>
        <AffectedUnitArray value="LurkerMP"/>
        <AffectedUnitArray value="LurkerMPBurrowed"/>
        <AffectedUnitArray value="Ravager"/>
        <AffectedUnitArray value="RavagerBurrowed"/>
        <AffectedUnitArray value="LocustMPFlying"/>
    </CUpgrade>
    <CUpgrade id="ZergGroundArmorsLevel3">
        <EffectArray index="34" Value="0"/>
        <EffectArray index="35" Value="0"/>
        <EffectArray index="36" Value="0"/>
        <EffectArray index="37" Value="0"/>
        <EffectArray index="49" Operation="Set" Reference="Actor,InfestorTerran,LifeArmorIcon" Value="Assets\Textures\btn-upgrade-zerg-groundcarapace-level0.dds"/>
        <EffectArray Operation="Set" Reference="Actor,LurkerMP,LifeArmorIcon" Value="Assets\Textures\btn-upgrade-zerg-groundcarapace-level3.dds"/>
        <EffectArray Reference="Unit,LurkerMP,LifeArmorLevel" Value="1"/>
        <EffectArray Reference="Unit,LurkerMP,LifeArmor" Value="1"/>
        <EffectArray Reference="Unit,LurkerMPBurrowed,LifeArmorLevel" Value="1"/>
        <EffectArray Reference="Unit,LurkerMPBurrowed,LifeArmor" Value="1"/>
        <EffectArray Operation="Set" Reference="Actor,Ravager,LifeArmorIcon" Value="Assets\Textures\btn-upgrade-zerg-groundcarapace-level3.dds"/>
        <EffectArray Reference="Unit,Ravager,LifeArmorLevel" Value="1"/>
        <EffectArray Reference="Unit,Ravager,LifeArmor" Value="1"/>
        <EffectArray Reference="Unit,RavagerBurrowed,LifeArmorLevel" Value="1"/>
        <EffectArray Reference="Unit,RavagerBurrowed,LifeArmor" Value="1"/>
        <EffectArray Operation="Set" Reference="Actor,LocustMPFlying,LifeArmorIcon" Value="Assets\Textures\btn-upgrade-zerg-groundcarapace-level3.dds"/>
        <EffectArray Reference="Unit,LocustMPFlying,LifeArmorLevel" Value="1"/>
        <EffectArray Reference="Unit,LocustMPFlying,LifeArmor" Value="1"/>
        <AffectedUnitArray value="LurkerMP"/>
        <AffectedUnitArray value="LurkerMPBurrowed"/>
        <AffectedUnitArray value="Ravager"/>
        <AffectedUnitArray value="RavagerBurrowed"/>
        <AffectedUnitArray value="LocustMPFlying"/>
    </CUpgrade>
    <CUpgrade id="overlordspeed">
        <AffectedUnitArray value="Overlord"/>
        <AffectedUnitArray value="Overseer"/>
        <EffectArray index="0" Reference="Unit,Overseer,Speed" Value="1.500000"/>
        <EffectArray index="1" Operation="Set" Reference="Unit,Overlord,Speed" Value="1.879000"/>
    </CUpgrade>
    <CUpgrade id="ZergMeleeWeaponsLevel1">
        <EffectArray index="3" Value="3"/>
    </CUpgrade>
    <CUpgrade id="ZergMeleeWeaponsLevel2">
        <EffectArray index="3" Value="3"/>
    </CUpgrade>
    <CUpgrade id="ZergMeleeWeaponsLevel3">
        <EffectArray index="3" Value="3"/>
    </CUpgrade>
    <CUpgrade id="RoachSupply">
        <EffectArray Reference="Unit,Roach,Food" Value="1"/>
        <EditorCategories value="Race:Zerg,UpgradeType:Talents"/>
        <AffectedUnitArray value="Roach"/>
        <AffectedUnitArray value="RoachBurrowed"/>
    </CUpgrade>
    <CUpgrade id="ReaperSpeed">
        <EffectArray index="0" Reference="Unit,Reaper,Speed" Value="0.875000"/>
        <AffectedUnitArray index="0" removed="1"/>
    </CUpgrade>
    <CUpgrade id="ThorSkin">
        <Race value="Terr"/>
    </CUpgrade>
    <CUpgrade id="UltraliskSkin">
        <Race value="Zerg"/>
    </CUpgrade>
    <CUpgrade id="RewardDanceOracle">
        <Race value="Prot"/>
    </CUpgrade>
    <CUpgrade id="RewardDanceStalker">
        <Race value="Prot"/>
    </CUpgrade>
    <CUpgrade id="RewardDanceColossus">
        <Race value="Prot"/>
    </CUpgrade>
    <CUpgrade id="RewardDanceOverlord">
        <Race value="Zerg"/>
    </CUpgrade>
    <CUpgrade id="RewardDanceRoach">
        <Race value="Zerg"/>
    </CUpgrade>
    <CUpgrade id="RewardDanceInfestor">
        <Race value="Zerg"/>
    </CUpgrade>
    <CUpgrade id="RewardDanceMule">
        <Race value="Terr"/>
    </CUpgrade>
    <CUpgrade id="RewardDanceGhost">
        <Race value="Terr"/>
    </CUpgrade>
    <CUpgrade id="RewardDanceViking">
        <Race value="Terr"/>
    </CUpgrade>
    <CUpgrade id="ProtossGroundWeaponsLevel1">
        <AffectedUnitArray value="Adept"/>
        <EffectArray Operation="Set" Reference="Weapon,ThermalLanceAir,Icon" Value="Assets\Textures\btn-upgrade-protoss-groundweaponslevel1.dds"/>
        <EffectArray Reference="Weapon,ThermalLanceAir,Level" Value="1"/>
        <EffectArray Reference="Effect,ThermalLancesMUAir,Amount" Value="2"/>
        <EffectArray Operation="Set" Reference="Weapon,PhaseDisruptersAir,Icon" Value="Assets\Textures\btn-upgrade-protoss-groundweaponslevel1.dds"/>
        <EffectArray Reference="Weapon,PhaseDisruptersAir,Level" Value="1"/>
        <EffectArray Operation="Set" Reference="Weapon,Adept,Icon" Value="Assets\Textures\btn-upgrade-protoss-groundweaponslevel1.dds"/>
        <EffectArray Reference="Weapon,Adept,Level" Value="1"/>
        <EffectArray Reference="Effect,AdeptDamage,Amount" Value="1"/>
        <EffectArray Reference="Effect,AdeptDamage,AttributeBonus[Light]" Value="1"/>
    </CUpgrade>
    <CUpgrade id="ProtossGroundWeaponsLevel2">
        <AffectedUnitArray value="Adept"/>
        <EffectArray Operation="Set" Reference="Weapon,ThermalLanceAir,Icon" Value="Assets\Textures\btn-upgrade-protoss-groundweaponslevel2.dds"/>
        <EffectArray Reference="Weapon,ThermalLanceAir,Level" Value="1"/>
        <EffectArray Reference="Effect,ThermalLancesMUAir,Amount" Value="2"/>
        <EffectArray Operation="Set" Reference="Weapon,PhaseDisruptersAir,Icon" Value="Assets\Textures\btn-upgrade-protoss-groundweaponslevel2.dds"/>
        <EffectArray Reference="Weapon,PhaseDisruptersAir,Level" Value="1"/>
        <EffectArray Operation="Set" Reference="Weapon,Adept,Icon" Value="Assets\Textures\btn-upgrade-protoss-groundweaponslevel2.dds"/>
        <EffectArray Reference="Weapon,Adept,Level" Value="1"/>
        <EffectArray Reference="Effect,AdeptDamage,Amount" Value="1"/>
        <EffectArray Reference="Effect,AdeptDamage,AttributeBonus[Light]" Value="1"/>
    </CUpgrade>
    <CUpgrade id="ProtossGroundWeaponsLevel3">
        <AffectedUnitArray value="Adept"/>
        <EffectArray Operation="Set" Reference="Weapon,ThermalLanceAir,Icon" Value="Assets\Textures\btn-upgrade-protoss-groundweaponslevel3.dds"/>
        <EffectArray Reference="Weapon,ThermalLanceAir,Level" Value="1"/>
        <EffectArray Reference="Effect,ThermalLancesMUAir,Amount" Value="2"/>
        <EffectArray Operation="Set" Reference="Weapon,PhaseDisruptersAir,Icon" Value="Assets\Textures\btn-upgrade-protoss-groundweaponslevel3.dds"/>
        <EffectArray Reference="Weapon,PhaseDisruptersAir,Level" Value="1"/>
        <EffectArray Operation="Set" Reference="Weapon,Adept,Icon" Value="Assets\Textures\btn-upgrade-protoss-groundweaponslevel3.dds"/>
        <EffectArray Reference="Weapon,Adept,Level" Value="1"/>
        <EffectArray Reference="Effect,AdeptDamage,Amount" Value="1"/>
        <EffectArray Reference="Effect,AdeptDamage,AttributeBonus[Light]" Value="1"/>
    </CUpgrade>
    <CUpgrade id="ProtossGroundArmorsLevel1">
        <AffectedUnitArray value="Adept"/>
        <AffectedUnitArray value="Disruptor"/>
        <AffectedUnitArray value="DisruptorPhased"/>
        <EffectArray Operation="Set" Reference="Actor,Adept,LifeArmorIcon" Value="Assets\Textures\btn-upgrade-protoss-groundarmorlevel1.dds"/>
        <EffectArray Reference="Unit,Adept,LifeArmor" Value="1"/>
        <EffectArray Reference="Unit,Adept,LifeArmorLevel" Value="1"/>
        <EffectArray Operation="Set" Reference="Actor,Disruptor,LifeArmorIcon" Value="Assets\Textures\btn-upgrade-protoss-groundarmorlevel1.dds"/>
        <EffectArray Reference="Unit,Disruptor,LifeArmor" Value="1"/>
        <EffectArray Reference="Unit,DisruptorPhased,LifeArmor" Value="1"/>
        <EffectArray Reference="Unit,Disruptor,LifeArmorLevel" Value="1"/>
        <EffectArray Reference="Unit,DisruptorPhased,LifeArmorLevel" Value="1"/>
    </CUpgrade>
    <CUpgrade id="ProtossGroundArmorsLevel2">
        <AffectedUnitArray value="Adept"/>
        <AffectedUnitArray value="Disruptor"/>
        <AffectedUnitArray value="DisruptorPhased"/>
        <EffectArray Operation="Set" Reference="Actor,Adept,LifeArmorIcon" Value="Assets\Textures\btn-upgrade-protoss-groundarmorlevel2.dds"/>
        <EffectArray Reference="Unit,Adept,LifeArmor" Value="1"/>
        <EffectArray Reference="Unit,Adept,LifeArmorLevel" Value="1"/>
        <EffectArray Operation="Set" Reference="Actor,Disruptor,LifeArmorIcon" Value="Assets\Textures\btn-upgrade-protoss-groundarmorlevel2.dds"/>
        <EffectArray Reference="Unit,Disruptor,LifeArmor" Value="1"/>
        <EffectArray Reference="Unit,DisruptorPhased,LifeArmor" Value="1"/>
        <EffectArray Reference="Unit,Disruptor,LifeArmorLevel" Value="1"/>
        <EffectArray Reference="Unit,DisruptorPhased,LifeArmorLevel" Value="1"/>
    </CUpgrade>
    <CUpgrade id="ProtossGroundArmorsLevel3">
        <AffectedUnitArray value="Adept"/>
        <AffectedUnitArray value="Disruptor"/>
        <AffectedUnitArray value="DisruptorPhased"/>
        <EffectArray Operation="Set" Reference="Actor,Adept,LifeArmorIcon" Value="Assets\Textures\btn-upgrade-protoss-groundarmorlevel3.dds"/>
        <EffectArray Reference="Unit,Adept,LifeArmor" Value="1"/>
        <EffectArray Reference="Unit,Adept,LifeArmorLevel" Value="1"/>
        <EffectArray Operation="Set" Reference="Actor,Disruptor,LifeArmorIcon" Value="Assets\Textures\btn-upgrade-protoss-groundarmorlevel3.dds"/>
        <EffectArray Reference="Unit,Disruptor,LifeArmorLevel" Value="1"/>
        <EffectArray Reference="Unit,DisruptorPhased,LifeArmorLevel" Value="1"/>
        <EffectArray Reference="Unit,Disruptor,LifeArmor" Value="1"/>
        <EffectArray Reference="Unit,DisruptorPhased,LifeArmor" Value="1"/>
    </CUpgrade>
    <CUpgrade id="ProtossShieldsLevel1">
        <AffectedUnitArray value="Adept"/>
        <AffectedUnitArray value="Disruptor"/>
        <AffectedUnitArray value="DisruptorPhased"/>
        <EffectArray Operation="Set" Reference="Actor,OracleStasisTrap,ShieldArmorIcon" Value="Assets\Textures\btn-upgrade-protoss-shieldslevel1.dds"/>
        <EffectArray Reference="Unit,OracleStasisTrap,ShieldArmor" Value="1"/>
        <EffectArray Reference="Unit,OracleStasisTrap,ShieldArmorLevel" Value="1"/>
        <EffectArray Operation="Set" Reference="Actor,Adept,ShieldArmorIcon" Value="Assets\Textures\btn-upgrade-protoss-shieldslevel1.dds"/>
        <EffectArray Reference="Unit,Adept,ShieldArmor" Value="1"/>
        <EffectArray Reference="Unit,Adept,ShieldArmorLevel" Value="1"/>
        <EffectArray Operation="Set" Reference="Actor,Disruptor,ShieldArmorIcon" Value="Assets\Textures\btn-upgrade-protoss-shieldslevel1.dds"/>
        <EffectArray Reference="Unit,Disruptor,ShieldArmor" Value="1"/>
        <EffectArray Reference="Unit,Disruptor,ShieldArmorLevel" Value="1"/>
        <EffectArray Reference="Unit,DisruptorPhased,ShieldArmor" Value="1"/>
        <EffectArray Reference="Unit,DisruptorPhased,ShieldArmorLevel" Value="1"/>
    </CUpgrade>
    <CUpgrade id="ProtossShieldsLevel2">
        <AffectedUnitArray value="Adept"/>
        <AffectedUnitArray value="Disruptor"/>
        <AffectedUnitArray value="DisruptorPhased"/>
        <EffectArray Operation="Set" Reference="Actor,OracleStasisTrap,ShieldArmorIcon" Value="Assets\Textures\btn-upgrade-protoss-shieldslevel2.dds"/>
        <EffectArray Reference="Unit,OracleStasisTrap,ShieldArmor" Value="1"/>
        <EffectArray Reference="Unit,OracleStasisTrap,ShieldArmorLevel" Value="1"/>
        <EffectArray Operation="Set" Reference="Actor,Adept,ShieldArmorIcon" Value="Assets\Textures\btn-upgrade-protoss-shieldslevel2.dds"/>
        <EffectArray Reference="Unit,Adept,ShieldArmor" Value="1"/>
        <EffectArray Reference="Unit,Adept,ShieldArmorLevel" Value="1"/>
        <EffectArray Operation="Set" Reference="Actor,Disruptor,ShieldArmorIcon" Value="Assets\Textures\btn-upgrade-protoss-shieldslevel2.dds"/>
        <EffectArray Reference="Unit,Disruptor,ShieldArmor" Value="1"/>
        <EffectArray Reference="Unit,Disruptor,ShieldArmorLevel" Value="1"/>
        <EffectArray Reference="Unit,DisruptorPhased,ShieldArmor" Value="1"/>
        <EffectArray Reference="Unit,DisruptorPhased,ShieldArmorLevel" Value="1"/>
    </CUpgrade>
    <CUpgrade id="ProtossShieldsLevel3">
        <AffectedUnitArray value="Adept"/>
        <AffectedUnitArray value="Disruptor"/>
        <AffectedUnitArray value="DisruptorPhased"/>
        <EffectArray Operation="Set" Reference="Actor,OracleStasisTrap,ShieldArmorIcon" Value="Assets\Textures\btn-upgrade-protoss-shieldslevel3.dds"/>
        <EffectArray Reference="Unit,OracleStasisTrap,ShieldArmor" Value="1"/>
        <EffectArray Reference="Unit,OracleStasisTrap,ShieldArmorLevel" Value="1"/>
        <EffectArray Operation="Set" Reference="Actor,Adept,ShieldArmorIcon" Value="Assets\Textures\btn-upgrade-protoss-shieldslevel3.dds"/>
        <EffectArray Reference="Unit,Adept,ShieldArmor" Value="1"/>
        <EffectArray Reference="Unit,Adept,ShieldArmorLevel" Value="1"/>
        <EffectArray Operation="Set" Reference="Actor,Disruptor,ShieldArmorIcon" Value="Assets\Textures\btn-upgrade-protoss-shieldslevel3.dds"/>
        <EffectArray Reference="Unit,Disruptor,ShieldArmor" Value="1"/>
        <EffectArray Reference="Unit,Disruptor,ShieldArmorLevel" Value="1"/>
        <EffectArray Reference="Unit,DisruptorPhased,ShieldArmor" Value="1"/>
        <EffectArray Reference="Unit,DisruptorPhased,ShieldArmorLevel" Value="1"/>
    </CUpgrade>
    <CUpgrade id="TerranInfantryWeaponsLevel1">
        <EffectArray Operation="Set" Reference="Weapon,HERCWeapon,Icon" Value="Assets\Textures\btn-upgrade-terran-infantryweaponslevel1.dds"/>
        <EffectArray Reference="Weapon,HERCWeapon,Level" Value="1"/>
        <EffectArray Reference="Effect,HERCWeaponDamage,Amount" Value="2.000000"/>
        <AffectedUnitArray value="HERC"/>
    </CUpgrade>
    <CUpgrade id="TerranInfantryWeaponsLevel2">
        <EffectArray Operation="Set" Reference="Weapon,HERCWeapon,Icon" Value="Assets\Textures\btn-upgrade-terran-infantryweaponslevel2.dds"/>
        <EffectArray Reference="Weapon,HERCWeapon,Level" Value="1"/>
        <EffectArray Reference="Effect,HERCWeaponDamage,Amount" Value="2.000000"/>
        <AffectedUnitArray value="HERC"/>
    </CUpgrade>
    <CUpgrade id="TerranInfantryWeaponsLevel3">
        <EffectArray Operation="Set" Reference="Weapon,HERCWeapon,Icon" Value="Assets\Textures\btn-upgrade-terran-infantryweaponslevel3.dds"/>
        <EffectArray Reference="Weapon,HERCWeapon,Level" Value="1"/>
        <EffectArray Reference="Effect,HERCWeaponDamage,Amount" Value="2.000000"/>
        <AffectedUnitArray value="HERC"/>
    </CUpgrade>
    <CUpgrade id="TerranInfantryArmorsLevel1">
        <EffectArray Operation="Set" Reference="Actor,HERC,LifeArmorIcon" Value="Assets\Textures\btn-upgrade-terran-infantryarmorlevel1.dds"/>
        <EffectArray Reference="Unit,HERC,LifeArmor" Value="1"/>
        <EffectArray Reference="Unit,HERC,LifeArmorLevel" Value="1"/>
        <AffectedUnitArray value="HERC"/>
    </CUpgrade>
    <CUpgrade id="TerranInfantryArmorsLevel2">
        <EffectArray Operation="Set" Reference="Actor,HERC,LifeArmorIcon" Value="Assets\Textures\btn-upgrade-terran-infantryarmorlevel2.dds"/>
        <EffectArray Reference="Unit,HERC,LifeArmor" Value="1"/>
        <EffectArray Reference="Unit,HERC,LifeArmorLevel" Value="1"/>
        <AffectedUnitArray value="HERC"/>
    </CUpgrade>
    <CUpgrade id="TerranInfantryArmorsLevel3">
        <EffectArray Operation="Set" Reference="Actor,HERC,LifeArmorIcon" Value="Assets\Textures\btn-upgrade-terran-infantryarmorlevel3.dds"/>
        <EffectArray Reference="Unit,HERC,LifeArmor" Value="1"/>
        <EffectArray Reference="Unit,HERC,LifeArmorLevel" Value="1"/>
        <AffectedUnitArray value="HERC"/>
    </CUpgrade>
    <CUpgrade id="CycloneLockOnRangeUpgrade">
        <Flags index="TechTreeCheat" value="1"/>
        <Icon value="Assets\Textures\btn-upgrade-terran-durablematerials.dds"/>
        <Race value="Terr"/>
        <ScoreAmount value="300"/>
        <ScoreResult value="BuildOrder"/>
        <EffectArray Reference="Abil,LockOn,Range[0]" Value="3"/>
        <EffectArray Reference="Abil,LockOn,AutoCastRange" Value="3"/>
        <EffectArray Reference="Actor,CycloneLockOnRange,Range" Value="3.000000"/>
        <EffectArray Reference="Actor,CycloneLockOnTrackingRange,Range" Value="3.000000"/>
        <EffectArray Operation="Set" Reference="Effect,LockOnCP,PeriodicValidator" Value="LockOnPeriodicValidatorsUpgraded"/>
        <AffectedUnitArray value="Cyclone"/>
    </CUpgrade>
    <CUpgrade id="CycloneAirUpgrade">
        <Icon value="Assets\Textures\btn-ability-terran-surfacetoairtargeting.dds"/>
        <Alert value="ResearchComplete"/>
        <Race value="Terr"/>
        <ScoreAmount value="200"/>
        <ScoreResult value="BuildOrder"/>
        <EffectArray Operation="Set" Reference="Weapon,TyphoonMissilePod,TargetFilters" Value="Visible;Missile,Stasis,Dead,Hidden,Invulnerable"/>
        <EffectArray Operation="Set" Reference="Abil,LockOn,IgnoreFilters" Value="-;-"/>
        <EffectArray Operation="Set" Reference="Unit,Cyclone,Description" Value="Button/Tooltip/CycloneUpgrade"/>
        <EditorCategories value="Race:Terran,UpgradeType:Talents"/>
        <AffectedUnitArray value="Cyclone"/>
    </CUpgrade>
    <CUpgrade id="ImmortalBarrier">
        <Alert value="ResearchComplete"/>
        <Race value="Prot"/>
        <Icon value="Assets\Textures\btn-ability-protoss-invulnerabilityshield.dds"/>
        <EditorCategories value="Race:Protoss,UpgradeType:SpellResearch"/>
        <ScoreResult value="BuildOrder"/>
        <AffectedUnitArray value="Immortal"/>
        <ScoreAmount value="200"/>
    </CUpgrade>
    <CUpgrade id="AdeptKillBounce">
        <Icon value="Assets\Textures\btn-techupgrade-terran-consumption.dds"/>
        <Alert value="ResearchComplete"/>
        <Race value="Prot"/>
        <ScoreAmount value="200"/>
        <ScoreResult value="BuildOrder"/>
        <EffectArray Operation="Set" Reference="Weapon,Adept,Effect" Value="AdeptUpgradeLM"/>
        <EditorCategories value="Race:Protoss,UpgradeType:SpellResearch"/>
        <AffectedUnitArray value="Adept"/>
    </CUpgrade>
    <CUpgrade id="AdeptPiercingAttack">
        <Icon value="Assets\Textures\btn-ability-protoss-phasedisruptor.dds"/>
        <EffectArray Operation="Subtract" Reference="Weapon,Adept,Period" Value="0.700000"/>
        <EditorCategories value="Race:Protoss,UpgradeType:AttackBonus"/>
        <AffectedUnitArray value="Adept"/>
    </CUpgrade>
    <CUpgrade id="zerglingattackspeed">
        <EffectArray index="0" Reference="Weapon,Claws,Period" Value="-0.200000"/>
    </CUpgrade>
    <CUpgrade id="CinematicMode">
        <Flags index="UpgradeCheat" value="0"/>
        <AffectedUnitArray value="Gateway"/>
        <AffectedUnitArray value="WarpGate"/>
        <AffectedUnitArray value="Stargate"/>
        <AffectedUnitArray value="RoboticsFacility"/>
        <AffectedUnitArray value="RoboticsBay"/>
        <AffectedUnitArray value="PhotonCannon"/>
        <AffectedUnitArray value="DarkShrine"/>
        <AffectedUnitArray value="Forge"/>
        <AffectedUnitArray value="TemplarArchive"/>
        <AffectedUnitArray value="FleetBeacon"/>
    </CUpgrade>
    <CUpgrade id="LiberatorMorph">
        <Icon value="Assets\Textures\btn-upgrade-terran-liberator-agmode.dds"/>
        <Alert value="ResearchComplete"/>
        <Race value="Terr"/>
        <ScoreAmount value="200"/>
        <ScoreResult value="BuildOrder"/>
        <EditorCategories value="Race:Terran,UpgradeType:Talents"/>
        <AffectedUnitArray value="Liberator"/>
    </CUpgrade>
    <CUpgrade id="AdeptShieldUpgrade">
        <Icon value="Assets\Textures\BTN-Upgrade-Protoss-AdeptShieldUpgrade.dds"/>
        <Alert value="ResearchComplete"/>
        <Race value="Prot"/>
        <ScoreAmount value="200"/>
        <ScoreResult value="BuildOrder"/>
        <EffectArray Reference="Unit,Adept,ShieldsMax" Value="50"/>
        <EffectArray Reference="Unit,Adept,ShieldsStart" Value="50"/>
        <EditorCategories value="Race:Protoss,UpgradeType:SpellResearch"/>
        <AffectedUnitArray value="Adept"/>
    </CUpgrade>
    <CUpgrade id="CursorDebug">
        <Flags index="UpgradeCheat" value="0"/>
    </CUpgrade>
    <CUpgrade id="AdeptSkin">
        <Icon value="Assets\Textures\btn-unit-protoss-adept.dds"/>
        <Race value="Prot"/>
        <Flags index="UpgradeCheat" value="0"/>
        <LeaderAlias value=""/>
    </CUpgrade>
    <CUpgrade id="ColossusSkin">
        <Flags index="UpgradeCheat" value="0"/>
        <Icon value="Assets\Textures\btn-unit-protoss-colossus.dds"/>
        <Race value="Prot"/>
        <LeaderAlias value=""/>
    </CUpgrade>
    <CUpgrade id="ColossusTal">
        <Flags index="UpgradeCheat" value="0"/>
        <Icon value="Assets\Textures\btn-unit-protoss-colossus.dds"/>
        <Race value="Prot"/>
        <LeaderAlias value=""/>
    </CUpgrade>
</Catalog>
