<?xml version="1.0" encoding="us-ascii"?>
<Catalog>
    <CVoiceOver default="1" id="pZergUnit">
        <Groups Id="Ready" SoundParent="ZergReady"/>
        <Groups Id="What" SoundParent="ZergAck_Void"/>
        <Groups Id="Yes" SoundParent="ZergAck_Void"/>
        <Groups Id="Attack" SoundParent="ZergAck_Void"/>
        <Groups Id="Help" SoundParent="ZergHelp"/>
        <Groups Id="Pissed" SoundParent="ZergPissed"/>
        <Groups Id="Death" SoundParent="ZergDeath"/>
        <Groups Id="Ready_NP" SoundParent="ZergAck_Void"/>
        <Groups Id="What_NP" SoundParent="ZergAck_Void"/>
        <Groups Id="Yes_NP" SoundParent="ZergAck_Void"/>
        <Groups Id="Attack_NP" SoundParent="ZergAck_Void"/>
        <Groups Id="Pissed_NP" SoundParent="ZergAck_Void"/>
        <Groups Id="Death_NP" SoundParent="ZergDeath_NP"/>
    </CVoiceOver>
    <CVoiceOver default="1" id="pTerranUnit">
        <Groups Id="Ready" SoundParent="TerranReady"/>
        <Groups Id="What" SoundParent="TerranAck_Void"/>
        <Groups Id="Yes" SoundParent="TerranAck_Void"/>
        <Groups Id="Attack" SoundParent="TerranAck_Void"/>
        <Groups Id="Help" SoundParent="TerranHelp"/>
        <Groups Id="Pissed" SoundParent="TerranPissed"/>
        <Groups Id="Death" SoundParent="TerranDeath"/>
        <Groups Id="Ready_NP" SoundParent="TerranAck_Void"/>
        <Groups Id="What_NP" SoundParent="TerranAck_Void"/>
        <Groups Id="Yes_NP" SoundParent="TerranAck_Void"/>
        <Groups Id="Attack_NP" SoundParent="TerranAck_Void"/>
        <Groups Id="Pissed_NP" SoundParent="TerranAck_Void"/>
        <Groups Id="Death_NP" SoundParent="TerranDeath_NP"/>
    </CVoiceOver>
    <CVoiceOver default="1" id="pProtossUnit">
        <Groups Id="Ready" SoundParent="ProtossReady"/>
        <Groups Id="What" SoundParent="ProtossAck_Void"/>
        <Groups Id="Yes" SoundParent="ProtossAck_Void"/>
        <Groups Id="Attack" SoundParent="ProtossAck_Void"/>
        <Groups Id="Help" SoundParent="ProtossHelp"/>
        <Groups Id="Pissed" SoundParent="ProtossPissed"/>
        <Groups Id="Death" SoundParent="ProtossDeath"/>
        <Groups Id="Ready_Alt" SoundParent="ProtossAck_Void"/>
        <Groups Id="What_Alt" SoundParent="ProtossAck_Void"/>
        <Groups Id="Yes_Alt" SoundParent="ProtossAck_Void"/>
        <Groups Id="Attack_Alt" SoundParent="ProtossAck_Void"/>
        <Groups Id="Help_Alt" SoundParent="ProtossAck_Void"/>
        <Groups Id="Pissed_Alt" SoundParent="ProtossAck_Void"/>
        <Groups Id="Death_Alt" SoundParent="ProtossAck_Void"/>
        <Groups Id="Ready_NP" SoundParent="ProtossAck_Void"/>
        <Groups Id="What_NP" SoundParent="ProtossAck_Void"/>
        <Groups Id="Yes_NP" SoundParent="ProtossAck_Void"/>
        <Groups Id="Attack_NP" SoundParent="ProtossAck_Void"/>
        <Groups Id="Pissed_NP" SoundParent="ProtossAck_Void"/>
        <Groups Id="Death_NP" SoundParent="ProtossDeath_NP"/>
    </CVoiceOver>
    <CVoiceOver id="Adept" parent="pTerranUnit">
        <Character value="Adept"/>
        <Lines Group="Ready" FacialBlend="100"/>
        <Lines Group="Ready" SoundIndex="1" FacialBlend="100"/>
        <Lines Group="What" FacialBlend="100"/>
        <Lines Group="What" SoundIndex="1" FacialBlend="100"/>
        <Lines Group="What" SoundIndex="2" FacialBlend="100"/>
        <Lines Group="What" SoundIndex="3" FacialBlend="100"/>
        <Lines Group="What" SoundIndex="4" FacialBlend="100"/>
        <Lines Group="What" SoundIndex="5" FacialBlend="100"/>
        <Lines Group="What" SoundIndex="6" FacialBlend="100"/>
        <Lines>
            <Group value="What"/>
            <SoundIndex value="7"/>
            <Comment value="nah jah-kar me-nah"/>
            <FacialBlend value="100"/>
        </Lines>
        <Lines Group="What" SoundIndex="7" FacialBlend="100"/>
        <Lines Group="Yes" FacialBlend="100"/>
        <Lines Group="Yes" SoundIndex="1" FacialBlend="100"/>
        <Lines Group="Yes" SoundIndex="2" FacialBlend="100"/>
        <Lines Group="Yes" SoundIndex="3" FacialBlend="100"/>
        <Lines Group="Yes" SoundIndex="4" FacialBlend="100"/>
        <Lines Group="Yes" SoundIndex="5" FacialBlend="100"/>
        <Lines Group="Yes" SoundIndex="6" FacialBlend="100"/>
        <Lines Group="Yes" SoundIndex="7" FacialBlend="100"/>
        <Lines Group="Attack" FacialBlend="100"/>
        <Lines Group="Attack" SoundIndex="1" FacialBlend="100"/>
        <Lines Group="Attack" SoundIndex="2" FacialBlend="100"/>
        <Lines Group="Attack" SoundIndex="3" FacialBlend="100"/>
        <Lines Group="Attack" SoundIndex="4" FacialBlend="100"/>
        <Lines Group="Attack" SoundIndex="5" FacialBlend="100"/>
        <Lines Group="Attack" SoundIndex="6" FacialBlend="100"/>
        <Lines Group="Attack" SoundIndex="7" FacialBlend="100"/>
        <Lines Group="Help" FacialBlend="100"/>
        <Lines Group="Help" SoundIndex="1" FacialBlend="100"/>
        <Lines Group="Pissed" FacialBlend="100"/>
        <Lines Group="Pissed" SoundIndex="1" FacialBlend="100"/>
        <Lines Group="Pissed" SoundIndex="2" FacialBlend="100"/>
        <Lines Group="Pissed" SoundIndex="3" FacialBlend="100"/>
        <Lines Group="Pissed" SoundIndex="4" FacialBlend="100"/>
        <Lines Group="Pissed" SoundIndex="5" FacialBlend="100"/>
        <Lines Group="Pissed" SoundIndex="6" FacialBlend="100"/>
        <Lines Group="Pissed" SoundIndex="7" FacialBlend="100"/>
        <Lines Group="Pissed" SoundIndex="8" FacialBlend="100"/>
        <Lines Group="Pissed" SoundIndex="9" FacialBlend="100"/>
        <Lines Group="Death" FacialBlend="100"/>
        <Lines Group="Ready_NP" FacialBlend="100"/>
        <Lines Group="What_NP" FacialBlend="100"/>
        <Lines Group="What_NP" SoundIndex="1" FacialBlend="100"/>
        <Lines Group="Yes_NP" FacialBlend="100"/>
        <Lines Group="Yes_NP" SoundIndex="1" FacialBlend="100"/>
        <Lines Group="Death_NP" FacialBlend="100"/>
    </CVoiceOver>
    <CVoiceOver id="Cyclone" parent="pTerranUnit">
        <Character value="Shooter"/>
        <Lines Group="Ready" FacialBlend="100"/>
        <Lines Group="Ready" SoundIndex="1" FacialBlend="100"/>
        <Lines Group="What" FacialBlend="100"/>
        <Lines Group="What" SoundIndex="1" FacialBlend="100"/>
        <Lines Group="What" SoundIndex="2" FacialBlend="100"/>
        <Lines Group="What" SoundIndex="3" FacialBlend="100"/>
        <Lines Group="What" SoundIndex="4" FacialBlend="100"/>
        <Lines Group="What" SoundIndex="5" FacialBlend="100"/>
        <Lines Group="What" SoundIndex="6" FacialBlend="100"/>
        <Lines Group="Yes" FacialBlend="100"/>
        <Lines Group="Yes" SoundIndex="1" FacialBlend="100"/>
        <Lines Group="Yes" SoundIndex="2" FacialBlend="100"/>
        <Lines Group="Yes" SoundIndex="3" FacialBlend="100"/>
        <Lines Group="Yes" SoundIndex="4" FacialBlend="100"/>
        <Lines Group="Yes" SoundIndex="5" FacialBlend="100"/>
        <Lines Group="Yes" SoundIndex="6" FacialBlend="100"/>
        <Lines Group="Attack" FacialBlend="100"/>
        <Lines Group="Attack" SoundIndex="1" FacialBlend="100"/>
        <Lines Group="Attack" SoundIndex="2" FacialBlend="100"/>
        <Lines Group="Attack" SoundIndex="3" FacialBlend="100"/>
        <Lines Group="Attack" SoundIndex="4" FacialBlend="100"/>
        <Lines Group="Attack" SoundIndex="5" FacialBlend="100"/>
        <Lines Group="Attack" SoundIndex="6" FacialBlend="100"/>
        <Lines Group="Attack" SoundIndex="7" FacialBlend="100"/>
        <Lines Group="Help" FacialBlend="100"/>
        <Lines Group="Help" SoundIndex="1" FacialBlend="100"/>
        <Lines Group="Pissed" FacialBlend="100"/>
        <Lines Group="Pissed" SoundIndex="1" FacialBlend="100"/>
        <Lines Group="Pissed" SoundIndex="2" FacialBlend="100"/>
        <Lines Group="Pissed" SoundIndex="3" FacialBlend="100"/>
        <Lines Group="Pissed" SoundIndex="4" FacialBlend="100"/>
        <Lines Group="Pissed" SoundIndex="5" FacialBlend="100"/>
        <Lines Group="Pissed" SoundIndex="6" FacialBlend="100"/>
        <Lines Group="Pissed" SoundIndex="7" FacialBlend="100"/>
        <Lines Group="Pissed" SoundIndex="8" FacialBlend="100"/>
        <Lines Group="Pissed" SoundIndex="9" FacialBlend="100"/>
        <Lines Group="Death" FacialBlend="100"/>
        <Lines Group="Ready_NP" FacialBlend="100"/>
        <Lines Group="What_NP" FacialBlend="100"/>
        <Lines Group="What_NP" SoundIndex="1" FacialBlend="100"/>
        <Lines Group="Yes_NP" FacialBlend="100"/>
        <Lines Group="Yes_NP" SoundIndex="1" FacialBlend="100"/>
        <Lines Group="Death_NP" FacialBlend="100"/>
    </CVoiceOver>
    <CVoiceOver id="TerranFlyer" parent="pTerranUnit">
        <Character value="TerranFlyer"/>
        <Lines Group="Ready" FacialBlend="100"/>
        <Lines Group="Ready" SoundIndex="1" FacialBlend="100"/>
        <Lines Group="What" FacialBlend="100"/>
        <Lines Group="What" SoundIndex="1" FacialBlend="100"/>
        <Lines Group="What" SoundIndex="2" FacialBlend="100"/>
        <Lines Group="What" SoundIndex="3" FacialBlend="100"/>
        <Lines Group="What" SoundIndex="4" FacialBlend="100"/>
        <Lines Group="What" SoundIndex="5" FacialBlend="100"/>
        <Lines Group="What" SoundIndex="6" FacialBlend="100"/>
        <Lines Group="What" SoundIndex="7" FacialBlend="100"/>
        <Lines Group="What" SoundIndex="8" FacialBlend="100"/>
        <Lines Group="What" SoundIndex="9" FacialBlend="100"/>
        <Lines Group="Yes" FacialBlend="100"/>
        <Lines Group="Yes" SoundIndex="1" FacialBlend="100"/>
        <Lines>
            <Group value="Yes"/>
            <SoundIndex value="2"/>
            <Comment value="Pronunciation: Ya-vol."/>
            <FacialBlend value="100"/>
        </Lines>
        <Lines Group="Yes" SoundIndex="3" FacialBlend="100"/>
        <Lines Group="Yes" SoundIndex="4" FacialBlend="100"/>
        <Lines Group="Yes" SoundIndex="5" FacialBlend="100"/>
        <Lines Group="Yes" SoundIndex="6" FacialBlend="100"/>
        <Lines Group="Yes" SoundIndex="7" FacialBlend="100"/>
        <Lines Group="Yes" SoundIndex="8" FacialBlend="100"/>
        <Lines Group="Attack" FacialBlend="100"/>
        <Lines Group="Attack" SoundIndex="1" FacialBlend="100"/>
        <Lines Group="Attack" SoundIndex="2" FacialBlend="100"/>
        <Lines Group="Attack" SoundIndex="3" FacialBlend="100"/>
        <Lines Group="Attack" SoundIndex="4" FacialBlend="100"/>
        <Lines Group="Attack" SoundIndex="5" FacialBlend="100"/>
        <Lines Group="Attack" SoundIndex="6" FacialBlend="100"/>
        <Lines Group="Attack" SoundIndex="7" FacialBlend="100"/>
        <Lines Group="Help" FacialBlend="100"/>
        <Lines Group="Help" SoundIndex="1" FacialBlend="100"/>
        <Lines Group="Pissed" FacialBlend="100"/>
        <Lines Group="Pissed" SoundIndex="1" FacialBlend="100"/>
        <Lines Group="Pissed" SoundIndex="2" FacialBlend="100"/>
        <Lines Group="Pissed" SoundIndex="3" FacialBlend="100"/>
        <Lines Group="Pissed" SoundIndex="4" FacialBlend="100"/>
        <Lines Group="Pissed" SoundIndex="5" FacialBlend="100"/>
        <Lines Group="Pissed" SoundIndex="6" FacialBlend="100"/>
        <Lines Group="Pissed" SoundIndex="7" FacialBlend="100"/>
        <Lines Group="Pissed" SoundIndex="8" FacialBlend="100"/>
        <Lines Group="Ready_NP" FacialBlend="100"/>
        <Lines Group="What_NP" FacialBlend="100"/>
        <Lines Group="What_NP" SoundIndex="1" FacialBlend="100"/>
        <Lines Group="Yes_NP" FacialBlend="100"/>
        <Lines Group="Yes_NP" SoundIndex="1" FacialBlend="100"/>
        <Lines Group="Death_NP" FacialBlend="100"/>
    </CVoiceOver>
</Catalog>
