<?xml version="1.0" encoding="us-ascii"?>
<Catalog>
    <CWater id="AiurCreep">
        <BeachShoreline value="BelShirBeachShoreline"/>
        <CliffShoreline value="BelShirCliffShoreline"/>
        <Doodads>
            <Model value="FloatingCreepPad"/>
            <Density value="0.100000"/>
            <MinSize value="0.500000"/>
            <MaxSize value="1.000000"/>
            <Lifetime value="4294967295"/>
        </Doodads>
        <State index="0">
            <Name value="[Default]"/>
            <Height value="4.600000"/>
            <Color value="0.313726,0.274510,0.392157,0.445000"/>
            <ColorFallOff value="0.296000"/>
            <Specularity value="86.500000"/>
            <SpecularScaler value="0.400000"/>
            <UvRate value="-0.000740,0.000673,0.000000,0.000000"/>
            <UvRotate value="0.834791"/>
            <MeshRoughness value="0.510000"/>
            <TextureRoughness value="0.450000"/>
            <ReflectionDistortion value="0.053000"/>
            <RefractionDistortion value="0.016000"/>
            <MinReflection value="0.224000"/>
            <ReflectivityPower value="8.000000"/>
        </State>
        <ReceiveShadows value="1"/>
    </CWater>
</Catalog>
