<?xml version="1.0" encoding="us-ascii"?>
<Catalog>
    <CWeaponLegacy id="LocustMPFlyingSwoopWeapon">
        <EditorCategories value="Race:Zerg"/>
        <Icon value="Assets\Textures\btn-ability-neutral-ursadonleap.dds"/>
        <DisplayEffect value="LocustMPMeleeDamage"/>
        <TargetFilters value="Ground,Visible;Missile,Stasis,Dead,Hidden,Invulnerable"/>
        <MinScanRange value="10"/>
        <Range value="4"/>
        <Period value="0.8"/>
        <Effect value="LocustMPFlyingSwoopCreatePrecursor"/>
        <Options index="Hidden" value="1"/>
    </CWeaponLegacy>
    <CWeaponLegacy id="LurkerMP">
        <DamagePoint value="0"/>
    </CWeaponLegacy>
    <CWeaponLegacy id="MoopyStick">
        <EditorCategories value="Race:Critter"/>
        <Icon value="Assets\Textures\btn-upgrade-protoss-groundweaponslevel0.dds"/>
        <DisplayEffect value="MoopyStickDamage"/>
        <Range value="0.1"/>
        <Period value="1"/>
        <Effect value="MoopyStickDamage"/>
    </CWeaponLegacy>
    <CWeaponLegacy id="TyphoonMissilePod">
        <EditorCategories value="Race:Terran"/>
        <Icon value="Assets\Textures\btn-upgrade-terran-vehicleweaponslevel0.dds"/>
        <DisplayEffect value="CycloneAttackWeaponDamage"/>
        <TargetFilters value="Visible;Missile,Stasis,Dead,Hidden,Invulnerable"/>
        <Period value="1"/>
        <Effect value="CycloneAttackWeaponLaunchMissileSwitch"/>
        <MinScanRange value="5.5"/>
    </CWeaponLegacy>
    <CWeaponLegacy id="CycloneLockOnDummy">
        <EditorCategories value="Race:Terran"/>
        <Options index="Hidden" value="1"/>
        <TargetFilters value="Visible;Missile,Stasis,Dead,Hidden,Invulnerable"/>
        <MinScanRange value="7.5"/>
        <Period value="1"/>
        <Effect value="CycloneFakeWeaponDummyDamage"/>
        <Arc value="360"/>
        <Range value="7"/>
    </CWeaponLegacy>
    <CWeaponLegacy id="CycloneFakeWeapon">
        <EditorCategories value="Race:Terran"/>
        <Options index="Hidden" value="1"/>
        <Icon value="Assets\Textures\btn-upgrade-terran-vehicleweaponslevel0.dds"/>
        <DisplayEffect value="CycloneWeaponDamage"/>
        <TargetFilters value="Visible;Missile,Stasis,Dead,Hidden,Invulnerable"/>
        <MinScanRange value="6"/>
        <Period value="1"/>
        <Effect value="CycloneFakeWeaponDummyDamage"/>
    </CWeaponLegacy>
    <CWeaponLegacy id="PhaseDisruptersAir">
        <EditorCategories value="Race:Protoss"/>
        <Icon value="Assets\Textures\btn-upgrade-protoss-groundweaponslevel0.dds"/>
        <DisplayEffect value="PhaseDisruptors"/>
        <TargetFilters value="Air,Visible;Missile,Stasis,Dead,Hidden,Invulnerable"/>
        <Range value="6"/>
        <Period value="1.45"/>
        <Effect value="PhaseDisruptors"/>
        <Options index="Disabled" value="1"/>
    </CWeaponLegacy>
    <CWeaponLegacy id="TempestGround">
        <EditorCategories value="Race:Protoss"/>
        <Icon value="Assets\Textures\btn-upgrade-protoss-airweaponslevel0.dds"/>
        <DisplayEffect value="TempestDamageGround"/>
        <TargetFilters value="Ground,Visible;Missile,Stasis,Dead,Hidden,Invulnerable"/>
        <Range value="15"/>
        <Period value="3.3"/>
        <AllowedMovement value="Slowing"/>
        <Effect value="TempestLaunchMissileGround"/>
    </CWeaponLegacy>
    <CWeaponLegacy id="LanceMissileLaunchers">
        <EditorCategories value="Race:Terran"/>
        <!--Options index="Disabled" value="1"/-->
        <Icon value="Assets\Textures\btn-upgrade-terran-vehicleweaponslevel0.dds"/>
        <DisplayEffect value="LanceMissileLaunchersDamage"/>
        <TargetFilters value="Air,Visible;Missile,Stasis,Dead,Hidden,Invulnerable"/>
        <AcquirePrioritization value="ByAngle"/>
        <Range value="10"/>
        <Arc value="5.625"/>
        <Period value="2"/>
        <LegacyOptions index="KeepChanneling" value="1"/>
        <Effect value="LanceMissileLaunchersDamage"/>
        <!--Effect value="LanceMissileLaunchersLaunchMissile"/-->
    </CWeaponLegacy>
    <CWeaponLegacy id="P38ScytheGuassPistol">
        <MinScanRange value="6"/>
        <Range value="5"/>
    </CWeaponLegacy>
    <CWeaponLegacy id="Oracle">
        <EditorCategories value="Race:Protoss"/>
        <Icon value="Assets\Textures\btn-ability-protoss-oraclepulsarcannonon.dds"/>
        <DisplayEffect value="OracleWeaponDamage"/>
        <TargetFilters value="Ground,Visible;Missile,Stasis,Dead,Hidden,Invulnerable"/>
        <Range value="4"/>
        <RangeSlop value="0"/>
        <Period value="0.86"/>
        <LegacyOptions index="CanRetargetWhileChanneling" value="1"/>
        <LegacyOptions index="NoDeceleration" value="1"/>
        <AllowedMovement value="Slowing"/>
        <Effect value="OracleWeaponCreatePersistent"/>
        <Options index="Disabled" value="1"/>
        <Backswing value="0.75"/>
        <TeleportResetRange value="0"/>
    </CWeaponLegacy>
    <CWeaponLegacy id="RipField">
        <EditorCategories value="Race:Protoss"/>
        <Options index="Hidden" value="1"/>
        <Icon value="Assets\Textures\btn-upgrade-protoss-groundweaponslevel0.dds"/>
        <DisplayEffect value="RipFieldDamage"/>
        <TargetFilters value="Structure,Visible;Missile,Stasis,Dead,Hidden,Invulnerable"/>
        <Period value="2"/>
        <LegacyOptions index="CanRetargetWhileChanneling" value="1"/>
        <AllowedMovement value="Slowing"/>
        <Effect value="RipFieldCreatePersistent"/>
    </CWeaponLegacy>
    <CWeaponLegacy id="Tempest">
        <TargetFilters value="Air,Visible;Missile,Stasis,Dead,Hidden,Invulnerable"/>
    </CWeaponLegacy>
    <CWeaponLegacy id="ThermalLanceAir">
        <EditorCategories value="Race:Protoss"/>
        <Icon value="Assets\Textures\btn-upgrade-protoss-groundweaponslevel0.dds"/>
        <DisplayEffect value="ThermalLancesMUAir"/>
        <DisplayAttackCount value="2"/>
        <TargetFilters value="Air,Visible;Missile,Stasis,Dead,Hidden,Invulnerable"/>
        <AcquirePrioritization value="ByDistanceFromTarget"/>
        <Range value="6"/>
        <RangeSlop value="0"/>
        <Arc value="90"/>
        <Period value="1.65"/>
        <DamagePoint value="0.0832"/>
        <Effect value="ThermalLancesAir"/>
        <LegacyOptions index="KeepChanneling" value="1"/>
        <Options index="Disabled" value="1"/>
    </CWeaponLegacy>
    <CWeaponLegacy id="RavagerWeapon">
        <EditorCategories value="Race:Zerg"/>
        <Icon value="Assets\Textures\btn-upgrade-zerg-missileattacks-level0.dds"/>
        <DisplayEffect value="RavagerWeaponDamage"/>
        <TargetFilters value="Ground,Visible;Missile,Stasis,Dead,Hidden,Invulnerable"/>
        <Range value="6"/>
        <Period value="0.8"/>
        <DamagePoint value="0.2"/>
        <Effect value="RavagerWeaponLM"/>
    </CWeaponLegacy>
    <CWeaponLegacy id="VoidRaySwarmDummy">
        <EditorCategories value="Race:Protoss"/>
        <Icon value="Assets\Textures\btn-upgrade-protoss-airweaponslevel0.dds"/>
        <DisplayEffect value="VoidRaySwarmDamage"/>
        <TargetFilters value="Visible;Missile,Stasis,Dead,Hidden,Invulnerable"/>
        <Range value="6"/>
        <RangeSlop value="2"/>
        <ArcSlop value="39.9902"/>
        <Period value="0.5"/>
        <Backswing value="0.75"/>
        <LegacyOptions index="CanRetargetWhileChanneling" value="1"/>
        <AllowedMovement value="Moving"/>
    </CWeaponLegacy>
    <CWeaponLegacy id="VoidRaySwarm">
        <EditorCategories value="Race:Protoss"/>
        <Icon value="Assets\Textures\btn-upgrade-protoss-airweaponslevel0.dds"/>
        <DisplayEffect value="VoidRaySwarmDamage"/>
        <TargetFilters value="Visible;Missile,Stasis,Dead,Hidden,Invulnerable"/>
        <Range value="6"/>
        <RangeSlop value="2"/>
        <ArcSlop value="39.9902"/>
        <Period value="0.5"/>
        <Backswing value="0.75"/>
        <!--Options index="Hidden" value="1"/>
        <Options index="OnlyFireWhileInAttackOrder" value="0"/>
        <Options index="OnlyFireAtAttackOrderTarget" value="0"/>
        <Options index="LinkedCooldown" value="0"/-->
        <LegacyOptions index="CanRetargetWhileChanneling" value="1"/>
        <AllowedMovement value="Moving"/>
        <TeleportResetRange value="0"/>
    </CWeaponLegacy>
    <CWeaponLegacy id="VoidRaySwarmEnhanced">
        <EditorCategories value="Race:Protoss"/>
        <Icon value="Assets\Textures\btn-upgrade-protoss-airweaponslevel0.dds"/>
        <DisplayEffect value="VoidRaySwarmEnhancedDamage"/>
        <TargetFilters value="Visible;Missile,Stasis,Dead,Hidden,Invulnerable"/>
        <Range value="6"/>
        <RangeSlop value="2"/>
        <ArcSlop value="39.9902"/>
        <Period value="0.5"/>
        <Backswing value="0.75"/>
        <Options index="Disabled" value="1"/>
        <Options index="Hidden" value="1"/>
        <Options index="OnlyFireWhileInAttackOrder" value="0"/>
        <Options index="OnlyFireAtAttackOrderTarget" value="0"/>
        <Options index="LinkedCooldown" value="0"/>
        <LegacyOptions index="CanRetargetWhileChanneling" value="1"/>
        <AllowedMovement value="Moving"/>
        <TeleportResetRange value="0"/>
    </CWeaponLegacy>
    <CWeaponLegacy id="VolatileBurst">
        <Options index="Disabled" value="0"/>
    </CWeaponLegacy>
    <CWeaponLegacy id="VolatileBurstBuilding">
        <Options index="Disabled" value="1"/>
    </CWeaponLegacy>
    <CWeaponLegacy id="KaiserBlades">
        <Cost>
            <Cooldown Link="Abil/UltraliskWeaponCooldown" Location="Unit" TimeUse="0.86"/>
        </Cost>
        <Period value="0.86"/>
    </CWeaponLegacy>
    <CWeaponLegacy id="RepulsorCannon"/>
    <CWeaponLegacy id="HellionTank">
        <Period value="2"/>
    </CWeaponLegacy>
    <CWeaponLegacy id="IonCannons">
        <Range value="5"/>
    </CWeaponLegacy>
    <!--                                                                                         -->
    <!--                                                                                         -->
    <!-- SC 1 Unit ~~~~~~~~~~~~~~~~~~~~~~~~~~~~~~~~~~~~~~~~~~~~~~~~~~~~~~~~~~~~~~~~~~~~~~~~~~~~~ -->
    <!--                                                                                         -->
    <!--                                                                                         -->
    <!--                                                                                         -->
    <!-- Corsair ............................................................................... -->
    <!--                                                                                         -->
    <CWeaponLegacy id="NeutronFlare">
        <EditorCategories value="Race:Protoss"/>
        <Icon value="Assets\Textures\btn-upgrade-protoss-airweaponslevel0.dds"/>
        <TargetFilters value="Air,Visible;Missile,Stasis,Dead,Hidden,Invulnerable"/>
        <Period value="0.4724"/>
    </CWeaponLegacy>
    <!--                                                                                         -->
    <!-- Scout ............................................................................... -->
    <!--                                                                                         -->
    <CWeaponLegacy id="ScoutMPGround">
        <EditorCategories value="Race:Protoss"/>
        <Icon value="Assets\Textures\btn-upgrade-protoss-airweaponslevel0.dds"/>
        <TargetFilters value="Ground,Visible;Missile,Stasis,Dead,Hidden,Invulnerable"/>
        <Range value="4"/>
        <Period value="1.694"/>
        <AllowedMovement value="Slowing"/>
    </CWeaponLegacy>
    <CWeaponLegacy id="ScoutMPAir">
        <EditorCategories value="Race:Protoss"/>
        <Icon value="Assets\Textures\btn-upgrade-protoss-airweaponslevel0.dds"/>
        <DisplayEffect value="ScoutMPAirU"/>
        <DisplayAttackCount value="2"/>
        <TargetFilters value="Air,Visible;Missile,Stasis,Dead,Hidden,Invulnerable"/>
        <Range value="4"/>
        <Period value="1.25"/>
        <AllowedMovement value="Slowing"/>
    </CWeaponLegacy>
    <!--                                                                                         -->
    <!-- Arbiter ............................................................................... -->
    <!--                                                                                         -->
    <CWeaponLegacy id="ArbiterMPWeapon">
        <EditorCategories value="Race:Protoss"/>
        <Icon value="Assets\Textures\btn-upgrade-protoss-airweaponslevel0.dds"/>
        <DisplayEffect value="ArbiterMPWeaponDamage"/>
        <TargetFilters value="Visible;Missile,Stasis,Dead,Hidden,Invulnerable"/>
        <Period value="1.5"/>
        <AllowedMovement value="Slowing"/>
        <Effect value="ArbiterMPWeaponLaunch"/>
    </CWeaponLegacy>
    <!--                                                                                         -->
    <!-- Guardian............................................................................... -->
    <!--                                                                                         -->
    <CWeaponLegacy id="GuardianMPWeapon">
        <EditorCategories value="Race:Zerg"/>
        <Icon value="Assets\Textures\btn-upgrade-zerg-missileattacks-level0.dds"/>
        <DisplayEffect value="GuardianMPWeaponDamage"/>
        <TargetFilters value="Ground,Visible;Missile,Stasis,Dead,Hidden,Invulnerable"/>
        <Range value="9"/>
        <Period value="1.3"/>
        <Effect value="GuardianMPWeaponLM"/>
        <AllowedMovement value="Slowing"/>
    </CWeaponLegacy>
    <!--                                                                                         -->
    <!-- Devourer ............................................................................... -->
    <!--                                                                                         -->
    <CWeaponLegacy id="DevourerMPWeapon">
        <EditorCategories value="Race:Zerg"/>
        <Icon value="Assets\Textures\btn-upgrade-zerg-airattacks-level0.dds"/>
        <DisplayEffect value="DevourerMPWeaponDamage"/>
        <TargetFilters value="Air,Visible;Missile,Stasis,Dead,Hidden,Invulnerable"/>
        <Period value="3"/>
        <AllowedMovement value="Slowing"/>
        <Effect value="DevourerMPWeaponLaunch"/>
    </CWeaponLegacy>
    <!--                                                                                         -->
    <!-- Scourge ............................................................................... -->
    <!--                                                                                         -->
    <CWeaponLegacy id="ScourgeMPWeapon">
        <EditorCategories value="Race:Zerg"/>
        <Icon value="Assets\Textures\btn-upgrade-zerg-airattacks-level0.dds"/>
        <DisplayEffect value="ScourgeMPWeaponDamage"/>
        <TargetFilters value="Air,Visible;Missile,Stasis,Dead,Hidden,Invulnerable"/>
        <Range value="0"/>
        <AllowedMovement value="Moving"/>
        <Effect value="ScourgeMPWeaponSet"/>
        <DamagePoint value="0"/>
        <LegacyOptions index="NoDeceleration" value="1"/>
    </CWeaponLegacy>
    <CWeaponLegacy id="HERCWeapon">
        <EditorCategories value="Race:Terran"/>
        <Icon value="Assets\Textures\btn-upgrade-terran-infantryweaponslevel0.dds"/>
        <DisplayEffect value="HERCWeaponDamage"/>
        <TargetFilters value="Ground,Visible;Missile,Stasis,Dead,Hidden,Invulnerable"/>
        <Range value="6"/>
        <Period value="1.5"/>
        <DamagePoint value="0.2"/>
        <Effect value="HERCWeaponDamage"/>
    </CWeaponLegacy>
    <CWeaponLegacy id="Adept">
        <EditorCategories value="Race:Protoss"/>
        <Icon value="Assets\Textures\btn-upgrade-protoss-groundweaponslevel0.dds"/>
        <DisplayEffect value="AdeptDamage"/>
        <TargetFilters value="Ground,Visible;Missile,Stasis,Dead,Hidden,Invulnerable"/>
        <Range value="4"/>
        <Period value="2.25"/>
        <Effect value="AdeptLM"/>
    </CWeaponLegacy>
    <CWeaponLegacy id="LiberatorMissileLaunchers">
        <EditorCategories value="Race:Terran"/>
        <Icon value="Assets\Textures\btn-upgrade-terran-shipweaponslevel0.dds"/>
        <DisplayEffect value="LiberatorMissileDamage"/>
        <DisplayAttackCount value="2"/>
        <TargetFilters value="Air,Visible;Missile,Stasis,Dead,Hidden,Invulnerable"/>
        <Period value="1.8"/>
        <Effect value="LiberatorMissileBurstPersistent"/>
        <AllowedMovement value="Slowing"/>
    </CWeaponLegacy>
    <CWeaponLegacy id="LiberatorAGWeapon">
        <EditorCategories value="Race:Terran"/>
        <Icon value="Assets\Textures\btn-upgrade-terran-shipweaponslevel0.dds"/>
        <DisplayEffect value="LiberatorAGDamage"/>
        <TargetFilters value="Ground,Visible;Structure,Missile,Stasis,Dead,Hidden,Invulnerable"/>
        <Range value="13"/>
        <Arc value="360"/>
        <DamagePoint value="0.125"/>
        <Period value="1.6"/>
        <Effect value="LiberatorAGMissileLMSet"/>
    </CWeaponLegacy>
    <CWeaponLegacy id="SlaynElementalWeapon">
        <EditorCategories value="Race:Zerg"/>
        <Options index="Hidden" value="1"/>
        <Icon value="Assets\Textures\btn-upgrade-zerg-missileattacks-level0.dds"/>
        <DisplayEffect value="SlaynElementalWeaponDamage"/>
        <TargetFilters value="Visible;Missile,Stasis,Dead,Hidden,Invulnerable"/>
        <Arc value="360"/>
        <Period value="0.83"/>
        <DamagePoint value="0.208"/>
        <Effect value="SlaynElementalWeaponDamage"/>
    </CWeaponLegacy>
    <CWeaponLegacy id="ATSLaserBattery">
        <!-- No longer need to turn b/c of rigid turrets.  We have look ats now. -->
        <Arc value="360"/>
    </CWeaponLegacy>
</Catalog>
