<?xml version="1.0" encoding="us-ascii"?>
<Catalog>
    <CAchievement default="1">
        <Name value="Achievement/Name/##id##"/>
        <Description value="Achievement/Description/##id##"/>
        <Filters index="MapSignature" value="1"/>
        <Filters index="MatchNoExtensions" value="1"/>
        <Filters index="MatchParticipant" value="1"/>
        <Flags index="Enabled" value="1"/>
        <Icon value="##id##"/>
        <Points value="10"/>
        <TermTable value="##id##"/>
        <RewardTable value="##id##_Portrait"/>
        <RewardTable value="##id##_Decal_Protoss"/>
        <RewardTable value="##id##_Decal_Terran"/>
        <RewardTable value="##id##_Decal_Zerg"/>
        <Tags Value="CSTM" Check="Absent"/>
    </CAchievement>

</Catalog>
