<?xml version="1.0" encoding="us-ascii"?>
<Catalog>
    <CButton default="1">
        <Name value="Button/Name/##id##"/>
        <Tooltip value="Button/Tooltip/##id##"/>
        <AlertName value="Button/Name/##id##"/>
        <AlertTooltip value="Button/Tooltip/##id##"/>
        <Hotkey value="Button/Hotkey/##id##"/>
        <HotkeyAlias value="##id##"/>
        <TooltipFlags index="ShowName" value="1"/>
        <TooltipFlags index="ShowHotkey" value="1"/>
        <TooltipFlags index="ShowLevel" value="1"/>
        <TooltipFlags index="ShowResources" value="1"/>
        <TooltipFlags index="ShowSupply" value="1"/>
        <TooltipFlags index="ShowUsage" value="1"/>
        <TooltipFlags index="ShowTime" value="1"/>
        <TooltipFlags index="ShowCooldown" value="1"/>
        <TooltipFlags index="ShowRequirements" value="1"/>
        <TooltipFlags index="ShowAutocast" value="1"/>
        <UseHotkeyLabel value="1"/>zz
    </CButton>
    <CButton id="Taunt"/>
    <CButton id="Move">
        <Icon value="Assets\Textures\btn-command-move.dds"/>
        <AlertIcon value="Assets\Textures\btn-command-move.dds"/>
        <EditorCategories value="Race:Neutral"/>
        <TintRacially value="1"/>
        <Universal value="1"/>
    </CButton>
    <CButton id="BeaconMove">
        <Icon value="Assets\Textures\btn-command-move.dds"/>
        <AlertIcon value="Assets\Textures\btn-command-move.dds"/>
        <EditorCategories value="Race:Neutral"/>
        <TintRacially value="1"/>
        <Universal value="1"/>
    </CButton>
    <CButton id="MovePatrol">
        <Icon value="Assets\Textures\btn-command-patrol.dds"/>
        <AlertIcon value="Assets\Textures\btn-command-patrol.dds"/>
        <EditorCategories value="Race:Neutral"/>
        <TintRacially value="1"/>
        <Universal value="1"/>
    </CButton>
    <CButton id="MoveHoldPosition">
        <Icon value="Assets\Textures\btn-command-holdposition.dds"/>
        <AlertIcon value="Assets\Textures\btn-command-holdposition.dds"/>
        <EditorCategories value="Race:Neutral"/>
        <TintRacially value="1"/>
        <Universal value="1"/>
    </CButton>
    <CButton id="AcquireMove">
        <Icon value="Assets\Textures\btn-command-attack.dds"/>
        <AlertIcon value="Assets\Textures\btn-command-attack.dds"/>
        <EditorCategories value="Race:Neutral"/>
        <TintRacially value="1"/>
        <HotkeyAlias value="Attack"/>
    </CButton>
    <CButton id="Turn">
        <Icon value="Assets\Textures\btn-command-move.dds"/>
        <AlertIcon value="Assets\Textures\btn-command-move.dds"/>
        <EditorCategories value="Race:Neutral"/>
        <TintRacially value="1"/>
        <Universal value="1"/>
    </CButton>
    <CButton id="Stop">
        <Icon value="Assets\Textures\btn-command-stop.dds"/>
        <AlertIcon value="Assets\Textures\btn-command-stop.dds"/>
        <EditorCategories value="Race:Neutral"/>
        <TintRacially value="1"/>
        <Universal value="1"/>
    </CButton>
    <CButton id="StopSpecial">
        <Icon value="Assets\Textures\btn-command-stop.dds"/>
        <AlertIcon value="Assets\Textures\btn-command-stop.dds"/>
        <EditorCategories value="Race:Neutral"/>
        <TintRacially value="1"/>
        <Universal value="1"/>
    </CButton>
    <CButton id="Cheer">
        <Icon value="Assets\Textures\btn-command-stop.dds"/>
        <AlertIcon value="Assets\Textures\btn-command-stop.dds"/>
        <EditorCategories value="Race:Neutral"/>
        <TintRacially value="1"/>
        <Universal value="1"/>
    </CButton>
    <CButton id="Dance">
        <Icon value="Assets\Textures\btn-command-stop.dds"/>
        <AlertIcon value="Assets\Textures\btn-command-stop.dds"/>
        <EditorCategories value="Race:Neutral"/>
        <TintRacially value="1"/>
        <Universal value="1"/>
    </CButton>
    <CButton id="HoldFire">
        <Icon value="Assets\Textures\BTN-Ability-Terran-HoldFire.dds"/>
        <AlertIcon value="Assets\Textures\BTN-Ability-Terran-HoldFire.dds"/>
        <EditorCategories value="Race:Neutral"/>
        <TintRacially value="1"/>
        <Universal value="1"/>
    </CButton>
    <CButton id="HoldFireSpecial">
        <Icon value="Assets\Textures\BTN-Ability-Terran-HoldFire.dds"/>
        <AlertIcon value="Assets\Textures\BTN-Ability-Terran-HoldFire.dds"/>
        <EditorCategories value="Race:Neutral"/>
        <TintRacially value="1"/>
        <Universal value="1"/>
    </CButton>
    <CButton id="Cancel">
        <Icon value="Assets\Textures\btn-command-cancel.dds"/>
        <AlertIcon value="Assets\Textures\btn-command-cancel.dds"/>
        <EditorCategories value="Race:Neutral"/>
        <TintRacially value="1"/>
        <Universal value="1"/>
    </CButton>
    <CButton id="CancelBuilding">
        <Icon value="Assets\Textures\btn-command-cancel.dds"/>
        <AlertIcon value="Assets\Textures\btn-command-cancel.dds"/>
        <EditorCategories value="Race:Neutral"/>
        <TintRacially value="1"/>
        <HotkeyAlias value="Cancel"/>
    </CButton>
    <CButton id="Halt">
        <Icon value="Assets\Textures\btn-command-stop.dds"/>
        <AlertIcon value="Assets\Textures\btn-command-stop.dds"/>
        <EditorCategories value="Race:Neutral"/>
        <TintRacially value="1"/>
        <Universal value="1"/>
    </CButton>
</Catalog>
