<?xml version="1.0" encoding="us-ascii"?>
<Catalog>
    <CCampaign default="1">
        <Name value="Campaign/Name/##id##"/>
        <NameArray index="Standard" value="Campaign/Name/##id##"/>
        <NameArray index="Deluxe" value="Campaign/Name/##id##DigitalDeluxe"/>
        <NameArray index="MissionBundle" value="Campaign/Name/##id##MissionBundle"/>
        <NameArray index="MissionPack" value="Campaign/Name/##id##MissionPack"/>
        <NameArray index="PromoStandard" value="Campaign/Name/##id##PromoStandard"/>
        <NameArray index="PromoDeluxe" value="Campaign/Name/##id##PromoDeluxe"/>
    </CCampaign>
</Catalog>
