<?xml version="1.0" encoding="us-ascii"?>
<Catalog>
    <CCharacter default="1">
        <Name value="Character/Name/##id##"/>
        <RaceCustom value="Character/Race/##id##"/>
        <Attitude value="Character/Attitude/##id##"/>
        <Timbre value="Character/Timbre/##id##"/>
        <Dialect value="Character/Dialect/##id##"/>
        <VoiceRef value="Character/VoiceRef/##id##"/>
        <Description value="Character/Description/##id##"/>
        <Gender value="Male"/>
        <Voice value="Cepstral Allison"/>
    </CCharacter>
</Catalog>
