<?xml version="1.0" encoding="us-ascii"?>
<Catalog>
    <CCommander default="1">
        <RequiredRewardArray value="Commander##id##"/>
        <Name value="Commander/Name/##id##"/>
        <Description value="Commander/Description/##id##"/>
        <PurchaseMessage value="Commander/PurchaseMessage/##id##"/>
        <Details value="Commander/Details/##id##"/>
        <Portrait value="Assets\Textures\UI_commanderportrait_##id##.dds"/>
        <HomePanelImage value="Assets\Textures\ui_homepanel_commander_##id##.dds"/>
        <CutsceneFilterSelf value="##id##"/>
        <CutsceneFilterAlly value="##id##Ally"/>
        <LoadingImage value="Assets\Textures\ui_loading_coop_hero_##id##.dds"/>
        <LoadingImageAlly value="Assets\Textures\ui_loading_coop_hero_##id##.dds"/>
        <TraitIcon value="Assets\Textures\UI_commandertraiticon_##id##.dds"/>
        <CommanderAbilTitle value="Commander/AbilTitle/##id##"/>
        <Movie value="Assets\Textures\video_AC_##id##.ogv"/>
        <ProductName value="Commander/ProductName/##id##"/>
    </CCommander>

    <SCommanderTalentTree default="1">
        <IsHidden value="0"/>
    </SCommanderTalentTree>

    <SCommanderDifficultyLevel default="1">
        <CommanderLevel value="0"/>
        <BonusModifier value="0"/>
        <IsDefault value="0"/>
    </SCommanderDifficultyLevel>
</Catalog>