<?xml version="1.0" encoding="us-ascii"?>
<Catalog>
    <CFootprint default="1">
        <Flags index="CheckAll" value="1"/>
        <Layers index="Check" Area="-1,-1,1,1">
            <Sets Character="x">
                <Negative index="NoBuild" value="1"/>
                <Negative index="Creep" value="1"/>
                <Negative index="Masked" value="1"/>
            </Sets>
        </Layers>
        <Layers index="Place" Area="-1,-1,1,1">
            <Sets Character="x">
                <Positive index="GroundNoSpawn" value="1"/>
                <Positive index="NoBuild" value="1"/>
            </Sets>
        </Layers>
    </CFootprint>
</Catalog>
