<?xml version="1.0" encoding="us-ascii"?>
<Catalog>
    <CFoW default="1">
        <Color value="192,0,0,0"/>
        <BlendSpeed value="2"/>
    </CFoW>
    <CFoW id="Dark">
        <Color value="165,0,0,0"/>
        <BlendSpeed value="2"/>
    </CFoW>
    <CFoW id="Black">
        <Hidden value="1"/>
        <UnhideRadius value="4"/>
        <Color value="165,0,0,0"/>
        <BlendSpeed value="2"/>
    </CFoW>
    <CFoW id="BlackNoUnhide">
        <Hidden value="1"/>
        <Color value="165,0,0,0"/>
        <Expand value="1"/>
        <BlendSpeed value="2"/>
    </CFoW>
</Catalog>