<?xml version="1.0" encoding="us-ascii"?>
<Catalog>
	<CLensFlareSet id="Default">
		<Flare Template="Sun" Model="LensFlareSunDefault" />
		<Flare Template="SimpleGlow" Model="LensFlareSimpleGlowDefault" />
		<Flare Template="SimpleStreaks" Model="LensFlareSimpleStreaksDefault" />
		<Flare Template="MedGlow" Model="LensFlareMedGlowDefault" />
		<Flare Template="MedStreaks" Model="LensFlareMedStreaksDefault" />
		<Flare Template="LargeGlow" Model="LensFlareLargeGlowDefault" />
		<Flare Template="LargeStreaks" Model="LensFlareLargeStreaksDefault" />
		<Flare Template="ChromaticAbberation" Model="LensFlareChromaticAbberationDefault" />
		<Flare Template="HorizontalFlare" Model="LensFlareHorizontalFlareDefault" />
	</CLensFlareSet>
</Catalog>
