<?xml version="1.0" encoding="us-ascii"?>
<Catalog>
    <SLightInfo>
        <AmbientColor value="0.156863,0.003922,0.003922"/>
        <UseSeparateDetailSSAO value="1"/>
        <Param index="HDRExposure" value="2.350000"/>
        <Param index="HDRBloomThreshold" value="1.000000"/>
        <Param index="HDRAmbientMultiplier" value="1.000000"/>
        <Param index="HDRDiffuseMultiplier" value="1.000000"/>
        <Param index="HDRWhitePoint" value="2.000000"/>
        <Param index="HDRSpecMultiplier" value="1.000000"/>
        <Param index="HDREmisMultiplier" value="1.000000"/>
        <Param index="HDRGain" value="1.000000"/>
        <Param index="HDRScale" value="1.000000"/>
        <Param index="TerrainSpecularExp" value="100.000000"/>
        <Param index="TerrainHDRDiffuse" value="1.000000"/>
        <Param index="TerrainHDRSpecular" value="1.000000"/>
        <Param index="CreepSpecularExp" value="32.000000"/>
        <Param index="CreepHDRDiffuseMultiplier" value="1.000000"/>
        <Param index="CreepHDRSpecMultiplier" value="2.000000"/>
        <Param index="CreepHDREmisMultiplier" value="1.000000"/>
        <Param index="ColorizationInputHigh" value="1.000000"/>
        <Param index="ColorizationInputGamma" value="1.000000"/>
        <Param index="ColorizationOutputHigh" value="1.000000"/>
        <Param index="ColorizationBrightness" value="1.000000"/>
        <Param index="ColorizationContrast" value="1.000000"/>
        <Param index="ColorizationBlend" value="0.500000"/>
        <Param index="AOOcclusionRadius" value="0.100000"/>
        <Param index="AONoOcclusion" value="0.020000"/>
        <Param index="AOOcclusionPower" value="1.970000"/>
        <Param index="AODetailOcclusionRadius" value="0.023000"/>
        <Param index="AODetailNoOcclusion" value="0.015000"/>
        <Param index="AODetailOcclusionPower" value="3.610000"/>
        <Param index="ShadowPenumbraSize" value="0.050000"/>
        <DirectionalLight index="Key">
            <UseAmbientOcclusion value="0"/>
            <Color value="1.000000,1.000000,1.000000"/>
            <ColorMultiplier value="0.800000"/>
            <SpecularColor value="1.000000,1.000000,1.000000"/>
            <SpecColorMultiplier value="1.020000"/>
            <Direction value="-0.560000,0.490000,-0.660000"/>
        </DirectionalLight>
        <DirectionalLight index="Fill">
            <Color value="0.992157,0.921569,0.666667"/>
            <ColorMultiplier value="0.700000"/>
            <SpecularColor value="1.000000,1.000000,1.000000"/>
            <SpecColorMultiplier value="1.000000"/>
            <Direction value="0.771629,-0.243442,-0.587644"/>
        </DirectionalLight>
        <DirectionalLight index="Back">
            <ColorMultiplier value="0.700000"/>
            <SpecularColor value="1.000000,1.000000,1.000000"/>
            <SpecColorMultiplier value="1.000000"/>
            <Direction value="0.771629,-0.243442,-0.587644"/>
        </DirectionalLight>
    </SLightInfo>
    <CLight default="1" id="default">
        <TimePerDay value="24:00:00"/>
        <TimePerLoop value="05"/>
        <TimeStart value="06:00:00"/>
        <TimeEventArray index="Dawn" Time="06:00:00" Name="e_gameTimeEventDawn"/>
        <TimeEventArray index="Dusk" Time="18:00:00" Name="e_gameTimeEventDusk"/>
        <ToDInfoArray/>
    </CLight>
    <CLight id="DefaultLight">
        <ToDInfoArray AmbientColor="0.454902,0.509804,0.454902" Colorize="1">
            <Param index="HDRExposure" value="1.600000"/>
            <Param index="HDRBloomThreshold" value="1.500000"/>
            <Param index="HDRWhitePoint" value="1.850000"/>
            <Param index="TerrainSpecularExp" value="34.330002"/>
            <Param index="TerrainHDRDiffuse" value="0.900000"/>
            <Param index="TerrainHDRSpecular" value="2.410000"/>
            <Param index="CreepHDRSpecMultiplier" value="0.800000"/>
            <Param index="ColorizationContrast" value="1.060000"/>
            <Param index="ColorizationHue" value="0.080000"/>
            <Param index="ColorizationSaturation" value="0.220000"/>
            <Param index="ColorizationBlend" value="0.300000"/>
            <DirectionalLight index="Key">
                <Color value="1.000000,0.992157,0.901961"/>
                <ColorMultiplier value="1.020000"/>
                <SpecColorMultiplier value="1.250000"/>
                <Direction value="0.412953,-0.598833,-0.686199"/>
            </DirectionalLight>
            <DirectionalLight index="Fill" Color="0.403922,0.458824,0.792157" ColorMultiplier="0.730000" Direction="0.939778,-0.328921,-0.092892"/>
            <DirectionalLight index="Back" Color="0.137255,0.392157,0.694118" ColorMultiplier="1.060000" Direction="0.910194,0.309146,0.275637"/>
        </ToDInfoArray>
        <EditorCategories value="LightGroup:Tilesets"/>
    </CLight>
    <CLight id="MainMenuSwarm_Low" parent="default">
        <ToDInfoArray index="0" AmbientColor="0.039216,0.078431,0.156863">
            <Param index="HDRExposure" value="1.000000"/>
            <Param index="HDRGain" value="0.000000"/>
            <Param index="HDRScale" value="0.000000"/>
            <DirectionalLight index="Key">
                <Color value="0.854902,0.945098,1.000000"/>
                <ColorMultiplier value="0.537000"/>
                <SpecularColor value="1.000000,0.803922,0.619608"/>
                <SpecColorMultiplier value="0.437000"/>
                <Direction value="0.130342,0.961501,0.241922"/>
            </DirectionalLight>
            <DirectionalLight index="Fill" Color="1.000000,0.784314,0.521569" ColorMultiplier="1.641000" Direction="-0.677058,-0.724787,-0.127584"/>
            <DirectionalLight index="Back" Color="1.000000,0.784314,0.521569" ColorMultiplier="2.399000" Direction="0.692220,-0.700484,-0.173648"/>
        </ToDInfoArray>
        <EditorCategories value="LightGroup:UI"/>
    </CLight>
    <CLight id="NoLight">
        <ToDInfoArray>
            <Param index="HDRExposure" value="1.000000"/>
            <Param index="HDRGain" value="0.000000"/>
            <Param index="HDRScale" value="0.000000"/>
            <DirectionalLight index="Key" Direction="0.000000,0.000000,-1.000000"/>
            <DirectionalLight index="Fill" Direction="0.000000,0.000000,-1.000000"/>
            <DirectionalLight index="Back" Direction="0.000000,0.000000,-1.000000"/>
        </ToDInfoArray>
    </CLight>
    <CLight id="GlueBackground" parent="default">
        <ToDInfoArray index="0" AmbientColor="0.082353,0.145098,0.141176" Colorize="1">
            <Param index="HDRExposure" value="1.450000"/>
            <Param index="HDRBloomThreshold" value="0.345000"/>
            <Param index="HDRSpecMultiplier" value="2.630000"/>
            <Param index="HDREmisMultiplier" value="0.560000"/>
            <Param index="CreepSpecularExp" value="40.000000"/>
            <Param index="CreepHDRSpecMultiplier" value="5.900000"/>
            <Param index="ColorizationContrast" value="1.044000"/>
            <Param index="ColorizationBlend" value="0.000000"/>
            <DirectionalLight index="Key">
                <Color value="0.737255,0.886275,1.000000"/>
                <ColorMultiplier value="1.799000"/>
                <SpecularColor value="0.654902,0.847059,1.000000"/>
                <SpecColorMultiplier value="1.928000"/>
                <Direction value="0.169115,-0.974000,-0.150743"/>
            </DirectionalLight>
            <DirectionalLight index="Fill" Color="1.000000,0.321569,0.301961" ColorMultiplier="0.275000" Direction="-0.226722,0.930757,-0.286859"/>
            <DirectionalLight index="Back" Color="0.349020,0.486275,1.000000" ColorMultiplier="1.884000" Direction="0.753593,-0.619669,-0.219336"/>
        </ToDInfoArray>
        <EditorCategories value="LightGroup:UI"/>
    </CLight>
    <CLight id="MainMenuSwarm" parent="default">
        <EditorCategories value="LightGroup:UI"/>
        <ToDInfoArray index="0" AmbientColor="0.039216,0.078431,0.156863" OperatorHDR="3">
            <Param index="HDRExposure" value="1.000000"/>
            <Param index="HDRGain" value="0.000000"/>
            <Param index="HDRScale" value="0.000000"/>
            <DirectionalLight index="Key">
                <Color value="0.686275,0.854902,1.000000"/>
                <ColorMultiplier value="0.232000"/>
                <SpecularColor value="1.000000,0.803922,0.619608"/>
                <SpecColorMultiplier value="0.437000"/>
                <Direction value="-0.011694,-0.000000,-0.999932"/>
            </DirectionalLight>
            <DirectionalLight index="Fill" Color="0.564706,0.784314,1.000000" ColorMultiplier="0.093000" Direction="-0.918470,0.178366,-0.352985"/>
            <DirectionalLight index="Back" Color="1.000000,0.501961,0.247059" ColorMultiplier="0.114000" Direction="0.986469,0.115709,0.116151"/>
        </ToDInfoArray>
    </CLight>
    <CLight id="MainMenuDefault" parent="default">
        <EditorCategories value="LightGroup:UI"/>
        <ToDInfoArray index="0" AmbientColor="0.039216,0.078431,0.156863" OperatorHDR="3">
            <Param index="HDRExposure" value="1.000000"/>
            <Param index="HDRGain" value="0.000000"/>
            <Param index="HDRScale" value="0.000000"/>
            <DirectionalLight index="Key">
                <Color value="0.686275,0.854902,1.000000"/>
                <ColorMultiplier value="0.232000"/>
                <SpecularColor value="1.000000,0.803922,0.619608"/>
                <SpecColorMultiplier value="0.437000"/>
                <Direction value="-0.011694,-0.000000,-0.999932"/>
            </DirectionalLight>
            <DirectionalLight index="Fill" Color="0.564706,0.784314,1.000000" ColorMultiplier="0.093000" Direction="-0.918470,0.178366,-0.352985"/>
            <DirectionalLight index="Back" Color="1.000000,0.501961,0.247059" ColorMultiplier="0.114000" Direction="0.986469,0.115709,0.116151"/>
        </ToDInfoArray>
    </CLight>
    <CLight id="CinematicBaseLighting" parent="default">
        <ToDInfoArray index="0" AmbientColor="0.235294,0.235294,0.235294" OperatorHDR="3">
            <Param index="HDRExposure" value="1.475000"/>
            <DirectionalLight index="Key" ColorMultiplier="1.000000" SpecColorMultiplier="1.000000" Direction="-0.684739,0.611797,-0.396026"/>
            <DirectionalLight index="Fill" Color="1.000000,1.000000,1.000000" ColorMultiplier="0.102000" Direction="0.946896,0.299828,-0.116151"/>
            <DirectionalLight index="Back" Color="1.000000,1.000000,1.000000" ColorMultiplier="0.543000" Direction="0.649081,-0.724939,-0.230559"/>
        </ToDInfoArray>
    </CLight>
    <CLight id="UIAlliedCommander" parent="default">
        <ToDInfoArray index="0" Id="UIAlliedCommander" AmbientColor="0.101961,0.062745,0.031373" OperatorHDR="4">
            <Param index="HDRExposure" value="1.000000"/>
            <DirectionalLight index="Key">
                <Color value="1.000000,0.909804,0.803922"/>
                <ColorMultiplier value="0.000000"/>
                <SpecColorMultiplier value="0.000000"/>
                <Direction value="-0.706218,0.204641,-0.677775"/>
            </DirectionalLight>
            <DirectionalLight index="Fill" Color="0.498039,0.713726,1.000000" ColorMultiplier="0.000000" Direction="0.665929,0.393515,-0.633786"/>
            <DirectionalLight index="Back" Color="1.000000,0.835294,0.666667" ColorMultiplier="0.000000" Direction="0.459543,-0.860646,-0.219336"/>
        </ToDInfoArray>
        <EditorCategories value="LightGroup:UI"/>
    </CLight>
    <CLight id="UIZeratulPrologue" parent="default">
        <ToDInfoArray index="0">
            <Id value="UIZeratulPrologue"/>
            <AmbientColor value="0.054902,0.129412,0.200000"/>
            <AmbientEnvironmentMultiplier value="0.000000"/>
            <OperatorHDR value="4"/>
            <Param index="HDRExposure" value="1.000000"/>
            <Param index="HDRBloomThreshold" value="0.750000"/>
            <Param index="HDRWhitePoint" value="1.850000"/>
            <Param index="TerrainSpecularExp" value="11.210000"/>
            <Param index="TerrainHDRSpecular" value="3.750000"/>
            <Param index="CreepSpecularExp" value="30.000000"/>
            <Param index="CreepHDRSpecMultiplier" value="3.000000"/>
            <Param index="ColorizationBlend" value="0.303000"/>
            <DirectionalLight index="Key">
                <Color value="0.858824,0.921569,1.000000"/>
                <ColorMultiplier value="0.000000"/>
                <SpecularColor value="0.435294,0.654902,1.000000"/>
                <SpecColorMultiplier value="0.000000"/>
                <Direction value="0.652033,0.356534,-0.669131"/>
            </DirectionalLight>
            <DirectionalLight index="Fill" Color="0.760784,0.839216,1.000000" ColorMultiplier="0.000000" Direction="-0.635108,-0.597240,-0.489839"/>
            <DirectionalLight index="Back" Color="0.478431,0.721569,1.000000" ColorMultiplier="0.000000" Direction="0.615396,0.785126,-0.069756"/>
        </ToDInfoArray>
        <EditorCategories value="LightGroup:UI"/>
        <AmbientEnvironmentMap value="Assets\Textures\smx2_ambientcubemap_armyroom_default.dds"/>
    </CLight>
    <CLight id="UIZeratulPrologue_Low" parent="default">
        <ToDInfoArray index="0" Id="UIZeratulPrologue_Low" AmbientColor="0.000000,0.074510,0.243137" OperatorHDR="4">
            <Param index="HDRExposure" value="1.000000"/>
            <DirectionalLight index="Key">
                <Color value="0.921569,0.956863,1.000000"/>
                <ColorMultiplier value="1.000000"/>
                <SpecColorMultiplier value="1.000000"/>
                <Direction value="0.840312,0.183525,-0.510093"/>
            </DirectionalLight>
            <DirectionalLight index="Fill" Color="0.764706,0.878431,1.000000" ColorMultiplier="0.367000" Direction="-0.610350,0.561049,-0.559193"/>
            <DirectionalLight index="Back" Color="0.913726,0.960784,1.000000" ColorMultiplier="4.074000" Direction="-0.535951,-0.842248,-0.058086"/>
        </ToDInfoArray>
        <EditorCategories value="LightGroup:UI"/>
    </CLight>
</Catalog>
