<?xml version="1.0" encoding="us-ascii"?>
<Catalog>
    <CMap default="1">
        <Name value="Map/Name/##id##"/>
        <Description value="Map/Description/##id##"/>
        <Summary value="Map/Summary/##id##"/>
        <LoadingTitle value="Map/LoadingTitle/##id##"/>
        <LoadingSubtitle value="Map/LoadingSubtitle/##id##"/>
        <LoadingBody value="Map/LoadingBody/##id##"/>
        <LoadingHelp value="Map/LoadingHelp/##id##"/>
        <LoadingHelpRestart value="Map/LoadingHelpRestart/##id##"/>
        <LoadingHelpAlternate value="Map/LoadingHelpAlternate/##id##"/>
		<BonusText value="Map/BonusText/##id##"/>
		<BonusTitle value="UI/MissionSelectBonusTitle"/>
		<MissionText value="Map/Name/##id##"/>
		<MissionTitle value="Map/DefaultMissionTitle"/>
		<PrimaryObjectiveText value="Map/PrimaryObjectiveText/##id##"/>
		<PrimaryObjectiveTitle value="UI/MissionSelectObjectiveTitle"/>
		<ResearchText value="Map/ResearchText/##id##"/>
		<ResearchTitle value="Map/ResearchTitle/##id##"/>
		<RewardText value="Map/RewardText/##id##"/>
		<RewardTitle value="UI/MissionSelectRewardTitle"/>
		<SecondaryObjectiveText value="Map/SecondaryObjectiveText/##id##"/>
		<SecondaryObjectiveTitle value="Map/SecondaryObjectiveTitle/##id##"/>
		<TechnologyNameText value="Map/TechnologyNameText/##id##"/>
		<TechnologyTitle value="Map/DefaultTechnologyTitle"/>
    </CMap>
</Catalog>
