<?xml version="1.0" encoding="us-ascii"?>
<Catalog>
    <CMount default="1">
        <Name value="Mount/Name/##id##"/>
        <InfoText value="Mount/Info/##id##"/>
        <Model value="##id##"/>
        <VariationIcon value="Assets/Textures/ui_glues_heroselect_mount_##id##.dds"/>
        <AdditionalSearchText value="Mount/AdditionalSearchText/##id##"/>
        <HyperlinkId value="##id##"/>
        <ReleaseDate>
            <Month value="1"/>
            <Day value="1"/>
            <Year value="2014"/>
        </ReleaseDate>
    </CMount>
</Catalog>
