<?xml version="1.0" encoding="us-ascii"?>
<Catalog>
    <!--                                                                                         -->
    <!-- Built-in materials. =================================================================== -->
    <!--                                                                                         -->
    <!-- Changing these does not mean they override the default values built into the models.
         But they can be used as defaults that can be derived from in part or in whole when
         overriding various physics materials.  It is also possible to override a physics
         material with the same material, but with different values.                             -->
    <CPhysicsMaterial id="Bone">
        <Density value="1500.000000"/>
        <Friction value="0.800000"/>
        <Restitution value="0.100000"/>
        <LinearDamping value="0.010000"/>
        <AngularDamping value="0.010000"/>
    </CPhysicsMaterial>
    <CPhysicsMaterial id="ClothHeavy">
        <Density value="800.000000"/>
        <Friction value="0.500000"/>
        <LinearDamping value="0.300000"/>
        <AngularDamping value="0.200000"/>
    </CPhysicsMaterial>
    <CPhysicsMaterial id="ClothLight">
        <Density value="400.000000"/>
        <Friction value="0.500000"/>
        <LinearDamping value="0.400000"/>
        <AngularDamping value="0.250000"/>
    </CPhysicsMaterial>
    <CPhysicsMaterial id="Creep">
        <Density value="1200.000000"/>
        <Friction value="0.800000"/>
        <Restitution value="0.100000"/>
        <LinearDamping value="0.100000"/>
        <AngularDamping value="0.100000"/>
    </CPhysicsMaterial>
    <CPhysicsMaterial id="Dirt">
        <Density value="1600.000000"/>
        <Friction value="0.400000"/>
        <Restitution value="0.100000"/>
        <LinearDamping value="0.010000"/>
        <AngularDamping value="0.010000"/>
    </CPhysicsMaterial>
    <CPhysicsMaterial id="EnergyShield">
        <Friction value="0.200000"/>
        <Restitution value="0.500000"/>
        <LinearDamping value="0.010000"/>
        <AngularDamping value="0.010000"/>
    </CPhysicsMaterial>
    <CPhysicsMaterial id="Flesh">
        <Density value="800.000000"/>
        <Friction value="0.900000"/>
        <Restitution value="0.100000"/>
        <LinearDamping value="0.010000"/>
        <AngularDamping value="0.010000"/>
    </CPhysicsMaterial>
    <CPhysicsMaterial id="Hair">
        <Density value="300.000000"/>
        <Friction value="0.400000"/>
        <LinearDamping value="0.300000"/>
        <AngularDamping value="0.200000"/>
    </CPhysicsMaterial>
    <CPhysicsMaterial id="Ice">
        <Density value="800.000000"/>
        <Friction value="0.300000"/>
    </CPhysicsMaterial>
    <CPhysicsMaterial id="Lava">
        <Density value="2000.000000"/>
        <Friction value="0.200000"/>
        <LinearDamping value="0.100000"/>
        <AngularDamping value="0.100000"/>
    </CPhysicsMaterial>
    <CPhysicsMaterial id="LightArmor">
        <Density value="950.000000"/>
        <Friction value="0.900000"/>
        <Restitution value="0.100000"/>
        <LinearDamping value="0.010000"/>
        <AngularDamping value="0.010000"/>
    </CPhysicsMaterial>
    <CPhysicsMaterial id="MetalHeavy">
        <Density value="4000.000000"/>
        <Friction value="0.700000"/>
        <Restitution value="0.100000"/>
        <LinearDamping value="0.010000"/>
        <AngularDamping value="0.010000"/>
    </CPhysicsMaterial>
    <CPhysicsMaterial id="MetalLight">
        <Density value="2500.000000"/>
        <Friction value="0.700000"/>
        <Restitution value="0.100000"/>
        <LinearDamping value="0.010000"/>
        <AngularDamping value="0.010000"/>
    </CPhysicsMaterial>
    <CPhysicsMaterial id="MetalProtoss">
        <Density value="2400.000000"/>
        <Friction value="0.700000"/>
        <Restitution value="0.100000"/>
        <LinearDamping value="0.010000"/>
        <AngularDamping value="0.010000"/>
    </CPhysicsMaterial>
    <CPhysicsMaterial id="Paper">
        <Density value="200.000000"/>
        <Friction value="0.500000"/>
        <LinearDamping value="0.500000"/>
        <AngularDamping value="0.250000"/>
    </CPhysicsMaterial>
    <CPhysicsMaterial id="Plastic">
        <Density value="800.000000"/>
        <Friction value="0.200000"/>
        <Restitution value="0.300000"/>
        <LinearDamping value="0.010000"/>
        <AngularDamping value="0.010000"/>
    </CPhysicsMaterial>
    <CPhysicsMaterial id="Rock">
        <Density value="2600.000000"/>
        <Friction value="0.500000"/>
        <Restitution value="0.100000"/>
        <LinearDamping value="0.010000"/>
        <AngularDamping value="0.010000"/>
    </CPhysicsMaterial>
    <CPhysicsMaterial id="Rubber">
        <Density value="900.000000"/>
        <Friction value="0.800000"/>
        <Restitution value="0.800000"/>
        <LinearDamping value="0.200000"/>
        <AngularDamping value="0.200000"/>
    </CPhysicsMaterial>
    <CPhysicsMaterial id="Sand">
        <Density value="1800.000000"/>
        <Friction value="0.500000"/>
        <Restitution value="0.050000"/>
        <LinearDamping value="0.010000"/>
        <AngularDamping value="0.010000"/>
    </CPhysicsMaterial>
    <CPhysicsMaterial id="Snow">
        <Density value="500.000000"/>
        <Friction value="0.400000"/>
        <LinearDamping value="0.200000"/>
    </CPhysicsMaterial>
    <CPhysicsMaterial id="Water">
        <Friction value="0.000000"/>
        <Restitution value="0.050000"/>
    </CPhysicsMaterial>
    <CPhysicsMaterial id="Wood">
        <Density value="700.000000"/>
        <Friction value="0.200000"/>
        <Restitution value="0.200000"/>
        <LinearDamping value="0.020000"/>
        <AngularDamping value="0.020000"/>
    </CPhysicsMaterial>
    <!-- ======================================================================================= -->
</Catalog>
