<?xml version="1.0" encoding="us-ascii"?>
<Catalog>
    <CRace default="1">
        <Name value="Race/Name/##id##"/>
        <StartLocationAlert value="StartLocation"/>
        <GameMusic value="Music_##id##Low"/>
        <FoodCeiling value="200"/>
        <ShowResource index="Minerals" value="1"/>
        <ShowResource index="Vespene" value="1"/>
        <MiniMapBorderColor value="255,0,0,0" />
        <PlacementGridColorBlindColor value="255,200,128,32" />
    </CRace>
    <CRace id="Neut">
        <AttributeId value="Neut"/>
    </CRace>
</Catalog>
