<?xml version="1.0" encoding="us-ascii"?>
<Catalog>
    <CRequirementNode default="1">
        <Tooltip value="RequirementNode/Tooltip/##id##"/>
    </CRequirementNode>
    <CRequirementGT default="1"/>
    <CRequirementLT default="1"/>
    <CRequirementGTE default="1"/>
    <CRequirementLTE default="1"/>
    <CRequirementEq default="1"/>
    <CRequirementNE default="1"/>
    <CRequirementAnd default="1"/>
    <CRequirementOr default="1"/>
    <CRequirementXor default="1"/>
    <CRequirementNot default="1"/>
    <CRequirementOdd default="1"/>
    <CRequirementDiv default="1"/>
    <CRequirementMod default="1"/>
    <CRequirementMul default="1"/>
    <CRequirementSum default="1"/>
    <CRequirementConst default="1"/>
    <CRequirementAllowAbil default="1"/>
    <CRequirementAllowBehavior default="1"/>
    <CRequirementAllowUnit default="1"/>
    <CRequirementAllowUpgrade default="1"/>
    <CRequirementCountAbil default="1">
        <Flags index="TechTreeCheat" value="1"/>
    </CRequirementCountAbil>
    <CRequirementCountBehavior default="1">
        <Flags index="TechTreeCheat" value="1"/>
    </CRequirementCountBehavior>
    <CRequirementCountUnit default="1">
        <Flags index="TechTreeCheat" value="1"/>
    </CRequirementCountUnit>
    <CRequirementCountUpgrade default="1">
        <Flags index="TechTreeCheat" value="1"/>
    </CRequirementCountUpgrade>
</Catalog>
