<?xml version="1.0" encoding="us-ascii"?>
<Catalog>
    <CTargetSort default="1">
        <WhichUnit Value="Unknown"/>
    </CTargetSort>
    <CTargetSortAlliance id="TSAlliancePassive"/>
    <CTargetSortAlliance id="TSAllianceVision">
        <Alliance value="Vision"/>
    </CTargetSortAlliance>
    <CTargetSortAlliance id="TSAllianceControl">
        <Alliance value="Control"/>
    </CTargetSortAlliance>
    <CTargetSortAngle id="TSAngle"/>
    <CTargetSortChargeCount id="TSChargeCount"/>
    <CTargetSortChargeRegen id="TSChargeRegen"/>
    <CTargetSortCooldown id="TSCooldown"/>
    <CTargetSortDistance id="TSDistance"/>
    <CTargetSortDistance id="TSDistanceToTarget">
        <WhichLocation Value="TargetUnitOrPoint"/>
    </CTargetSortDistance>
    <CTargetSortDistance id="TSFarthestDistance">
        <Descending value="1"/>
    </CTargetSortDistance>
    <CTargetSortInterruptible id="TSInterruptible">
        <Value value="1"/>
    </CTargetSortInterruptible>
    <CTargetSortMarker id="TSMarker"/>
    <CTargetSortRandom id="TSRandom"/>
    <CTargetSortPowerSourceLevel id="TSPowerSource"/>
    <CTargetSortPowerUserLevel id="TSPowerUser"/>
    <CTargetSortPriority id="TSPriority"/>
    <CTargetSortVital id="TSLife"/>
    <CTargetSortVital id="TSLifeLargestFirst">
        <Descending value="1"/>
    </CTargetSortVital>
    <CTargetSortVital id="TSShields">
        <Vital value="Shields"/>
    </CTargetSortVital>
    <CTargetSortVital id="TSEnergy">
        <Vital value="Energy"/>
    </CTargetSortVital>
    <CTargetSortVitalFraction id="TSLifeFraction"/>
    <CTargetSortVitalFraction id="TSShieldsFraction">
        <Vital value="Shields"/>
    </CTargetSortVitalFraction>
    <CTargetSortVitalFraction id="TSEnergyFraction">
        <Vital value="Energy"/>
    </CTargetSortVitalFraction>
</Catalog>
