<?xml version="1.0" encoding="us-ascii"?>
<Catalog>
    <CTerrain default="1">
        <Name value="Terrain/Name/##id##"/>
        <Lighting value="##id##"/>
        <Camera value="Dflt"/>
        <Ambience value="Ambience_Map##id##"/>
        <ReverbGlobal value="Off"/>
        <ReverbAmbient value="Off"/>
        <SoundDistanceFactor value="1.000000"/>
        <SoundDopplerFactor value="1.000000"/>
        <SoundRolloffFactor value="1.000000"/>
        <TilingFreq value="4.000000"/>
        <POMScale value="0.03"/>
        <MinimapBackgroundColor value="0,0,0"/>
        <FOWColor value="0,0,0"/>
        <FogColor value="0,0,0"/>
        <FogDensity value="0"/>
        <FogFalloff value="0"/>
        <FogStartingHeight value="0"/>
        <FogNearPlane value="0"/>
        <FogFarPlane value="0"/>
        <FogDistanceFalloff value="0"/>
        <Gravity value="-9.800000"/>
        <PhysicsTimeScale value="1.0"/>
        <WindAngleHorizontal value="90"/>
        <WindAngleVertical value="0"/>
        <WindSpeed value="0.75"/>
        <WindTurbulencePower value="2"/>
        <WindTurbulenceSpeed value="0.05"/>
        <EnvironmentMap value="" />
        <CreepBaseTexture value="Assets\Textures\Creep.dds"/>
        <CreepBaseSpecularMap value="Assets\Textures\CreepSpecularMask.dds"/>
        <CreepEdgeNormalMap value="Assets\Textures\CreepEdgeNormal.dds"/>
        <CreepHeightMap value="Assets\Textures\CreepHeight.dds"/>
        <CreepNoiseMap value="Assets\Textures\CreepNoise.dds"/>
        <!--
        <CreepSettingsArray index="Off" CreepTranslucentMinThreshold="0.050000" CreepNoiseStrength="0.450000"/>
        <CreepSettingsArray index="On" CreepTranslucentMinThreshold="0.050000" CreepNoiseStrength="0.450000"/>
        -->
        <CreepSettingsArray index="Low" CreepTranslucentMinThreshold="0.050000" CreepNoiseStrength="0.450000" CreepGroundNormalBlend="0.0"/>
        <CreepSettingsArray index="Medium" CreepTranslucentMinThreshold="0.050000" CreepNoiseStrength="0.450000" CreepGroundNormalBlend="0.0"/>
        <CreepSettingsArray index="High" CreepTranslucentMinThreshold="0.050000" CreepNoiseStrength="0.450000" CreepGroundNormalBlend="0.0"/>
        <CreepSettingsArray index="Ultra" CreepTranslucentMinThreshold="0.050000" CreepNoiseStrength="0.450000" CreepGroundNormalBlend="0.0"/>
        <CreepSettingsArray index="Extreme" CreepTranslucentMinThreshold="0.050000" CreepNoiseStrength="0.450000" CreepGroundNormalBlend="0.0"/>
        <FoliageSettingsArray index="Low">
            <SamplingDistance index="Grass" value="2.000000"/>
            <SamplingDistance index="Shrubs" value="2.000000"/>
            <SamplingDistance index="Trees" value="2.000000"/>
        </FoliageSettingsArray>
        <FoliageSettingsArray index="Medium">
            <SamplingDistance index="Grass" value="2.000000"/>
            <SamplingDistance index="Shrubs" value="0.750000"/>
            <SamplingDistance index="Trees" value="2.000000"/>
            <AcceptWorldForces index="Shrubs" value="1"/>
        </FoliageSettingsArray>
        <FoliageSettingsArray index="High">
            <SamplingDistance index="Grass" value="2.000000"/>
            <SamplingDistance index="Shrubs" value="0.750000"/>
            <SamplingDistance index="Trees" value="1.000000"/>
            <AcceptWorldForces index="Shrubs" value="1"/>
            <AcceptWorldForces index="Trees" value="1"/>
        </FoliageSettingsArray>
        <FoliageSettingsArray index="Ultra">
            <SamplingDistance index="Grass" value="0.750000"/>
            <SamplingDistance index="Shrubs" value="0.750000"/>
            <SamplingDistance index="Trees" value="1.000000"/>
            <AcceptWorldForces index="Grass" value="1"/>
            <AcceptWorldForces index="Shrubs" value="1"/>
            <AcceptWorldForces index="Trees" value="1"/>
        </FoliageSettingsArray>
        <HeightFlags index="AirSmoothing" value="1"/>
    </CTerrain>
</Catalog>
