<?xml version="1.0" encoding="us-ascii"?>
<Catalog>
    <CUpgrade default="1">
        <Flags index="UpgradeCheat" value="1"/>
        <Name value="Upgrade/Name/##id##"/>
        <MaxLevel value="1"/>
        <Alert value="UpgradeComplete"/>
        <ScoreCount value="MiscTechnologyCount"/>
        <ScoreValue value="MiscTechnologyValue"/>
        <WebPriority value="1"/>
        <LeaderAlias value="##id##"/>
    </CUpgrade>
    <CUpgrade id="Research" default="1">
        <InfoTooltipPriority value="1"/>
        <Alert value="ResearchComplete"/>
    </CUpgrade>
</Catalog>
