<?xml version="1.0" encoding="us-ascii"?>
<Catalog>
    <CWeapon default="1">
        <Name value="Weapon/Name/##id##"/>
        <EditorCategories value="Race:Neutral"/>
        <InfoTooltipPriority value="1"/>
        <Icon value="Assets\Textures\btn-missing-kaeo.dds"/>
        <Tip value="Weapon/Tip/##id##"/>
        <DisplayEffect value="##id##"/>
        <DisplayAttackCount value="0"/>
        <MinScanRange value="5"/>
        <Range value="5"/>
        <RangeSlop value="1"/>
        <TeleportResetRange value="500"/>
        <ArcSlop value="11.25"/>
        <Period value="0.8332"/>
        <DamagePoint value="0.167"/>
        <Backswing value="0.5"/>
        <Options index="CanInitiateAttackOrder" value="1"/>
        <Options index="OnlyFireWhileInAttackOrder" value="1"/>
        <Options index="OnlyFireAtAttackOrderTarget" value="1"/>
        <Options index="RequireEnabledAttackAbil" value="1"/>
        <Options index="LinkedCooldown" value="1"/>
        <Marker Link="Weapon/##id##"/>
        <Cost>
            <Cooldown Link="Weapon/##id##"/>
        </Cost>
        <TargetFilters value="Visible;-"/>
    </CWeapon>
    <CWeaponLegacy default="1">
        <LegacyOptions index="FaceTargetWhileInCooldown" value="1"/>
        <RandomDelayMin value="-0.0625"/>
        <RandomDelayMax value="0.125"/>
        <Effect value="##id##"/>
    </CWeaponLegacy>
    <CWeaponStrafe default="1">
        <LoiterInnerRadius value="2"/>
        <LoiterRadius value="4"/>
        <Effect value="##id##"/>
    </CWeaponStrafe>
</Catalog>
